# Made in Blockbench 4.12.0-beta.3
mtllib block.mtl

o shaft
v 0.3750000000000002 1 0.375
v 0.6250000000000002 1 0.375
v 0.6249999999999998 0 0.375
v 0.3749999999999998 5.551115123125783e-17 0.375
v 0.3750000000000002 1 0.625
v 0.3749999999999998 5.551115123125783e-17 0.625
v 0.6250000000000002 1 0.625
v 0.6249999999999998 0 0.625
vt 0.375 0
vt 0.625 0
vt 0.625 1
vt 0.375 1
vt 0.375 0
vt 0.625 0
vt 0.625 1
vt 0.375 1
vt 0.375 0
vt 0.625 0
vt 0.625 1
vt 0.375 1
vt 0.375 0
vt 0.625 0
vt 0.625 1
vt 0.375 1
vt 0.375 0.375
vt 0.625 0.375
vt 0.625 0.625
vt 0.375 0.625
vt 0.375 0.375
vt 0.625 0.375
vt 0.625 0.625
vt 0.375 0.625
vn 0 0 -1
vn -1 4.440892098500626e-16 0
vn 0 0 1
vn 1 -4.440892098500626e-16 0
vn -2.220446049250313e-16 -1 0
vn 0 1 0
usemtl m_7c6aab4a-f50e-4807-a152-81f7092118e5
f 1/1/1 2/2/1 3/3/1 4/4/1
f 5/5/2 1/6/2 4/7/2 6/8/2
f 7/9/3 5/10/3 6/11/3 8/12/3
f 2/13/4 7/14/4 8/15/4 3/16/4
usemtl m_dffce1a3-9427-9411-6bc7-a281d292efe4
f 8/17/5 6/18/5 4/19/5 3/20/5
f 2/21/6 1/22/6 5/23/6 7/24/6
o spokes
v 1.1062445229399445 0.9440568594324787 -0.9807692307692305
v 1.4379752921707136 0.25655715035977666 0.8883252147247767
v 0.8888005068954903 0.2565571503597766 1.4375
v 0.5004752921707136 0.25655715035977655 0.5
v 1.4379752921707136 0.7565571503597767 0.8883252147247767
v 0.8888005068954902 0.7565571503597766 1.4375
v 0.5004752921707136 0.7565571503597766 0.5
v 1.4379752921707136 0.25655715035977666 0.11167478527522351
v 1.4379752921707136 0.7565571503597767 0.11167478527522351
v 0.8888005068954904 0.2565571503597766 -0.4374999999999999
v 0.8888005068954903 0.7565571503597766 -0.4374999999999999
v 0.11215007744593714 0.2565571503597765 -0.4374999999999999
v 0.11215007744593702 0.7565571503597766 -0.4374999999999999
v -0.43702470782928615 0.25655715035977644 0.1116747852752229
v -0.43702470782928615 0.7565571503597764 0.1116747852752229
v -0.43702470782928615 0.25655715035977644 0.8883252147247769
v -0.43702470782928615 0.7565571503597764 0.8883252147247769
v 0.11215007744593636 0.2565571503597765 1.4375
v 0.11215007744593625 0.7565571503597766 1.4375
v 1.2408599075553286 0.06905744128707403 2.2499941655706914
v 2.2504752921707136 0.06905718676528338 1.2403846153846154
v 2.2504752921707136 0.9440571139542697 1.2403846153846154
v 1.2408599075553286 0.9440573687929424 2.25
v 1.106244522939944 0.9440568594324787 1.9807692307692308
v 1.9812445229399445 0.9440571139542706 1.1057692307692308
v 1.9812445229399445 0.06905718676528333 1.1057692307692308
v 1.106244522939944 0.06905693192661083 1.9807692307692308
v 2.2504752921707136 0.06905718676528338 -0.2403846153846153
v 2.2504752921707136 0.9440571139542706 -0.2403846153846153
v 1.9812445229399445 0.9440571139542706 -0.10576923076923073
v 1.9812445229399445 0.06905718676528333 -0.10576923076923073
v 1.2408599075553295 0.06905744128707403 -1.2499941655706923
v 1.2408599075553295 0.9440573687929424 -1.2499999999999987
v 1.1062445229399445 0.06905693192661061 -0.9807692307692305
v -0.23990932321390113 0.0690574412870738 -1.2499941655706928
v -0.23990932321390113 0.9440573687929422 -1.2499999999999996
v -0.10529393859851655 0.9440568594324787 -0.9807692307692305
v -0.10529393859851699 0.0690569319266105 -0.9807692307692305
v -1.2495247078292864 0.06905718676528294 -0.24038461538461575
v -1.2495247078292864 0.9440571139542702 -0.24038461538461575
v -0.9802939385985167 0.9440571139542702 -0.10576923076923117
v -0.9802939385985167 0.06905718676528255 -0.10576923076923117
v -1.2495247078292864 0.06905718676528294 1.240384615384615
v -1.2495247078292864 0.9440571139542702 1.240384615384615
v -0.9802939385985167 0.9440571139542702 1.1057692307692304
v -0.9802939385985167 0.069057186765283 1.1057692307692304
v -0.23990932321390224 0.0690574412870738 2.2499941655706914
v -0.23990932321390224 0.9440573687929422 2.25
v -0.10529393859851743 0.9440568594324787 1.9807692307692308
v -0.10529393859851743 0.06905693192661072 1.9807692307692308
v 0.303366768435357 0.16047258053780056 -1.3732832850800087
v 0.17709770036633055 0.28674164860682716 -1.3732832850800087
v 0.7295248731683209 0.8391688214088171 -1.3732832850800087
v 0.8557939412373474 0.7128997533397906 -1.3732832850800087
v 0.303366768435357 0.16047258053780056 -1.19471185650858
v 0.8557939412373474 0.7128997533397906 -1.19471185650858
v 0.17709770036633055 0.28674164860682716 -1.19471185650858
v 0.7295248731683209 0.8391688214088171 -1.19471185650858
v 0.21690753154920395 0.553835802313948 -1.0339975707942943
v 0.21690753154920395 0.553835802313948 -1.5339975707942948
v 0.4624307194611997 0.7993589902259438 -1.0339975707942943
v 0.4624307194611997 0.7993589902259438 -1.5339975707942948
v 0.5704609221424778 0.2002824117206743 -1.0339975707942943
v 0.5704609221424778 0.2002824117206743 -1.5339975707942948
v 0.8159841100544735 0.44580559963267 -1.0339975707942943
v 0.8159841100544735 0.44580559963267 -1.5339975707942948
v 0.6735806610655161 0.8337322365336232 -1.4089975707942943
v 0.6735806610655161 0.8337322365336232 -1.1589975707942943
v 0.4624307194611997 0.7993589902259438 -1.5339975707942948
v 0.4624307194611997 0.7993589902259438 -1.0339975707942943
v 0.8503573563621529 0.6569555412369863 -1.4089975707942943
v 0.8503573563621529 0.6569555412369863 -1.1589975707942943
v 0.8159841100544735 0.44580559963267 -1.5339975707942948
v 0.8159841100544735 0.44580559963267 -1.0339975707942943
v 0.1825342852415246 0.3426858607096318 -1.1589975707942943
v 0.1825342852415246 0.3426858607096318 -1.4089975707942943
v 0.21690753154920395 0.553835802313948 -1.0339975707942943
v 0.21690753154920395 0.553835802313948 -1.5339975707942948
v 0.35931098053816146 0.16590916541299494 -1.1589975707942943
v 0.35931098053816146 0.16590916541299494 -1.4089975707942943
v 0.5704609221424778 0.2002824117206743 -1.0339975707942943
v 0.5704609221424778 0.2002824117206743 -1.5339975707942948
v 1.0308053780606246 0.1940571503597766 0.9419417382415921
v 0.9424170304123061 0.1940571503597766 1.030330085889911
v 0.9424170304123061 0.8190571503597766 1.0303300858899105
v 1.0308053780606246 0.8190571503597766 0.941941738241592
v 1.119193725708943 0.1940571503597766 1.0303300858899105
v 1.1191937257089433 0.8190571503597766 1.0303300858899105
v 1.0308053780606246 0.1940571503597766 1.1187184335382292
v 1.0308053780606246 0.8190571503597766 1.1187184335382292
v 0.9424170304123063 0.19405715035977672 -0.030330085889910596
v 1.0308053780606248 0.19405715035977672 0.058058261758408
v 1.0308053780606246 0.8190571503597767 0.05805826175840789
v 0.9424170304123058 0.8190571503597767 -0.030330085889910596
v 1.0308053780606246 0.19405715035977672 -0.11871843353822908
v 1.0308053780606246 0.8190571503597768 -0.11871843353822908
v 1.1191937257089433 0.19405715035977672 -0.030330085889910374
v 1.119193725708943 0.8190571503597768 -0.030330085889910596
v -0.02985479371919708 0.1940571503597766 0.058058261758408
v 0.058533553929121684 0.1940571503597766 -0.030330085889910596
v 0.05853355392912135 0.8190571503597766 -0.030330085889910374
v -0.02985479371919708 0.8190571503597766 0.05805826175840828
v -0.11824314136751535 0.1940571503597766 -0.030330085889910152
v -0.11824314136751579 0.8190571503597766 -0.03033008588990993
v -0.02985479371919686 0.1940571503597766 -0.11871843353822886
v -0.02985479371919708 0.8190571503597766 -0.11871843353822864
v 0.05853356510499258 0.1940571503597765 1.0303300952031362
v -0.029854784405971335 0.1940571503597765 0.9419417494174628
v -0.029854784405971113 0.8190571503597766 0.9419417494174629
v 0.05853356510499258 0.8190571503597766 1.0303300952031362
v -0.029854780680680815 0.1940571503597765 1.1187184447140996
v -0.029854780680680593 0.8190571503597766 1.1187184447141
v -0.11824313019164445 0.1940571503597765 1.0303300989284265
v -0.11824313019164445 0.8190571503597766 1.0303300989284265
v 0.6765611981199933 0.07686965035977633 0.23316724404391154
v 0.7649495457683116 0.07686965035977639 0.14477889639559305
v 0.8533378934166301 0.07686965035977639 0.23316724404391154
v 0.7649495457683118 0.07686965035977639 0.32155559169222997
v 0.7649495457683118 0.9362446503597766 0.3215555916922298
v 0.8533378934166302 0.9362446503597763 0.23316724404391131
v 0.7649495457683118 0.9362446503597763 0.14477889639559294
v 0.6765611981199933 0.9362446503597764 0.23316724404391137
v 1.2510854578340627 0.13825357893120527 0.012196374923115427
v 0.9417262410649482 0.1382535789312052 0.32155559169223
v 0.6765611981199928 0.13825357893120516 0.05639054874727478
v 0.9859204148891072 0.1382535789312052 -0.2529686680218398
v 0.9859204148891072 0.874860721788348 -0.25296866802183937
v 0.6765611981199928 0.8748607217883477 0.05639054874727489
v 0.9417262410649483 0.8748607217883477 0.32155559169223014
v 1.2510854578340629 0.8748607217883481 0.012196374923115538
v 0.9417262410649483 0.1382535789312052 0.32155559169223014
v 0.676561198119993 0.13825357893120516 0.05639054874727489
v 0.676561198119993 0.8748607217883477 0.05639054874727478
v 0.9417262410649484 0.8748607217883477 0.32155559169223
v 0.32300780752671926 0.13825357893120516 0.05639054874727495
v 0.32300780752671926 0.8748607217883477 0.05639054874727478
v 0.8643678753196635 0.8748607217883477 0.34731725949780884
v 0.6507999722561523 0.8748607217883477 0.13374935643429764
v 0.057842764581763795 0.13825357893120488 0.32155559169223047
v 0.05784276458176402 0.874860721788348 0.32155559169223014
v 0.3487690333905599 0.8748607217883477 0.13374935643429786
v 0.057842764581763795 0.13825357893120488 0.6751089822855042
v 0.05784276458176402 0.874860721788348 0.6751089822855039
v 0.13520113032704867 0.874860721788348 0.34731725949780906
v 0.32300780752671915 0.13825357893120493 0.9402740252304594
v 0.32300780752671937 0.874860721788348 0.9402740252304591
v 0.13520157226878687 0.874860721788348 0.6493477564216631
v 0.6765611981199928 0.13825357893120493 0.9402740252304594
v 0.676561198119993 0.874860721788348 0.9402740252304591
v 0.34876947533229813 0.874860721788348 0.8629156594851743
v 0.9417262410649483 0.1382535789312052 0.6751089822855039
v 0.9417262410649483 0.8748607217883477 0.6751089822855038
v 0.6507999722561524 0.874860721788348 0.8629152175434363
v 0.8643678753196635 0.8748607217883477 0.649347314479925
v 0.49978450282335635 0.874860721788348 0.4983322869888668
v 0.49978450282335635 0.13825357893120493 0.49833228698886695
v 0.6507995303144143 0.13825357893120516 0.13374891449255977
v 0.8643674333779254 0.1382535789312052 0.3473168175560709
v 0.8643674333779253 0.1382535789312052 0.6493477564216633
v 0.6507995303144141 0.13825357893120493 0.8629156594851746
v 0.34876903339056003 0.13825357893120493 0.8629152175434364
v 0.1352011303270489 0.13825357893120488 0.6493473144799252
v 0.13520113032704867 0.13825357893120488 0.3473172594978092
v 0.3487690333905598 0.13825357893120516 0.13374935643429797
v -0.030545583066554638 0.1382535789312051 -0.2971628418459987
v 0.32300780752671926 0.13825357893120516 0.05639054874727495
v 0.057842764581763795 0.13825357893120488 0.32155559169223047
v -0.2957106260115101 0.13825357893120482 -0.03199779890104326
v -0.29571062601150966 0.8748607217883478 -0.031997798901043484
v 0.05784276458176402 0.874860721788348 0.32155559169223014
v 0.32300780752671915 0.8748607217883477 0.05639054874727495
v -0.030545583066554638 0.8748607217883477 -0.2971628418459987
v 0.14623111223008262 0.07686965035977628 0.23316724404391154
v 0.234619459878401 0.07686965035977672 0.14477889639559322
v 0.32300780752671937 0.07686965035977678 0.2331672440439116
v 0.2346194598784011 0.07686965035977628 0.3215555916922299
v 0.234619459878401 0.9362446503597763 0.3215555916922299
v 0.3230078075267195 0.9362446503597764 0.23316724404391148
v 0.234619459878401 0.9362446503597763 0.14477889639559305
v 0.1462311122300825 0.9362446503597763 0.23316724404391154
v 0.14623111223008273 0.07686965035977628 0.4983322869888668
v 0.499784502823356 0.07686965035977655 0.14477889639559338
v 0.8533378934166298 0.07686965035977661 0.4983322869888671
v 0.49978450282335646 0.07686965035977633 0.8518856775821405
v 0.49978450282335635 0.9362446503597766 0.8518856775821405
v 0.8533378934166298 0.9362446503597766 0.498332286988867
v 0.499784502823356 0.9362446503597764 0.14477889639559327
v 0.14623111223008262 0.9362446503597766 0.4983322869888668
v 0.14623111223008262 0.07686965035977628 0.7634973299338221
v 0.2346194598784011 0.07686965035977628 0.6751089822855036
v 0.3230078075267196 0.07686965035977633 0.7634973299338221
v 0.2346194598784011 0.07686965035977628 0.8518856775821405
v 0.234619459878401 0.9362446503597766 0.8518856775821405
v 0.3230078075267195 0.9362446503597766 0.7634973299338221
v 0.234619459878401 0.9362446503597766 0.6751089822855036
v 0.1462311122300825 0.9362446503597766 0.7634973299338221
v -0.29571062601150944 0.13825357893120482 1.0286623728787787
v 0.05784276458176424 0.13825357893120488 0.6751089822855046
v 0.3230078075267199 0.13825357893120493 0.9402740252304596
v -0.03054558306655375 0.13825357893120488 1.2938274158237335
v -0.030545583066553972 0.8748607217883477 1.2938274158237335
v 0.3230078075267197 0.874860721788348 0.9402740252304594
v 0.05784276458176402 0.874860721788348 0.6751089822855045
v -0.29571062601150966 0.8748607217883476 1.0286623728787783
v 0.6765611981199933 0.07686965035977633 0.7634973299338221
v 0.7649495457683116 0.07686965035977683 0.6751089822855038
v 0.85333789341663 0.07686965035977683 0.7634973299338221
v 0.7649495457683118 0.07686965035977639 0.8518856775821405
v 0.7649495457683116 0.9362446503597766 0.8518856775821405
v 0.85333789341663 0.9362446503597766 0.763497329933822
v 0.7649495457683116 0.9362446503597766 0.6751089822855036
v 0.6765611981199933 0.9362446503597764 0.7634973299338221
v 1.0301145887132674 0.138253578931205 1.2938274158237326
v 0.6765611981199933 0.13825357893120493 0.9402740252304593
v 0.9417262410649485 0.1382535789312052 0.6751089822855034
v 1.2952796316582225 0.13825357893120527 1.0286623728787774
v 1.2952796316582222 0.8748607217883478 1.0286623728787774
v 0.9417262410649483 0.8748607217883477 0.6751089822855036
v 0.6765611981199933 0.874860721788348 0.9402740252304593
v 1.0301145887132672 0.874860721788348 1.293827415823733
v 1.0308053780606246 0.06905715035977661 0.9419417382415921
v 0.9424170304123061 0.06905715035977661 1.030330085889911
v 0.9424170304123061 0.9440571503597766 1.0303300858899105
v 1.0308053780606246 0.9440571503597766 0.941941738241592
v 1.119193725708943 0.06905715035977661 1.0303300858899105
v 1.1191937257089433 0.9440571503597766 1.0303300858899105
v 1.0308053780606246 0.06905715035977661 1.1187184335382292
v 1.0308053780606246 0.9440571503597766 1.1187184335382292
v 0.05853356510499258 0.0690571503597765 1.0303300952031362
v -0.029854784405971335 0.0690571503597765 0.9419417494174628
v -0.029854784405971113 0.9440571503597766 0.9419417494174629
v 0.05853356510499258 0.9440571503597766 1.0303300952031362
v -0.029854780680680815 0.0690571503597765 1.1187184447140996
v -0.029854780680680593 0.9440571503597766 1.1187184447141
v -0.11824313019164445 0.0690571503597765 1.0303300989284265
v -0.11824313019164445 0.9440571503597766 1.0303300989284265
v -0.02985479371919708 0.06905715035977661 0.058058261758408
v 0.058533553929121684 0.06905715035977661 -0.030330085889910596
v 0.05853355392912135 0.9440571503597766 -0.030330085889910374
v -0.02985479371919708 0.9440571503597766 0.058058261758408336
v -0.11824314136751535 0.06905715035977661 -0.030330085889910374
v -0.11824314136751579 0.9440571503597766 -0.03033008588990993
v -0.02985479371919686 0.06905715035977661 -0.11871843353822886
v -0.02985479371919708 0.9440571503597766 -0.11871843353822864
v 0.9424170304123063 0.06905715035977672 -0.030330085889910596
v 1.0308053780606248 0.06905715035977672 0.058058261758408
v 1.0308053780606246 0.9440571503597767 0.05805826175840789
v 0.9424170304123058 0.9440571503597767 -0.030330085889910596
v 1.0308053780606246 0.06905715035977672 -0.11871843353822908
v 1.0308053780606246 0.9440571503597767 -0.11871843353822908
v 1.1191937257089433 0.06905715035977672 -0.030330085889910374
v 1.119193725708943 0.9440571503597767 -0.030330085889910596
v 0.0700065421707135 0.0695779836931098 -1.49609375
v 0.07000654217071389 0.3977029836931098 -1.49609375
v 0.44500654217071395 0.06957798369310986 -1.49609375
v 0.44500654217071395 0.06957798369310986 -1.05859375
v 0.0700065421707135 0.0695779836931098 -1.05859375
v 0.07000654217071389 0.3977029836931098 -1.05859375
v 1.147683983378675 0.1315571503597766 2.0558461792057057
v 2.0563214713764193 0.13155715035977672 1.1472086912079615
v 2.062975292170714 0.8815571503597768 1.1472086912079615
v 1.147683983378675 0.8815571503597766 2.0625
v 1.083334624003303 0.8815571503597766 1.9071469038659568
v 1.9076221960366704 0.8815571503597768 1.0828593318325894
v 1.9142760168309647 0.13155715035977672 1.0828593318325894
v 1.083334624003303 0.1315571503597766 1.9138007246602515
v 2.0563214713764193 0.13155715035977672 -0.14720869120796098
v 2.062975292170714 0.8815571503597768 -0.14720869120796098
v 1.9076221960366704 0.8815571503597768 -0.08285933183258887
v 1.9142760168309647 0.13155715035977672 -0.08285933183258887
v 1.1476839833786752 0.1315571503597766 -1.0558461792057057
v 1.1476839833786752 0.8815571503597766 -1.0625000000000004
v 1.083334624003303 0.8815571503597766 -0.9071469038659564
v 1.083334624003303 0.1315571503597766 -0.9138007246602512
v -0.14673339903724725 0.1315571503597765 -1.0558461792057057
v -0.14673339903724725 0.8815571503597766 -1.0625000000000004
v -0.08238403966187513 0.8815571503597766 -0.9071469038659569
v -0.08238403966187513 0.1315571503597765 -0.9138007246602516
v -1.0553708870349916 0.1315571503597764 -0.14720869120796187
v -1.0620247078292864 0.8815571503597763 -0.14720869120796187
v -0.9066716116952426 0.8815571503597763 -0.08285933183258998
v -0.9133254324895373 0.1315571503597764 -0.08285933183258998
v -1.055370887034992 0.1315571503597764 1.1472086912079615
v -1.0620247078292864 0.8815571503597763 1.1472086912079615
v -0.9066716116952426 0.8815571503597763 1.0828593318325894
v -0.9133254324895373 0.1315571503597764 1.0828593318325894
v -0.14673339903724858 0.1315571503597765 2.0558461792057057
v -0.14673339903724858 0.8815571503597766 2.0625
v -0.08238403966187602 0.8815571503597766 1.9071469038659563
v -0.08238403966187602 0.1315571503597765 1.913800724660251
v -0.08789624529106899 0.7565571503597766 1.9204545454545454
v -0.9199792532838317 0.7565571503597763 1.088371537461783
v -0.9199792532838317 0.2565571503597764 1.088371537461783
v -0.08789624529106899 0.25655715035977644 1.9204545454545454
v 0.11809721910025722 0.2565571503597765 1.423142329960787
v -0.422667037790073 0.25655715035977644 0.8823780730704571
v -0.422667037790073 0.7565571503597764 0.8823780730704571
v 0.11809721910025711 0.7565571503597766 1.423142329960787
v -0.9199792532838317 0.7565571503597763 -0.08837153746178272
v -0.9199792532838317 0.2565571503597764 -0.08837153746178272
v -0.422667037790073 0.25655715035977644 0.11762192692954382
v -0.422667037790073 0.7565571503597764 0.11762192692954382
v -0.08789624529106899 0.7565571503597766 -0.9204545454545455
v -0.08789624529106899 0.25655715035977644 -0.9204545454545455
v 0.11809721910025722 0.2565571503597765 -0.42314232996078693
v 0.11809721910025711 0.7565571503597766 -0.42314232996078693
v 1.0888468296324967 0.7565571503597766 -0.9204545454545455
v 1.0888468296324967 0.25655715035977666 -0.9204545454545455
v 0.8828533652411706 0.2565571503597766 -0.42314232996078693
v 0.8828533652411705 0.7565571503597766 -0.42314232996078693
v 1.9209298376252595 0.7565571503597768 -0.08837153746178383
v 1.9209298376252595 0.2565571503597767 -0.08837153746178383
v 1.4236176221315007 0.25655715035977666 0.11762192692954282
v 1.4236176221315007 0.7565571503597767 0.11762192692954282
v 1.9209298376252595 0.7565571503597768 1.088371537461783
v 1.9209298376252595 0.2565571503597767 1.088371537461783
v 1.4236176221315007 0.25655715035977666 0.8823780730704571
v 1.4236176221315007 0.7565571503597767 0.8823780730704571
v 1.0888468296324976 0.7565571503597766 1.9204545454545454
v 1.0888468296324976 0.25655715035977666 1.9204545454545454
v 0.8828533652411714 0.2565571503597766 1.423142329960787
v 0.8828533652411713 0.7565571503597766 1.423142329960787
v 1.4237707467161682 0.1318696503597767 0.2869318181818182
v 1.9209298376252595 0.13186965035977677 0.2869318181818182
v 1.9209298376252595 0.13186965035977677 0.7130681818181819
v 1.4237707467161682 0.1318696503597767 0.7130681818181819
v 1.4237707467161687 0.8812446503597762 0.7130681818181819
v 1.9209298376252595 0.8812446503597762 0.7130681818181819
v 1.9209298376252595 0.8812446503597762 0.2869318181818182
v 1.4237707467161687 0.8812446503597762 0.2869318181818182
v 1.304005725337245 0.1318696503597767 1.0022065207290822
v 1.6555502898476022 0.13186965035977677 1.3537510852394394
v 1.3542263774101533 0.1318696503597767 1.655074997676889
v 1.0026818128997959 0.13186965035977688 1.3035304331665318
v 1.002681812899796 0.8812446503597764 1.3035304331665318
v 1.3542263774101535 0.8812446503597762 1.655074997676889
v 1.6555502898476022 0.8812446503597762 1.3537510852394394
v 1.3040057253372455 0.8812446503597762 1.0022065207290822
v 0.713543473988896 0.13186965035977682 1.4232954545454546
v 0.713543473988896 0.13186965035977682 1.9204545454545454
v 0.28740711035253236 0.13186965035977682 1.9204545454545454
v 0.28740711035253225 0.13186965035977682 1.4232954545454546
v 0.28740711035253225 0.8812446503597763 1.4232954545454546
v 0.28740711035253236 0.8812446503597763 1.9204545454545454
v 0.713543473988896 0.8812446503597763 1.9204545454545454
v 0.713543473988896 0.8812446503597763 1.4232954545454546
v -0.0017312285583683806 0.13186965035977677 1.3035304331665318
v -0.3532757930687258 0.13186965035977694 1.655074997676889
v -0.6545997055061749 0.13186965035977688 1.3537510852394403
v -0.30305514099581754 0.13186965035977694 1.0022065207290822
v -0.30305514099581754 0.8812446503597764 1.0022065207290822
v -0.6545997055061749 0.8812446503597764 1.3537510852394403
v -0.3532757930687256 0.8812446503597764 1.655074997676889
v -0.0017312285583679365 0.8812446503597762 1.3035304331665318
v -0.42282016237474074 0.13186965035977694 0.7130681818181819
v -0.9199792532838317 0.13186965035977688 0.7130681818181819
v -0.9199792532838317 0.13186965035977688 0.2869318181818182
v -0.42282016237474074 0.13186965035977694 0.2869318181818182
v -0.42282016237474074 0.8812446503597764 0.2869318181818182
v -0.9199792532838317 0.8812446503597764 0.2869318181818182
v -0.9199792532838317 0.8812446503597764 0.7130681818181819
v -0.42282016237474074 0.8812446503597764 0.7130681818181819
v -0.30305514099581754 0.13186965035977694 -0.0022065207290821176
v -0.6545997055061749 0.13186965035977688 -0.35375108523943977
v -0.3532757930687258 0.13186965035977694 -0.6550749976768891
v -0.0017312285583683806 0.13186965035977677 -0.3035304331665313
v -0.0017312285583679365 0.8812446503597762 -0.3035304331665313
v -0.3532757930687256 0.8812446503597764 -0.6550749976768891
v -0.6545997055061749 0.8812446503597764 -0.35375108523943977
v -0.30305514099581754 0.8812446503597764 -0.0022065207290821176
v 0.28740711035253225 0.13186965035977682 -0.4232954545454545
v 0.28740711035253236 0.13186965035977682 -0.9204545454545455
v 0.713543473988896 0.13186965035977682 -0.9204545454545455
v 0.713543473988896 0.13186965035977682 -0.4232954545454545
v 0.713543473988896 0.8812446503597763 -0.4232954545454545
v 0.713543473988896 0.8812446503597763 -0.9204545454545455
v 0.28740711035253236 0.8812446503597763 -0.9204545454545455
v 0.28740711035253225 0.8812446503597763 -0.4232954545454545
v 1.0026818128997959 0.13186965035977688 -0.3035304331665313
v 1.3542263774101533 0.1318696503597767 -0.6550749976768891
v 1.6555502898476022 0.13186965035977677 -0.3537510852394393
v 1.304005725337245 0.1318696503597767 -0.0022065207290821176
v 1.3040057253372455 0.8812446503597762 -0.0022065207290821176
v 1.6555502898476022 0.8812446503597762 -0.3537510852394393
v 1.3542263774101535 0.8812446503597762 -0.6550749976768891
v 1.002681812899796 0.8812446503597764 -0.3035304331665313
v 0.930944042170714 0.9435363170264432 -1.50390625
v 0.9309440421707138 0.6154113170264432 -1.50390625
v 0.5559440421707136 0.943536317026443 -1.50390625
v 0.5559440421707136 0.943536317026443 -1.06640625
v 0.930944042170714 0.9435363170264432 -1.06640625
v 0.9309440421707138 0.6154113170264432 -1.06640625
v -0.6610979829125084 0.06957798369310969 -1.179416901822791
v -0.661097982912508 0.39770298369310975 -1.179416901822791
v -0.3146431582207754 0.06957798369310975 -1.3229231889596997
v -0.18907515697598032 0.06957798369310975 -1.019775217354434
v -0.47573569536066773 0.06957798369310975 -0.7319127532626365
v -0.4757356953606673 0.39770298369310975 -0.7319127532626367
v -0.3985037159184668 0.16047258053780045 -1.1552579192694634
v -0.515161123496715 0.28674164860682705 -1.106936838899267
v -0.004784965341879888 0.8391688214088171 -1.3183415655188755
v 0.11187244223636794 0.7128997533397905 -1.3666626458890718
v -0.3301673887104146 0.16047258053780045 -0.9902794313210194
v 0.18020876944441988 0.7128997533397905 -1.2016841579406274
v -0.4468247962886627 0.28674164860682705 -0.941958350950823
v 0.063551361866172 0.8391688214088171 -1.1533630775704315
v -0.3485426135788299 0.553835802313948 -0.8087122746361602
v -0.5398843297613748 0.5538358023139479 -1.2706520408918034
v -0.12170876551001442 0.7993589902259437 -0.9026699309115417
v -0.31305048169255945 0.7993589902259437 -1.364609697167185
v -0.02190187235973573 0.20028241172067424 -0.9440112996727096
v -0.21324358854228076 0.20028241172067418 -1.405951065928353
v 0.20493197570907973 0.4458055996326699 -1.0379689559480911
v 0.013590259526534698 0.4458055996326699 -1.4999087222037342
v -0.07013794330774181 0.833732236533623 -1.3299283400001025
v 0.025532914783530425 0.833732236533623 -1.0989584568722806
v -0.31305048169255945 0.7993589902259437 -1.364609697167185
v -0.12170876551001442 0.7993589902259437 -0.9026699309115417
v 0.09318242730180515 0.6569555412369862 -1.3975778525183769
v 0.18885328539307755 0.6569555412369862 -1.1666079693905553
v 0.013590259526534698 0.4458055996326699 -1.4999087222037342
v 0.20493197570907973 0.4458055996326699 -1.0379689559480911
v -0.4281347813541003 0.3426858607096317 -0.9110431443215176
v -0.5238056394453728 0.3426858607096317 -1.1420130274493392
v -0.3485426135788299 0.553835802313948 -0.8087122746361602
v -0.5398843297613748 0.5538358023139479 -1.2706520408918034
v -0.26481441074455314 0.16590916541299483 -0.9786926568397923
v -0.36048526883582555 0.16590916541299483 -1.209662539967614
v -0.02190187235973573 0.20028241172067424 -0.9440112996727096
v -0.21324358854228076 0.20028241172067418 -1.405951065928353
v 0.13131483779357583 0.943536317026443 -1.5161012282223556
v 0.13131483779357556 0.6154113170264431 -1.5161012282223556
v -0.21513998689815717 0.943536317026443 -1.3725949410854463
v -0.08359255702265744 0.943536317026443 -1.0550113517846915
v 0.3166771253454163 0.9435363170264431 -1.0685970796622009
v 0.31667712534541603 0.6154113170264431 -1.0685970796622009
v -1.1861594184998219 0.9435363170264429 -0.6645629893985746
v -1.1861594184998219 0.6154113170264429 -0.6645629893985742
v -1.3296657056367311 0.9435363170264428 -0.31810816470684167
v -1.0120821163359763 0.9435363170264429 -0.18656073483134172
v -0.738655269939667 0.943536317026443 -0.479200701846734
v -0.7386552699396675 0.615411317026443 -0.4792007018467336
v -1.3056429599216748 0.1604725805378001 -0.0347699465639576
v -1.3539640402918707 0.2867416486068267 0.08188746101429034
v -1.1425593136722623 0.8391688214088167 -0.4284886971405443
v -1.094238233302066 0.7128997533397902 -0.5451461047187921
v -1.1406644719732304 0.16047258053780022 0.03356638064409423
v -0.9292597453536219 0.7128997533397903 -0.4768097775107404
v -1.1889855523434263 0.2867416486068267 0.15022378822234228
v -0.9775808257238178 0.8391688214088169 -0.36015236993249233
v -1.02527035035089 0.5538358023139477 0.1749469944870024
v -1.4872101166065335 0.5538358023139476 -0.01639472169554257
v -0.9313126940755087 0.7993589902259435 -0.051886853581813
v -1.3932524603311518 0.7993589902259434 -0.24322856976435803
v -0.8899713253143408 0.2002824117206739 -0.15169374673209168
v -1.3519110915699843 0.20028241172067385 -0.3430354629146367
v -0.7960136690389591 0.4458055996326697 -0.37852759480090714
v -1.2579534352946027 0.4458055996326695 -0.569869310983452
v -1.1969639343704128 0.8337322365336228 -0.3904702500579028
v -0.9659940512425912 0.8337322365336228 -0.2947993919666304
v -1.3932524603311518 0.7993589902259434 -0.24322856976435803
v -0.9313126940755087 0.7993589902259435 -0.051886853581813
v -1.1293144218521385 0.6569555412369859 -0.55379062066745
v -0.8983445387243164 0.6569555412369859 -0.4581197625761776
v -1.2579534352946027 0.4458055996326695 -0.569869310983452
v -0.7960136690389591 0.4458055996326697 -0.37852759480090714
v -1.1539093637933546 0.34268586070963136 0.15886830417100023
v -1.3848792469211761 0.34268586070963125 0.06319744607972783
v -1.02527035035089 0.5538358023139477 0.1749469944870024
v -1.4872101166065335 0.5538358023139476 -0.01639472169554257
v -1.0862598512750794 0.1659091654129945 -0.004452066438546676
v -1.3172297344029014 0.1659091654129945 -0.10012292452981908
v -0.8899713253143408 0.2002824117206739 -0.15169374673209168
v -1.3519110915699843 0.20028241172067385 -0.3430354629146367
v -1.5084081272038974 0.06957798369310964 0.13382925993821404
v -1.5084081272038974 0.39770298369310964 0.13382925993821365
v -1.3649018400669886 0.06957798369310964 -0.2126255647535188
v -1.0617538684617225 0.06957798369310969 -0.08705756350872351
v -1.060903978643743 0.06957798369310969 0.3191915474900545
v -1.060903978643743 0.39770298369310964 0.31919154749005413
v -0.6121130338524939 0.943536317026443 -1.2213630704510021
v -0.6121130338524944 0.615411317026443 -1.2213630704510017
v -0.8772780767974501 0.9435363170264429 -0.9561980275060463
v -0.5679188600283352 0.943536317026443 -0.6468388107369317
v -0.30275381708337945 0.943536317026443 -0.9120038536818874
v -0.3027538170833797 0.615411317026443 -0.9120038536818872
v -1.215363506552268 0.06957798369310964 -0.6070640542951881
v -1.215363506552268 0.39770298369310964 -0.6070640542951883
v -0.9501984636073127 0.06957798369310969 -0.8722290972401435
v -0.6408392468381979 0.06957798369310969 -0.5628698804710289
v -0.9060042897831536 0.06957798369310969 -0.29770483752607346
v -0.9060042897831532 0.3977029836931097 -0.2977048375260737
v -0.9635127955557133 0.16047258053780028 -0.6852345402005465
v -1.0527985098414279 0.2867416486068268 -0.5959488259148321
v -0.6621735098414273 0.839168821408817 -0.9865738259148321
v -0.5728877955557133 0.7128997533397904 -1.0758595402005464
v -0.8372437274866867 0.16047258053780028 -0.5589654721315199
v -0.44661872748668663 0.7128997533397905 -0.9495904721315199
v -0.9265294417724012 0.2867416486068269 -0.4696797578458055
v -0.5359044417724007 0.8391688214088171 -0.8603047578458055
v -0.7847374789229761 0.5538358023139479 -0.38418739817098346
v -1.1382908695162501 0.5538358023139478 -0.7377407887642572
v -0.6111263678118649 0.7993589902259437 -0.5577985092820944
v -0.9646797584051389 0.7993589902259436 -0.9113518998753684
v -0.5347374789229761 0.20028241172067418 -0.6341873981709835
v -0.88829086951625 0.20028241172067413 -0.9877407887642574
v -0.3611263678118648 0.44580559963266986 -0.8077985092820946
v -0.7146797584051389 0.4458055996326698 -1.1613518998753687
v -0.7269858552012648 0.833732236533623 -0.9722691077826054
v -0.5502091599046278 0.833732236533623 -0.7954924124859685
v -0.9646797584051389 0.7993589902259436 -0.9113518998753684
v -0.6111263678118649 0.7993589902259437 -0.5577985092820944
v -0.6019858552012648 0.6569555412369861 -1.0972691077826053
v -0.4252091599046277 0.6569555412369861 -0.9204924124859685
v -0.7146797584051389 0.4458055996326698 -1.1613518998753687
v -0.3611263678118648 0.44580559963266986 -0.8077985092820946
v -0.8974313821268501 0.34268586070963153 -0.44827019026374637
v -1.0742080774234872 0.3426858607096315 -0.6250468855603833
v -0.7847374789229761 0.5538358023139479 -0.38418739817098346
v -1.1382908695162501 0.5538358023139478 -0.7377407887642572
v -0.7724313821268501 0.16590916541299455 -0.5732701902637464
v -0.9492080774234871 0.16590916541299455 -0.7500468855603833
v -0.5347374789229761 0.20028241172067418 -0.6341873981709835
v -0.88829086951625 0.20028241172067413 -0.9877407887642574
v -1.372807991339577 0.16047256079955363 0.6971085039971099
v -1.3728079940004982 0.28674162886858023 0.8233775720661363
v -1.3728079940004982 0.8391688016705701 0.2709503992641455
v -1.372807991339577 0.7128997336015435 0.14468133119511922
v -1.1942365627681482 0.16047256268110943 0.6971085058786656
v -1.1942365627681482 0.7128997354830992 0.14468133307667502
v -1.1942365654290694 0.28674163075013603 0.8233775739476921
v -1.1942365654290694 0.8391688035521259 0.27095040114570124
v -1.033522282109614 0.5538357861506571 0.7835677444582185
v -1.5335222821096135 0.5538357808823009 0.7835677391898623
v -1.033522282109614 0.7993589740626528 0.5380445565462227
v -1.5335222821096126 0.7993589687942966 0.5380445512778665
v -1.0335222746590333 0.2002823955573832 0.4300143538649451
v -1.533522274659032 0.20028239028902717 0.4300143485965889
v -1.033522274659033 0.4458055834693789 0.1844911659529493
v -1.533522274659032 0.44580557820102273 0.1844911606845931
v -1.4085222802469684 0.833732216419065 0.3268946109906393
v -1.1585222802469688 0.833732219053243 0.3268946136248174
v -1.5335222821096126 0.7993589687942966 0.5380445512778665
v -1.033522282109614 0.7993589740626528 0.5380445565462227
v -1.408522276521678 0.656955521122428 0.15011791569400262
v -1.1585222765216785 0.656955523756606 0.15011791832818072
v -1.533522274659032 0.44580557820102273 0.1844911606845931
v -1.033522274659033 0.4458055834693789 0.1844911659529493
v -1.1585222802469688 0.3426858432292518 0.817940989448809
v -1.4085222802469684 0.3426858405950737 0.8179409868146309
v -1.033522282109614 0.5538357861506571 0.7835677444582185
v -1.5335222821096135 0.5538357808823009 0.7835677391898623
v -1.1585222765216785 0.1659091479326149 0.6411642941521722
v -1.408522276521678 0.1659091452984368 0.6411642915179943
v -1.0335222746590333 0.2002823955573832 0.4300143538649451
v -1.533522274659032 0.20028239028902717 0.4300143485965889
v -1.4956184578292864 0.06957798369310964 0.93046875
v -1.4956184578292864 0.39770298369310964 0.9304687499999995
v -1.4956184578292864 0.06957798369310964 0.5554687499999995
v -1.0581184578292864 0.06957798369310969 0.5554687499999995
v -1.0581184578292864 0.06957798369310969 0.93046875
v -1.0581184578292864 0.39770298369310964 0.9304687499999995
v -1.503430957829286 0.9435363170264429 0.06953125000000016
v -1.503430957829286 0.6154113170264429 0.06953125000000054
v -1.503430957829286 0.9435363170264428 0.4445312500000007
v -1.0659309578292864 0.9435363170264429 0.4445312500000006
v -1.0659309578292864 0.943536317026443 0.06953125000000004
v -1.0659309578292864 0.6154113170264429 0.06953125000000043
v -1.1789416096520777 0.06957798369310952 1.6615732750832217
v -1.1789416096520782 0.3977029836931095 1.6615732750832217
v -1.322447896788987 0.06957798369310952 1.315118450391489
v -1.019299925183721 0.06957798369310969 1.1895504491466937
v -0.7314374610919233 0.06957798369310969 1.4762109875313816
v -0.7314374610919233 0.3977029836931096 1.4762109875313811
v -1.1547826270987493 0.16047258053779934 1.3989790080891797
v -1.1064615467285535 0.28674164860682594 1.5156364156674278
v -1.3178662733481619 0.8391688214088162 1.0052602575125933
v -1.3661873537183582 0.7128997533397897 0.8886028499343452
v -0.9898041391503053 0.1604725805377995 1.3306426808811276
v -1.2012088657699138 0.7128997533397898 0.8202665227262934
v -0.941483058780109 0.286741648606826 1.447300088459376
v -1.152887785399718 0.8391688214088162 0.9369239303045415
v -0.8082369824654466 0.5538358023139471 1.3490179057495433
v -1.2701767487210902 0.5538358023139468 1.540359621932088
v -0.9021946387408278 0.7993589902259429 1.122184057680728
v -1.3641344049964714 0.7993589902259426 1.3135257738632728
v -0.9435360075019957 0.20028241172067346 1.022377164530449
v -1.4054757737576389 0.20028241172067318 1.2137188807129937
v -1.037493663777377 0.44580559963266936 0.7955433164616336
v -1.4994334300330205 0.4458055996326691 0.9868850326441784
v -1.329453047829389 0.8337322365336222 1.0706132354784552
v -1.098483164701567 0.8337322365336224 0.9749423773871828
v -1.3641344049964714 0.7993589902259426 1.3135257738632728
v -0.9021946387408278 0.7993589902259429 1.122184057680728
v -1.3971025603476632 0.6569555412369854 0.9072928648689081
v -1.1661326772198417 0.6569555412369855 0.8116220067776357
v -1.4994334300330205 0.4458055996326691 0.9868850326441784
v -1.037493663777377 0.44580559963266936 0.7955433164616336
v -0.9105678521508035 0.34268586070963064 1.4286100735248133
v -1.1415377352786256 0.3426858607096305 1.5242809316160857
v -0.8082369824654466 0.5538358023139471 1.3490179057495433
v -1.2701767487210902 0.5538358023139468 1.540359621932088
v -0.9782173646690783 0.1659091654129939 1.265289702915266
v -1.2091872477969 0.16590916541299383 1.3609605610065385
v -0.9435360075019957 0.20028241172067346 1.022377164530449
v -1.4054757737576389 0.20028241172067318 1.2137188807129937
v -1.5156259360516415 0.9435363170264428 0.8691604543771382
v -1.5156259360516415 0.6154113170264428 0.8691604543771385
v -1.3721196489147327 0.9435363170264428 1.2156152790688712
v -1.054536059613978 0.9435363170264428 1.0840678491933713
v -1.0681217874914872 0.943536317026443 0.6837981668252977
v -1.0681217874914872 0.6154113170264429 0.6837981668252979
v -0.6847592608769218 0.1604725607995528 1.963988072659423
v -0.5954735484727628 0.28674162886857946 2.0532737888266928
v -0.9860985484727637 0.8391688016705691 1.6626487888266932
v -1.0753842608769228 0.7128997336015424 1.573363072659423
v -0.5584901914774346 0.16047256268110865 1.837719005920857
v -0.9491151914774351 0.7128997354830983 1.447094005920857
v -0.46920447907327567 0.28674163075013526 1.9270047220881272
v -0.8598294790732764 0.8391688035521249 1.5363797220881272
v -0.3837121198944391 0.5538357861506564 1.7852127621295164
v -0.737265514213003 0.5538357808823 2.1387661489975005
v -0.5573232310055504 0.799358974062652 1.6116016510184057
v -0.9108766253241146 0.7993589687942957 1.9651550378863898
v -0.6337121146260832 0.20028239555738242 1.5352127568611609
v -0.987265508944647 0.2002823902890261 1.888766143729145
v -0.8073232257371948 0.445805583469378 1.3616016457500497
v -1.1608766200557592 0.4458055782010216 1.7151550326180338
v -0.97179383098294 0.8337322164190639 1.7274611342967492
v -0.7950171338236584 0.8337322190532421 1.5506844408627574
v -0.9108766253241146 0.7993589687942957 1.9651550378863898
v -0.5573232310055504 0.799358974062652 1.6116016510184057
v -1.0967938283487624 0.6569555211224269 1.602461131662571
v -0.9200171311894806 0.6569555237566052 1.4256844382285792
v -1.1608766200557592 0.4458055782010216 1.7151550326180338
v -0.8073232257371948 0.445805583469378 1.3616016457500497
v -0.4477949116014355 0.342685843229251 1.8979066630849792
v -0.6245716087607173 0.3426858405950729 2.074683356518971
v -0.3837121198944391 0.5538357861506564 1.7852127621295164
v -0.737265514213003 0.5538357808823 2.1387661489975005
v -0.5727949089672574 0.16590914793261413 1.7729066604508015
v -0.7495716061265395 0.16590914529843587 1.9496833538847933
v -0.6337121146260832 0.20028239555738242 1.5352127568611609
v -0.987265508944647 0.2002823902890261 1.888766143729145
v -0.6065887621244744 0.06957798369310952 2.2158387987229817
v -0.6065887621244749 0.39770298369310964 2.2158387987229817
v -0.8717538050694301 0.06957798369310947 1.9506737557780265
v -0.5623945883003153 0.06957798369310964 1.6413145390089117
v -0.29722954535535995 0.06957798369310964 1.9064795819538674
v -0.29722954535536017 0.39770298369310964 1.906479581953867
v -1.220887778280288 0.9435363170264428 1.612588326023209
v -1.2208877782802876 0.6154113170264428 1.6125883260232095
v -0.9557227353353318 0.9435363170264428 1.8777533689681647
v -0.6463635185662174 0.9435363170264428 1.5683941521990499
v -0.9115285615111731 0.9435363170264429 1.3032291092540942
v -0.9115285615111727 0.6154113170264429 1.3032291092540946
v 0.13430455210892883 0.06957798369310958 2.5088834193746106
v 0.13430455210892833 0.3977029836931096 2.5088834193746106
v -0.21215027258280417 0.06957798369310952 2.365377132237702
v -0.08658227133800911 0.06957798369310958 2.0622291606324366
v 0.3196668396607692 0.06957798369310975 2.0613792708144567
v 0.3196668396607687 0.39770298369310975 2.0613792708144563
v -0.034294654393242974 0.16047258053779861 2.306118252092387
v 0.08236275318500497 0.286741648606825 2.3544393324625834
v -0.4280134049698294 0.8391688214088154 2.143034605842976
v -0.5446708125480776 0.7128997533397889 2.0947135254727796
v 0.03404167281480869 0.16047258053779884 2.1411397641439427
v -0.47633448534002576 0.7128997533397892 1.9297350375243356
v 0.15069908039305668 0.2867416486068252 2.189460844514139
v -0.3596770777617777 0.8391688214088155 1.978056117894532
v 0.17542228665771686 0.5538358023139464 2.025745642521603
v -0.015919429524827944 0.5538358023139458 2.4876854087772466
v -0.05141156141109837 0.7993589902259421 1.9317879862462224
v -0.24275327759364318 0.7993589902259417 2.3937277525018654
v -0.15121845456137728 0.2002824117206729 1.8904466174850536
v -0.3425601707439221 0.2002824117206723 2.352386383740697
v -0.3780523026301925 0.44580559963266875 1.7964889612096728
v -0.5693940188127374 0.4458055996326682 2.258428727465316
v -0.3899949578871882 0.8337322365336214 2.1974392265411264
v -0.2943240997959158 0.8337322365336216 1.966469343413305
v -0.24275327759364318 0.7993589902259417 2.3937277525018654
v -0.05141156141109837 0.7993589902259421 1.9317879862462224
v -0.5533153284967355 0.6569555412369846 2.129789714022852
v -0.45764447040546297 0.656955541236985 1.8988198308950301
v -0.5693940188127374 0.4458055996326682 2.258428727465316
v -0.3780523026301925 0.44580559963266875 1.7964889612096728
v 0.1593435963417148 0.34268586070962986 2.1543846559640674
v 0.0636727382504424 0.34268586070962964 2.385354539091889
v 0.17542228665771686 0.5538358023139464 2.025745642521603
v -0.015919429524827944 0.5538358023139458 2.4876854087772466
v -0.003976774267832273 0.1659091654129931 2.086735143445792
v -0.09964763235910468 0.1659091654129929 2.317705026573614
v -0.15121845456137728 0.2002824117206729 1.8904466174850536
v -0.3425601707439221 0.2002824117206723 2.352386383740697
v -0.6640876972278597 0.9435363170264427 2.1866347106705364
v -0.6640876972278592 0.6154113170264428 2.1866347106705364
v -0.3176328725361264 0.9435363170264426 2.3301409978074448
v -0.18608544266062688 0.9435363170264427 2.01255740850669
v -0.4787254096760192 0.9435363170264428 1.7391305621103816
v -0.47872540967601895 0.6154113170264429 1.7391305621103816
v 0.6975837961678256 0.1604725607995514 2.3732832835102906
v 0.8238528642368521 0.286741628868578 2.373283286171212
v 0.2714256914348614 0.839168801670568 2.373283286171213
v 0.145156623365835 0.7128997336015415 2.3732832835102915
v 0.6975837980493813 0.16047256268110743 2.194711854938862
v 0.1451566252473906 0.7128997354830974 2.1947118549388627
v 0.8238528661184077 0.28674163075013404 2.194711857599783
v 0.2714256933164171 0.8391688035521239 2.1947118575997844
v 0.7840430366289342 0.5538357861506553 2.0339975742803276
v 0.7840430313605784 0.5538357808822987 2.5339975742803276
v 0.5385198487169384 0.799358974062651 2.033997574280328
v 0.5385198434485827 0.7993589687942944 2.5339975742803276
v 0.4304896460356605 0.2002823955573816 2.033997566829747
v 0.4304896407673047 0.20028239028902484 2.533997566829747
v 0.18496645812366463 0.4458055834693772 2.0339975668297474
v 0.184966452855309 0.44580557820102046 2.533997566829747
v 0.3273699031613553 0.8337322164190628 2.4089975724176833
v 0.32736990579553316 0.8337322190532412 2.1589975724176833
v 0.5385198434485827 0.7993589687942944 2.5339975742803276
v 0.5385198487169384 0.799358974062651 2.033997574280328
v 0.15059320786471853 0.6569555211224258 2.408997568692393
v 0.1505932104988963 0.6569555237566043 2.158997568692393
v 0.184966452855309 0.44580557820102046 2.533997566829747
v 0.18496645812366463 0.4458055834693772 2.0339975668297474
v 0.8184162816195246 0.3426858432292499 2.1589975724176824
v 0.8184162789853469 0.34268584059507146 2.4089975724176824
v 0.7840430366289342 0.5538357861506553 2.0339975742803276
v 0.7840430313605784 0.5538357808822987 2.5339975742803276
v 0.6416395863228879 0.1659091479326129 2.1589975686923917
v 0.64163958368871 0.1659091452984346 2.4089975686923917
v 0.4304896460356605 0.2002823955573816 2.033997566829747
v 0.4304896407673047 0.20028239028902484 2.533997566829747
v 0.9309440421707142 0.06957798369310969 2.49609375
v 0.9309440421707138 0.3977029836931097 2.49609375
v 0.5559440421707138 0.06957798369310964 2.49609375
v 0.5559440421707138 0.06957798369310964 2.05859375
v 0.9309440421707142 0.0695779836931098 2.05859375
v 0.9309440421707138 0.3977029836931098 2.05859375
v 0.07000654217071428 0.9435363170264429 2.50390625
v 0.07000654217071467 0.6154113170264429 2.50390625
v 0.44500654217071484 0.9435363170264428 2.50390625
v 0.4450065421707146 0.9435363170264429 2.06640625
v 0.07000654217071406 0.943536317026443 2.06640625
v 0.07000654217071456 0.615411317026443 2.06640625
v 1.6620485672539353 0.0695779836931098 2.1794169018227914
v 1.662048567253935 0.39770298369310986 2.1794169018227914
v 1.3155937425622026 0.06957798369310975 2.3229231889597
v 1.1900257413174073 0.06957798369310975 2.019775217354434
v 1.4766862797020952 0.06957798369310986 1.7319127532626366
v 1.4766862797020948 0.39770298369310986 1.731912753262637
v 1.399454300259894 0.16047258053779878 2.155257919269463
v 1.5161117078381419 0.2867416486068253 2.1069368388992666
v 1.0057355496833082 0.8391688214088157 2.3183415655188755
v 0.8890781421050601 0.7128997533397892 2.366662645889072
v 1.331117973051842 0.160472580537799 1.990279431321019
v 0.8207418148970081 0.7128997533397893 2.201684157940628
v 1.4477753806300901 0.2867416486068254 1.9419583509508227
v 0.9373992224752562 0.8391688214088158 2.1533630775704315
v 1.3494931979202576 0.5538358023139465 1.8087122746361604
v 1.5408349141028026 0.553835802313946 2.2706520408918034
v 1.1226593498514426 0.7993589902259424 1.902669930911542
v 1.3140010660339876 0.7993589902259419 2.364609697167185
v 1.022852456701163 0.20028241172067301 1.9440112996727095
v 1.2141941728837082 0.20028241172067263 2.4059510659283525
v 0.7960186086323481 0.4458055996326689 2.0379689559480907
v 0.9873603248148931 0.44580559963266847 2.499908722203734
v 1.0710885276491702 0.8337322365336216 2.3299283400001025
v 0.9754176695578975 0.8337322365336218 2.098958456872281
v 1.3140010660339876 0.7993589902259419 2.364609697167185
v 1.1226593498514426 0.7993589902259424 1.902669930911542
v 0.9077681570396229 0.656955541236985 2.397577852518377
v 0.8120972989483504 0.6569555412369851 2.1666079693905553
v 0.9873603248148931 0.44580559963266847 2.499908722203734
v 0.7960186086323481 0.4458055996326689 2.0379689559480907
v 1.4290853656955278 0.34268586070963003 1.9110431443215177
v 1.5247562237868002 0.3426858607096298 2.142013027449339
v 1.3494931979202576 0.5538358023139465 1.8087122746361604
v 1.5408349141028026 0.553835802313946 2.2706520408918034
v 1.2657649950859806 0.1659091654129934 1.978692656839792
v 1.361435853177253 0.16590916541299316 2.2096625399676135
v 1.022852456701163 0.20028241172067301 1.9440112996727095
v 1.2141941728837082 0.20028241172067263 2.4059510659283525
v 0.8696357465478521 0.943536317026443 2.5161012282223556
v 0.8696357465478525 0.615411317026443 2.5161012282223556
v 1.2160905712395853 0.943536317026443 2.3725949410854468
v 1.0845431413640854 0.943536317026443 2.055011351784692
v 0.6842734589960116 0.943536317026443 2.0685970796622013
v 0.6842734589960119 0.615411317026443 2.068597079662201
v 1.9644633648301357 0.1604725607995518 1.6852345530476347
v 2.053749080997406 0.28674162886857824 1.595948840643476
v 1.6631240809974068 0.8391688016705685 1.986573840643477
v 1.5738383648301366 0.712899733601542 2.0758595530476356
v 1.8381942980915698 0.1604725626811077 1.5589654836481475
v 1.447569298091571 0.7128997354830979 1.9495904836481484
v 1.92748001425884 0.2867416307501341 1.4696797712439889
v 1.5368550142588409 0.8391688035521243 1.8603047712439897
v 1.78568805430023 0.5538357861506554 1.3841874120651525
v 2.1392414411682137 0.5538357808822988 1.7377408063837163
v 1.6120769431891193 0.7993589740626512 1.5577985231762637
v 1.9656303300571034 0.7993589687942946 1.9113519174948275
v 1.5356880490318736 0.20028239555738192 1.6341874067967965
v 1.8892414358998577 0.20028239028902523 1.9877408011153603
v 1.3620769379207631 0.4458055834693777 1.8077985179079077
v 1.715630324788747 0.4458055782010211 2.1613519122264715
v 1.7279364264674628 0.8337322164190633 1.9722691231536533
v 1.551159733033471 0.8337322190532416 1.7954924259943716
v 1.9656303300571034 0.7993589687942946 1.9113519174948275
v 1.6120769431891193 0.7993589740626512 1.5577985231762637
v 1.6029364238332846 0.6569555211224265 2.0972691205194756
v 1.4261597303992928 0.6569555237566048 1.9204924233601934
v 1.715630324788747 0.4458055782010211 2.1613519122264715
v 1.3620769379207631 0.4458055834693777 1.8077985179079077
v 1.898381955255692 0.34268584322924994 1.4482702037721489
v 2.0751586486896842 0.3426858405950717 1.6250469009314306
v 1.78568805430023 0.5538357861506554 1.3841874120651525
v 2.1392414411682137 0.5538357808822988 1.7377408063837163
v 1.7733819526215142 0.1659091479326132 1.5732702011379707
v 1.950158646055506 0.16590914529843487 1.7500468982972528
v 1.5356880490318736 0.20028239555738192 1.6341874067967965
v 1.8892414358998577 0.20028239028902523 1.9877408011153603
v 2.216314090893696 0.06957798369311008 1.607064054295189
v 2.2163140908936954 0.39770298369310997 1.6070640542951895
v 1.9511490479487401 0.0695779836931098 1.8722290972401447
v 1.6417898311796253 0.06957798369310991 1.56286988047103
v 1.906954874124581 0.06957798369311002 1.2977048375260742
v 1.906954874124581 0.39770298369311 1.2977048375260747
v 1.613063618193923 0.943536317026443 2.221363070451001
v 1.613063618193923 0.6154113170264431 2.221363070451001
v 1.8782286611388783 0.943536317026443 1.956198027506045
v 1.5688694443697635 0.943536317026443 1.6468388107369307
v 1.3037044014248083 0.943536317026443 1.9120038536818869
v 1.3037044014248085 0.6154113170264431 1.9120038536818864
v 2.5093587115453255 0.06957798369311008 0.8661707400617851
v 2.5093587115453246 0.3977029836931101 0.8661707400617855
v 2.3658524244084163 0.06957798369310997 1.2126255647535182
v 2.06270445280315 0.06957798369311002 1.087057563508723
v 2.0618545629851703 0.06957798369311002 0.6808084525099447
v 2.0618545629851703 0.3977029836931101 0.6808084525099452
v 2.306593544263102 0.160472580537799 1.0347699465639577
v 2.3549146246332984 0.2867416486068255 0.9181125389857094
v 2.1435098980136904 0.8391688214088158 1.4284886971405442
v 2.095188817643494 0.7128997533397893 1.5451461047187922
v 2.1416150563146577 0.16047258053779911 0.9664336193559057
v 1.9302103296950497 0.7128997533397894 1.4768097775107405
v 2.189936136684854 0.2867416486068257 0.8497762117776575
v 1.978531410065246 0.839168821408816 1.3601523699324924
v 2.0262209346923177 0.5538358023139468 0.8250530055129974
v 2.488160700947961 0.5538358023139464 1.0163947216955425
v 1.9322632784169365 0.7993589902259426 1.0518868535818129
v 2.39420304467258 0.7993589902259421 1.2432285697643577
v 1.8909219096557681 0.20028241172067313 1.1516937467320916
v 2.3528616759114116 0.20028241172067274 1.3430354629146368
v 1.796964253380387 0.445805599632669 1.3785275948009073
v 2.2589040196360304 0.44580559963266864 1.569869310983452
v 2.1979145187118414 0.8337322365336217 1.390470250057903
v 1.9669446355840194 0.8337322365336219 1.2947993919666305
v 2.39420304467258 0.7993589902259421 1.2432285697643577
v 1.9322632784169365 0.7993589902259426 1.0518868535818129
v 2.1302650061935666 0.656955541236985 1.55379062066745
v 1.8992951230657447 0.6569555412369852 1.4581197625761777
v 2.2589040196360304 0.44580559963266864 1.569869310983452
v 1.796964253380387 0.445805599632669 1.3785275948009073
v 2.154859948134782 0.34268586070963036 0.8411316958289995
v 2.385829831262604 0.34268586070963014 0.936802553920272
v 2.0262209346923177 0.5538358023139468 0.8250530055129974
v 2.488160700947961 0.5538358023139464 1.0163947216955425
v 2.087210435616507 0.1659091654129936 1.0044520664385468
v 2.3181803187443286 0.1659091654129934 1.1001229245298192
v 1.8909219096557681 0.20028241172067313 1.1516937467320916
v 2.3528616759114116 0.20028241172067274 1.3430354629146368
v 2.1871100028412505 0.9435363170264434 1.6645629893985734
v 2.1871100028412505 0.6154113170264434 1.664562989398573
v 2.3306162899781593 0.9435363170264432 1.3181081647068402
v 2.013032700677404 0.9435363170264432 1.1865607348313407
v 1.7396058542810957 0.9435363170264434 1.4792007018467328
v 1.7396058542810957 0.6154113170264434 1.4792007018467328
v 2.373758581690553 0.1604726363659934 0.302891420436451
v 2.3737585741643303 0.28674170443501956 0.1766223523674244
v 2.37375857416433 0.8391688772370105 0.7290495251694141
v 2.373758581690553 0.7128998091679841 0.8553185932384406
v 2.1951871531191247 0.1604726310441501 0.3028914257582943
v 2.1951871531191243 0.7128998038461408 0.8553185985602839
v 2.1951871455929015 0.2867416991131764 0.1766223576892677
v 2.1951871455929015 0.8391688719151671 0.7290495304912574
v 2.0344728531050156 0.5538358480306382 0.2164321936617999
v 2.534472853105015 0.5538358629317995 0.21643217876063864
v 2.0344728531050156 0.7993590359426342 0.4619553815737953
v 2.534472853105015 0.7993590508437955 0.46195536667263404
v 2.03447287417844 0.20028245743736522 0.5699855842550738
v 2.534472874178439 0.20028247233852658 0.5699855693539126
v 2.03447287417844 0.44580564534936123 0.8155087721670693
v 2.534472874178439 0.4458056602505227 0.8155087572659081
v 2.409472858373371 0.833732293426185 0.6731053120022406
v 2.159472858373371 0.8337322859756043 0.6731053194528211
v 2.534472853105015 0.7993590508437955 0.46195536667263404
v 2.0344728531050156 0.7993590359426342 0.4619553815737953
v 2.409472868910083 0.6569555981295485 0.8498820072988775
v 2.1594728689100835 0.6569555906789679 0.8498820147494581
v 2.534472874178439 0.4458056602505227 0.8155087572659081
v 2.03447287417844 0.44580564534936123 0.8155087721670693
v 2.1594728583733716 0.3426859101516122 0.1820589436288304
v 2.409472858373371 0.3426859176021929 0.18205893617824975
v 2.0344728531050156 0.5538358480306382 0.2164321936617999
v 2.534472853105015 0.5538358629317995 0.21643217876063864
v 2.1594728689100835 0.16590921485497567 0.35883563892546744
v 2.4094728689100835 0.16590922230555638 0.3588356314748868
v 2.03447287417844 0.20028245743736522 0.5699855842550738
v 2.534472874178439 0.20028247233852658 0.5699855693539126
v 2.4965690421707136 0.06957798369311019 0.0695312499999991
v 2.4965690421707136 0.3977029836931102 0.06953124999999966
v 2.4965690421707136 0.06957798369311008 0.44453124999999954
v 2.0590690421707136 0.06957798369311002 0.44453124999999966
v 2.0590690421707136 0.06957798369311013 0.06953124999999921
v 2.0590690421707136 0.3977029836931102 0.06953124999999977
v 2.504381542170714 0.9435363170264437 0.9304687500000004
v 2.504381542170714 0.6154113170264438 0.9304687500000002
v 2.504381542170714 0.9435363170264434 0.5554687499999997
v 2.0668815421707136 0.9435363170264432 0.5554687499999997
v 2.0668815421707136 0.9435363170264437 0.9304687500000002
v 2.0668815421707136 0.6154113170264437 0.9304687500000002
v 2.1798921939935045 0.06957798369311019 -0.6615732750832225
v 2.179892193993505 0.3977029836931102 -0.6615732750832218
v 2.323398481130414 0.06957798369311008 -0.31511845039148956
v 2.0202505095251477 0.06957798369311002 -0.18955044914669428
v 1.7323880454333502 0.06957798369311013 -0.4762109875313819
v 1.7323880454333507 0.39770298369311013 -0.47621098753138147
v 2.155733211440178 0.160472580537801 -0.39897900808917985
v 2.1074121310699816 0.2867416486068275 -0.5156364156674277
v 2.31881685768959 0.8391688214088173 -0.0052602575125927364
v 2.367137938059786 0.7128997533397908 0.11139715006565504
v 1.9907547234917335 0.16047258053780095 -0.3306426808811279
v 2.2021594501113415 0.7128997533397908 0.17973347727370687
v 1.9424336431215372 0.28674164860682744 -0.44730008845937597
v 2.1538383697411456 0.8391688214088173 0.06307606969545893
v 1.8091875668068744 0.5538358023139484 -0.34901790574954294
v 2.271127333062518 0.5538358023139485 -0.5403596219320878
v 1.903145223082256 0.7993589902259441 -0.12218405768072749
v 2.3650849893378996 0.7993589902259441 -0.3135257738632723
v 1.9444865918434235 0.20028241172067457 -0.022377164530449023
v 2.406426358099067 0.20028241172067462 -0.21371888071299383
v 2.038444248118805 0.44580559963267014 0.20445668353836643
v 2.5003840143744487 0.4458055996326703 0.013114967355821627
v 2.3304036321708166 0.8337322365336235 -0.07061323547845488
v 2.0994337490429946 0.8337322365336235 0.02505762261281741
v 2.3650849893378996 0.7993589902259441 -0.3135257738632723
v 1.903145223082256 0.7993589902259441 -0.12218405768072749
v 2.3980531446890914 0.6569555412369865 0.09270713513109208
v 2.1670832615612694 0.6569555412369865 0.18837799322236448
v 2.5003840143744487 0.4458055996326703 0.013114967355821627
v 2.038444248118805 0.44580559963267014 0.20445668353836643
v 1.9115184364922322 0.3426858607096321 -0.4286100735248134
v 2.1424883196200537 0.34268586070963214 -0.5242809316160858
v 1.8091875668068744 0.5538358023139484 -0.34901790574954294
v 2.271127333062518 0.5538358023139485 -0.5403596219320878
v 1.9791679490105065 0.1659091654129951 -0.26528970291526643
v 2.2101378321383285 0.16590916541299516 -0.36096056100653884
v 1.9444865918434235 0.20028241172067457 -0.022377164530449023
v 2.406426358099067 0.20028241172067462 -0.21371888071299383
v 2.5165765203930697 0.9435363170264437 0.13083954562286254
v 2.5165765203930697 0.6154113170264438 0.13083954562286243
v 2.3730702332561604 0.9435363170264434 -0.21561527906887046
v 2.0554866439554056 0.9435363170264432 -0.08406784919337096
v 2.0690723718329145 0.9435363170264437 0.3162018331747029
v 2.0690723718329145 0.6154113170264437 0.3162018331747028
v 1.6857097960342018 0.16047263636599313 -0.9639881303423538
v 1.596424076426644 0.28674170443501934 -1.0532738393062249
v 1.9870490764266435 0.8391688772370101 -0.662648839306225
v 2.0763347960342013 0.7128998091679838 -0.5733631303423538
v 1.5594407317282868 0.16047263104414977 -0.837719058510216
v 1.9500657317282863 0.7128998038461405 -0.4470940585102162
v 1.4701550121207292 0.28674169911317604 -0.927004767474087
v 1.8607800121207285 0.8391688719151668 -0.5363797674740872
v 1.3846626510430484 0.553835848030638 -0.7852127964482029
v 1.7382160310996095 0.5538358629317992 -1.1387661975781884
v 1.5582737621541591 0.7993590359426339 -0.6116016853370919
v 1.9118271422107207 0.7993590508437953 -0.9651550864670774
v 1.6346626659442096 0.2002824574373649 -0.5352128113493638
v 1.9882160460007712 0.2002824723385262 -0.8887662124793493
v 1.8082737770553203 0.445805645349361 -0.3616017002382529
v 2.161827157111882 0.44580566025052226 -0.7151551013682383
v 1.9727443564774259 0.8337322934261847 -0.7274611843543158
v 1.7959676664491453 0.833732285975604 -0.5506844837893231
v 1.9118271422107207 0.7993590508437953 -0.9651550864670774
v 1.5582737621541591 0.7993590359426339 -0.6116016853370919
v 2.0977443639280065 0.6569555981295482 -0.6024611918048962
v 1.920967673899726 0.6569555906789675 -0.4256844912399037
v 2.161827157111882 0.44580566025052226 -0.7151551013682383
v 1.8082737770553203 0.445805645349361 -0.3616017002382529
v 1.4487454442269236 0.342685910151612 -0.8979067060115452
v 1.6255221342552044 0.3426859176021926 -1.074683406576538
v 1.3846626510430484 0.553835848030638 -0.7852127964482029
v 1.7382160310996095 0.5538358629317992 -1.1387661975781884
v 1.573745451677504 0.16590921485497545 -0.7729067134621256
v 1.750522141705785 0.16590922230555621 -0.9496834140271183
v 1.6346626659442096 0.2002824574373649 -0.5352128113493638
v 1.9882160460007712 0.2002824723385262 -0.8887662124793493
v 1.6075393464659014 0.06957798369311008 -1.2158387987229822
v 1.6075393464659018 0.3977029836931101 -1.2158387987229817
v 1.872704389410857 0.06957798369311002 -0.9506737557780266
v 1.5633451726417427 0.06957798369310997 -0.641314539008912
v 1.2981801296967872 0.06957798369311008 -0.9064795819538675
v 1.2981801296967876 0.3977029836931101 -0.9064795819538672
v 2.2218383626217153 0.9435363170264437 -0.6125883260232082
v 2.2218383626217153 0.6154113170264437 -0.6125883260232082
v 1.9566733196767596 0.9435363170264432 -0.8777533689681639
v 1.6473141029076452 0.9435363170264432 -0.5683941521990493
v 1.912479145852601 0.9435363170264437 -0.30322910925409363
v 1.912479145852601 0.6154113170264437 -0.30322910925409363
v 0.8666460322324983 0.06957798369311002 -1.5088834193746115
v 0.8666460322324987 0.39770298369311 -1.5088834193746115
v 1.2131008569242312 0.06957798369310997 -1.3653771322377022
v 1.0875328556794361 0.06957798369310991 -1.0622291606324366
v 0.6812837446806581 0.06957798369310997 -1.0613792708144567
v 0.6812837446806586 0.39770298369310997 -1.0613792708144563
v 1.0352452387346711 0.16047258053780072 -1.306118252092388
v 0.9185878311564231 0.2867416486068272 -1.3544393324625843
v 1.4289639893112578 0.8391688214088173 -1.143034605842976
v 1.5456213968895058 0.7128997533397907 -1.0947135254727796
v 0.9669089115266194 0.16047258053780072 -1.1411397641439436
v 1.477285069681454 0.7128997533397907 -0.9297350375243355
v 0.8502515039483712 0.2867416486068272 -1.18946084451414
v 1.360627662103206 0.8391688214088173 -0.9780561178945318
v 0.825528297683711 0.5538358023139481 -1.0257456425216036
v 1.016870013866256 0.5538358023139482 -1.4876854087772466
v 1.0523621457525265 0.7993589902259439 -0.9317879862462223
v 1.2437038619350713 0.7993589902259439 -1.3937277525018654
v 1.1521690389028052 0.20028241172067435 -0.8904466174850544
v 1.34351075508535 0.2002824117206744 -1.3523863837406975
v 1.3790028869716207 0.4458055996326702 -0.7964889612096729
v 1.5703446031541652 0.4458055996326702 -1.2584287274653163
v 1.3909455422286165 0.8337322365336233 -1.1974392265411269
v 1.295274684137344 0.8337322365336233 -0.9664693434133048
v 1.2437038619350713 0.7993589902259439 -1.3937277525018654
v 1.0523621457525265 0.7993589902259439 -0.9317879862462223
v 1.5542659128381633 0.6569555412369864 -1.129789714022852
v 1.4585950547468909 0.6569555412369864 -0.8988198308950303
v 1.5703446031541652 0.4458055996326702 -1.2584287274653163
v 1.3790028869716207 0.4458055996326702 -0.7964889612096729
v 0.8416069879997131 0.34268586070963186 -1.1543846559640678
v 0.9372778460909856 0.34268586070963186 -1.3853545390918893
v 0.825528297683711 0.5538358023139481 -1.0257456425216036
v 1.016870013866256 0.5538358023139482 -1.4876854087772466
v 1.0049273586092602 0.165909165412995 -1.086735143445793
v 1.1005982167005328 0.165909165412995 -1.317705026573615
v 1.1521690389028052 0.20028241172067435 -0.8904466174850544
v 1.34351075508535 0.2002824117206744 -1.3523863837406975
v 1.6650382815692875 0.9435363170264437 -1.186634710670536
v 1.665038281569287 0.6154113170264437 -1.186634710670536
v 1.3185834568775543 0.9435363170264432 -1.3301409978074448
v 1.1870360270020548 0.9435363170264432 -1.01255740850669
v 1.479675994017447 0.9435363170264437 -0.7391305621103815
v 1.4796759940174469 0.6154113170264437 -0.7391305621103815
vt 0.953125 0.9375
vt 0.671875 0.9375
vt 0.8125 0.59375
vt 0.671875 0.90625
vt 0.953125 0.90625
vt 0.953125 0.9375
vt 0.671875 0.9375
vt 0.953125 0.9375
vt 0.671875 0.9375
vt 0.8125 0.59375
vt 0.953125 0.9375
vt 0.671875 0.9375
vt 0.8125 0.59375
vt 0.671875 0.90625
vt 0.953125 0.90625
vt 0.953125 0.9375
vt 0.671875 0.9375
vt 0.953125 0.9375
vt 0.671875 0.9375
vt 0.8125 0.59375
vt 0.953125 0.9375
vt 0.671875 0.9375
vt 0.8125 0.59375
vt 0.671875 0.90625
vt 0.953125 0.90625
vt 0.953125 0.9375
vt 0.671875 0.9375
vt 0.953125 0.9375
vt 0.671875 0.9375
vt 0.8125 0.59375
vt 0.953125 0.9375
vt 0.671875 0.9375
vt 0.8125 0.59375
vt 0.671875 0.90625
vt 0.953125 0.90625
vt 0.953125 0.9375
vt 0.671875 0.9375
vt 0.953125 0.9375
vt 0.671875 0.9375
vt 0.8125 0.59375
vt 0.953125 0.9375
vt 0.671875 0.9375
vt 0.8125 0.59375
vt 0.671875 0.90625
vt 0.953125 0.90625
vt 0.953125 0.9375
vt 0.671875 0.9375
vt 0.953125 0.9375
vt 0.671875 0.9375
vt 0.8125 0.59375
vt 0.953125 0.9375
vt 0.671875 0.9375
vt 0.8125 0.59375
vt 0.671875 0.90625
vt 0.953125 0.90625
vt 0.953125 0.9375
vt 0.671875 0.9375
vt 0.953125 0.9375
vt 0.671875 0.9375
vt 0.8125 0.59375
vt 0.953125 0.9375
vt 0.671875 0.9375
vt 0.8125 0.59375
vt 0.671875 0.90625
vt 0.953125 0.90625
vt 0.953125 0.9375
vt 0.671875 0.9375
vt 0.953125 0.9375
vt 0.671875 0.9375
vt 0.8125 0.59375
vt 0.953125 0.9375
vt 0.671875 0.9375
vt 0.8125 0.59375
vt 0.671875 0.90625
vt 0.953125 0.90625
vt 0.953125 0.9375
vt 0.671875 0.9375
vt 0.953125 0.9375
vt 0.671875 0.9375
vt 0.8125 0.59375
vt 0.625 0
vt 0.5625 0
vt 0.5625 0.375
vt 0.625 0.375
vt 0.625 0.375
vt 0.5625 0.375
vt 0.5625 0
vt 0.625 0
vt 0.6661273183925804 0.9375
vt 0.9588726816074182 0.9375
vt 0.9843749999999993 1
vt 0.6406249999999993 1
vt 0.984375 1
vt 0.640625 1
vt 0.6661279202570197 0.9375
vt 0.9588720797429803 0.9375
vt 0.625 0
vt 0.5625 0
vt 0.5625 0.375
vt 0.625 0.375
vt 0.625 0.375
vt 0.5625 0.375
vt 0.5625 0
vt 0.625 0
vt 0.6661273183925804 0.9375
vt 0.9588726816074182 0.9375
vt 0.9843749999999993 1
vt 0.6406249999999993 1
vt 0.984375 1
vt 0.640625 1
vt 0.6661279202570197 0.9375
vt 0.9588720797429803 0.9375
vt 0.625 0
vt 0.5625 0
vt 0.5625 0.375
vt 0.625 0.375
vt 0.625 0.375
vt 0.5625 0.375
vt 0.5625 0
vt 0.625 0
vt 0.6661273183925804 0.9375
vt 0.9588726816074182 0.9375
vt 0.9843749999999993 1
vt 0.6406249999999993 1
vt 0.984375 1
vt 0.640625 1
vt 0.6661279202570197 0.9375
vt 0.9588720797429803 0.9375
vt 0.625 0
vt 0.5625 0
vt 0.5625 0.375
vt 0.625 0.375
vt 0.625 0.375
vt 0.5625 0.375
vt 0.5625 0
vt 0.625 0
vt 0.6661273183925804 0.9375
vt 0.9588726816074182 0.9375
vt 0.9843749999999993 1
vt 0.6406249999999993 1
vt 0.984375 1
vt 0.640625 1
vt 0.6661279202570197 0.9375
vt 0.9588720797429803 0.9375
vt 0.625 0
vt 0.5625 0
vt 0.5625 0.375
vt 0.625 0.375
vt 0.625 0.375
vt 0.5625 0.375
vt 0.5625 0
vt 0.625 0
vt 0.6661273183925804 0.9375
vt 0.9588726816074182 0.9375
vt 0.9843749999999993 1
vt 0.6406249999999993 1
vt 0.984375 1
vt 0.640625 1
vt 0.6661279202570197 0.9375
vt 0.9588720797429803 0.9375
vt 0.625 0
vt 0.5625 0
vt 0.5625 0.375
vt 0.625 0.375
vt 0.625 0.375
vt 0.5625 0.375
vt 0.5625 0
vt 0.625 0
vt 0.6661273183925804 0.9375
vt 0.9588726816074182 0.9375
vt 0.9843749999999993 1
vt 0.6406249999999993 1
vt 0.984375 1
vt 0.640625 1
vt 0.6661279202570197 0.9375
vt 0.9588720797429803 0.9375
vt 0.625 0
vt 0.5625 0
vt 0.5625 0.375
vt 0.625 0.375
vt 0.625 0.375
vt 0.5625 0.375
vt 0.5625 0
vt 0.625 0
vt 0.6661273183925804 0.9375
vt 0.9588726816074182 0.9375
vt 0.9843749999999993 1
vt 0.6406249999999993 1
vt 0.984375 1
vt 0.640625 1
vt 0.6661279202570197 0.9375
vt 0.9588720797429803 0.9375
vt 0.625 0
vt 0.5625 0
vt 0.5625 0.375
vt 0.625 0.375
vt 0.625 0.375
vt 0.5625 0.375
vt 0.5625 0
vt 0.625 0
vt 0.6661273183925804 0.9375
vt 0.9588726816074182 0.9375
vt 0.9843749999999993 1
vt 0.6406249999999993 1
vt 0.984375 1
vt 0.640625 1
vt 0.6661279202570197 0.9375
vt 0.9588720797429803 0.9375
vt 0.375 0
vt 0.625 0
vt 0.625 1
vt 0.375 1
vt 0.375 0
vt 0.625 0
vt 0.625 1
vt 0.375 1
vt 0.375 0
vt 0.625 0
vt 0.625 1
vt 0.375 1
vt 0.375 0
vt 0.625 0
vt 0.625 1
vt 0.375 1
vt 0.375 0.375
vt 0.625 0.375
vt 0.625 0.625
vt 0.375 0.625
vt 0.375 0.375
vt 0.625 0.375
vt 0.625 0.625
vt 0.375 0.625
vt 1 1
vt 0.8125 1
vt 0.8125 0.78125
vt 1 0.78125
vt 1 0.78125
vt 1 1
vt 0.8125 1
vt 0.8125 0.78125
vt 0.25 0.25
vt 0.5625 0.25
vt 0.5625 0.71875
vt 0.25 0.71875
vt 0.5625 0.25
vt 0.5625 0.71875
vt 0.25 0.71875
vt 0.25 0.25
vt 1 0.78125
vt 1 1
vt 0.8125 1
vt 0.8125 0.78125
vt 1 1
vt 0.8125 1
vt 0.8125 0.78125
vt 1 0.78125
vt 0.9531249999999999 0.8741183339169463
vt 0.8593749999999999 0.8741183339169463
vt 0.8124999999999999 0.9998754160830509
vt 0.9999999999999998 0.9998754160830509
vt 1 1
vt 0.9531249999999999 0.8741183339169464
vt 0.8593749999999999 0.8739937499999981
vt 0.8124999999999999 1
vt 0.8125 0.78125
vt 1 0.78125
vt 1 1
vt 0.8125 1
vt 0.09375 0.65625
vt 0.09375 1
vt 0.8125 1
vt 0.8125 0.65625
vt 1 1
vt 0.9531249999999999 0.8741183339169464
vt 0.8593749999999999 0.8739937499999981
vt 0.8124999999999999 1
vt 0.9531249999999999 0.8741183339169463
vt 0.8593749999999999 0.8741183339169463
vt 0.8124999999999999 0.9998754160830509
vt 0.9999999999999998 0.9998754160830509
vt 0.9531249999999999 0.8741183339169463
vt 0.8593749999999999 0.8741183339169463
vt 0.8124999999999999 0.9998754160830509
vt 0.9999999999999998 0.9998754160830509
vt 1 1
vt 0.9531249999999999 0.8741183339169464
vt 0.8593749999999999 0.8739937499999981
vt 0.8124999999999999 1
vt 0.8125 0.78125
vt 1 0.78125
vt 1 1
vt 0.8125 1
vt 0.09375 0.65625
vt 0.09375 1
vt 0.8125 1
vt 0.8125 0.65625
vt 1 1
vt 0.9531249999999999 0.8741183339169464
vt 0.8593749999999999 0.8739937499999981
vt 0.8124999999999999 1
vt 0.9531249999999999 0.8741183339169463
vt 0.8593749999999999 0.8741183339169463
vt 0.8124999999999999 0.9998754160830509
vt 0.9999999999999998 0.9998754160830509
vt 0.8125 0.375
vt 0.8125 0.4375
vt 0.75 0.4375
vt 0.75 0.375
vt 0.8125 0.375
vt 0.8125 0.4375
vt 0.75 0.4375
vt 0.75 0.375
vt 0.8125 0.375
vt 0.8125 0.4375
vt 0.75 0.4375
vt 0.75 0.375
vt 0.8125 0.375
vt 0.8125 0.4375
vt 0.75 0.4375
vt 0.75 0.375
vt 0.8125 0.375
vt 0.8125 0.4375
vt 0.75 0.4375
vt 0.75 0.375
vt 0.8125 0.375
vt 0.8125 0.4375
vt 0.75 0.4375
vt 0.75 0.375
vt 0.8125 0.375
vt 0.8125 0.4375
vt 0.75 0.4375
vt 0.75 0.375
vt 0.8125 0.375
vt 0.8125 0.4375
vt 0.75 0.4375
vt 0.75 0.375
vt 0.8125 0.375
vt 0.8125 0.4375
vt 0.75 0.4375
vt 0.75 0.375
vt 0.8125 0.375
vt 0.8125 0.4375
vt 0.75 0.4375
vt 0.75 0.375
vt 0.8125 0.375
vt 0.8125 0.4375
vt 0.75 0.4375
vt 0.75 0.375
vt 0.8125 0.375
vt 0.8125 0.4375
vt 0.75 0.4375
vt 0.75 0.375
vt 0.8125 0.375
vt 0.8125 0.4375
vt 0.75 0.4375
vt 0.75 0.375
vt 0.8125 0.375
vt 0.8125 0.4375
vt 0.75 0.4375
vt 0.75 0.375
vt 0.8125 0.375
vt 0.8125 0.4375
vt 0.75 0.4375
vt 0.75 0.375
vt 0.8125 0.375
vt 0.8125 0.4375
vt 0.75 0.4375
vt 0.75 0.375
vt 0.8125 0.375
vt 0.8125 0.4375
vt 0.75 0.4375
vt 0.75 0.375
vt 0.8125 0.375
vt 0.8125 0.4375
vt 0.75 0.4375
vt 0.75 0.375
vt 0.8125 0.375
vt 0.8125 0.4375
vt 0.75 0.4375
vt 0.75 0.375
vt 0.8125 0.375
vt 0.8125 0.4375
vt 0.75 0.4375
vt 0.75 0.375
vt 0.8125 0.375
vt 0.8125 0.4375
vt 0.75 0.4375
vt 0.75 0.375
vt 0.8125 0.375
vt 0.8125 0.4375
vt 0.75 0.4375
vt 0.75 0.375
vt 0.8125 0.375
vt 0.8125 0.4375
vt 0.75 0.4375
vt 0.75 0.375
vt 0.8125 0.375
vt 0.8125 0.4375
vt 0.75 0.4375
vt 0.75 0.375
vt 0.8125 0.375
vt 0.8125 0.4375
vt 0.75 0.4375
vt 0.75 0.375
vt 0.75 0.375
vt 0.75 0.4375
vt 0.8125 0.4375
vt 0.8125 0.375
vt 0.8125 0.4375
vt 0.8125 0.375
vt 0.75 0.375
vt 0.75 0.4375
vt 0.8125 0.375
vt 0.8125 0.4375
vt 0.75 0.4375
vt 0.75 0.375
vt 0.8125 0.375
vt 0.8125 0.4375
vt 0.75 0.4375
vt 0.75 0.375
vt 0.8125 0.375
vt 0.8125 0.4375
vt 0.75 0.4375
vt 0.75 0.375
vt 0.8125 0.46875
vt 0.8125 0.34375
vt 1 0.34375
vt 1 0.46875
vt 0.8125 0.46875
vt 0.8125 0.34375
vt 1 0.34375
vt 1 0.46875
vt 0.5625 0
vt 0.625 0
vt 0.625 0.375
vt 0.5625 0.375
vt 0.5625 0
vt 0.625 0
vt 0.625 0.375
vt 0.5625 0.375
vt 0.5625 0
vt 0.625 0
vt 0.625 0.375
vt 0.5625 0.375
vt 0.5625 0
vt 0.625 0
vt 0.625 0.375
vt 0.5625 0.375
vt 0.5625 0
vt 0.625 0
vt 0.625 0.375
vt 0.5625 0.375
vt 0.5625 0
vt 0.625 0
vt 0.625 0.375
vt 0.5625 0.375
vt 0.981759375 0.375
vt 1 0.40625
vt 0.8125 0.40625
vt 0.83074375 0.375
vt 0.5625 0
vt 0.625 0
vt 0.625 0.375
vt 0.5625 0.375
vt 0.981759375 0.4375
vt 1 0.46875
vt 0.8125 0.46875
vt 0.83074375 0.4375
vt 0.5625 0
vt 0.625 0
vt 0.625 0.375
vt 0.5625 0.375
vt 0.981759375 0.375
vt 1 0.40625
vt 0.8125 0.40625
vt 0.83074375 0.375
vt 0.5625 0
vt 0.625 0
vt 0.625 0.375
vt 0.5625 0.375
vt 0.981759375 0.4375
vt 1 0.46875
vt 0.8125 0.46875
vt 0.83074375 0.4375
vt 0.5625 0
vt 0.625 0
vt 0.625 0.375
vt 0.5625 0.375
vt 0.981759375 0.375
vt 1 0.40625
vt 0.8125 0.40625
vt 0.83074375 0.375
vt 0.5625 0
vt 0.625 0
vt 0.625 0.375
vt 0.5625 0.375
vt 0.981759375 0.4375
vt 1 0.46875
vt 0.8125 0.46875
vt 0.83074375 0.4375
vt 0.5625 0
vt 0.625 0
vt 0.625 0.375
vt 0.5625 0.375
vt 0.981759375 0.375
vt 1 0.40625
vt 0.8125 0.40625
vt 0.83074375 0.375
vt 0.981759375 0.4375
vt 1 0.46875
vt 0.8125 0.46875
vt 0.83074375 0.4375
vt 0.8125 0.1875
vt 1 0.26249999999999996
vt 0.8875 0.375
vt 0.8125 0.1875
vt 1 0.11250000000000004
vt 1 0.26249999999999996
vt 0.8125 0.1875
vt 0.8875 0
vt 1 0.11250000000000004
vt 0.8125 0.1875
vt 0.7375 0
vt 0.8875 0
vt 0.8125 0.1875
vt 0.8875 0.375
vt 0.7375 0.375
vt 0.8125 0.1875
vt 0.7375 0.375
vt 0.625 0.26249999999999996
vt 0.8125 0.1875
vt 0.625 0.26249999999999996
vt 0.625 0.11250000000000004
vt 0.8125 0.1875
vt 0.625 0.11250000000000004
vt 0.7375 0
vt 0.8125 0.1875
vt 0.7375 0
vt 0.8875 0
vt 0.8125 0.1875
vt 0.625 0.11250000000000004
vt 0.7375 0
vt 0.8125 0.1875
vt 0.8875 0
vt 1 0.11250000000000004
vt 0.8125 0.1875
vt 1 0.11250000000000004
vt 1 0.26249999999999996
vt 0.8125 0.1875
vt 0.625 0.26249999999999996
vt 0.625 0.11250000000000004
vt 0.981759375 0.4375
vt 1 0.46875
vt 0.8125 0.46875
vt 0.83074375 0.4375
vt 0.8125 0.1875
vt 1 0.26249999999999996
vt 0.8875 0.375
vt 0.981759375 0.375
vt 1 0.40625
vt 0.8125 0.40625
vt 0.83074375 0.375
vt 0.981759375 0.4375
vt 1 0.46875
vt 0.8125 0.46875
vt 0.83074375 0.4375
vt 0.8125 0.1875
vt 0.7375 0.375
vt 0.625 0.26249999999999996
vt 0.981759375 0.4375
vt 1 0.46875
vt 0.8125 0.46875
vt 0.83074375 0.4375
vt 0.981759375 0.375
vt 1 0.40625
vt 0.8125 0.40625
vt 0.83074375 0.375
vt 0.981759375 0.375
vt 1 0.40625
vt 0.8125 0.40625
vt 0.83074375 0.375
vt 0.981759375 0.4375
vt 1 0.46875
vt 0.8125 0.46875
vt 0.83074375 0.4375
vt 0.8125 0.1875
vt 0.8875 0.375
vt 0.7375 0.375
vt 0.981759375 0.375
vt 1 0.40625
vt 0.8125 0.40625
vt 0.83074375 0.375
vt 0.8125 0.46875
vt 0.8125 0.34375
vt 1 0.34375
vt 1 0.46875
vt 0.8125 0.46875
vt 0.8125 0.34375
vt 1 0.34375
vt 1 0.46875
vt 0.5625 0
vt 0.625 0
vt 0.625 0.375
vt 0.5625 0.375
vt 0.5625 0
vt 0.625 0
vt 0.625 0.375
vt 0.5625 0.375
vt 0.5625 0
vt 0.625 0
vt 0.625 0.375
vt 0.5625 0.375
vt 0.5625 0
vt 0.625 0
vt 0.625 0.375
vt 0.5625 0.375
vt 0.8125 0.375
vt 0.8125 0.4375
vt 0.75 0.4375
vt 0.75 0.375
vt 0.75 0.375
vt 0.75 0.4375
vt 0.8125 0.4375
vt 0.8125 0.375
vt 0.8125 0.4375
vt 0.8125 0.375
vt 0.75 0.375
vt 0.75 0.4375
vt 0.8125 0.375
vt 0.8125 0.4375
vt 0.75 0.4375
vt 0.75 0.375
vt 0.8125 0.375
vt 0.8125 0.4375
vt 0.75 0.4375
vt 0.75 0.375
vt 0.8125 0.375
vt 0.8125 0.4375
vt 0.75 0.4375
vt 0.75 0.375
vt 0.9375 0.0625
vt 0.9375 0.3125
vt 0.6875 0.3125
vt 0.6875 0.0625
vt 0.9375 0.0625
vt 0.9375 0.3125
vt 0.6875 0.3125
vt 0.6875 0.0625
vt 0.5625 0.34375
vt 0.625 0.34375
vt 0.625 0.375
vt 0.5625 0.375
vt 0.5625 0.34375
vt 0.625 0.34375
vt 0.625 0.375
vt 0.5625 0.375
vt 0.5625 0.34375
vt 0.625 0.34375
vt 0.625 0.375
vt 0.5625 0.375
vt 0.5625 0.34375
vt 0.625 0.34375
vt 0.625 0.375
vt 0.5625 0.375
vt 0.8125 0.375
vt 0.8125 0.4375
vt 0.75 0.4375
vt 0.75 0.375
vt 0.75 0.375
vt 0.75 0.4375
vt 0.8125 0.4375
vt 0.8125 0.375
vt 0.8125 0.4375
vt 0.8125 0.375
vt 0.75 0.375
vt 0.75 0.4375
vt 0.8125 0.375
vt 0.8125 0.4375
vt 0.75 0.4375
vt 0.75 0.375
vt 0.8125 0.375
vt 0.8125 0.4375
vt 0.75 0.4375
vt 0.75 0.375
vt 0.8125 0.375
vt 0.8125 0.4375
vt 0.75 0.4375
vt 0.75 0.375
vt 0.8125 0.46875
vt 0.8125 0.34375
vt 1 0.34375
vt 1 0.46875
vt 0.8125 0.46875
vt 0.8125 0.34375
vt 1 0.34375
vt 1 0.46875
vt 0.5625 0
vt 0.625 0
vt 0.625 0.375
vt 0.5625 0.375
vt 0.5625 0
vt 0.625 0
vt 0.625 0.375
vt 0.5625 0.375
vt 0.5625 0
vt 0.625 0
vt 0.625 0.375
vt 0.5625 0.375
vt 0.5625 0
vt 0.625 0
vt 0.625 0.375
vt 0.5625 0.375
vt 0.8125 0.375
vt 0.8125 0.4375
vt 0.75 0.4375
vt 0.75 0.375
vt 0.75 0.375
vt 0.75 0.4375
vt 0.8125 0.4375
vt 0.8125 0.375
vt 0.8125 0.4375
vt 0.8125 0.375
vt 0.75 0.375
vt 0.75 0.4375
vt 0.8125 0.375
vt 0.8125 0.4375
vt 0.75 0.4375
vt 0.75 0.375
vt 0.8125 0.375
vt 0.8125 0.4375
vt 0.75 0.4375
vt 0.75 0.375
vt 0.8125 0.375
vt 0.8125 0.4375
vt 0.75 0.4375
vt 0.75 0.375
vt 0.8125 0.46875
vt 0.8125 0.34375
vt 1 0.34375
vt 1 0.46875
vt 0.8125 0.46875
vt 0.8125 0.34375
vt 1 0.34375
vt 1 0.46875
vt 0.5625 0
vt 0.625 0
vt 0.625 0.375
vt 0.5625 0.375
vt 0.5625 0
vt 0.625 0
vt 0.625 0.375
vt 0.5625 0.375
vt 0.5625 0
vt 0.625 0
vt 0.625 0.375
vt 0.5625 0.375
vt 0.5625 0
vt 0.625 0
vt 0.625 0.375
vt 0.5625 0.375
vt 0.8125 0.375
vt 0.8125 0.4375
vt 0.75 0.4375
vt 0.75 0.375
vt 0.8125 0.375
vt 0.8125 0.4375
vt 0.75 0.4375
vt 0.75 0.375
vt 0.8125 0.375
vt 0.8125 0.4375
vt 0.75 0.4375
vt 0.75 0.375
vt 0.8125 0.375
vt 0.8125 0.4375
vt 0.75 0.4375
vt 0.75 0.375
vt 0.8125 0.375
vt 0.8125 0.4375
vt 0.75 0.4375
vt 0.75 0.375
vt 0.8125 0.375
vt 0.8125 0.4375
vt 0.75 0.4375
vt 0.75 0.375
vt 0.8125 0.375
vt 0.8125 0.4375
vt 0.75 0.4375
vt 0.75 0.375
vt 0.8125 0.375
vt 0.8125 0.4375
vt 0.75 0.4375
vt 0.75 0.375
vt 0.8125 0.375
vt 0.8125 0.4375
vt 0.75 0.4375
vt 0.75 0.375
vt 0.8125 0.375
vt 0.8125 0.4375
vt 0.75 0.4375
vt 0.75 0.375
vt 0.8125 0.375
vt 0.8125 0.4375
vt 0.75 0.4375
vt 0.75 0.375
vt 0.8125 0.375
vt 0.8125 0.4375
vt 0.75 0.4375
vt 0.75 0.375
vt 0.8125 0.375
vt 0.8125 0.4375
vt 0.75 0.4375
vt 0.75 0.375
vt 0.8125 0.375
vt 0.8125 0.4375
vt 0.75 0.4375
vt 0.75 0.375
vt 0.8125 0.375
vt 0.8125 0.4375
vt 0.75 0.4375
vt 0.75 0.375
vt 0.8125 0.375
vt 0.8125 0.4375
vt 0.75 0.4375
vt 0.75 0.375
vt 0.8125 0.375
vt 0.8125 0.4375
vt 0.75 0.4375
vt 0.75 0.375
vt 0.8125 0.375
vt 0.8125 0.4375
vt 0.75 0.4375
vt 0.75 0.375
vt 0.8125 0.375
vt 0.8125 0.4375
vt 0.75 0.4375
vt 0.75 0.375
vt 0.8125 0.375
vt 0.8125 0.4375
vt 0.75 0.4375
vt 0.75 0.375
vt 0.8125 0.375
vt 0.8125 0.4375
vt 0.75 0.4375
vt 0.75 0.375
vt 0.8125 0.375
vt 0.8125 0.4375
vt 0.75 0.4375
vt 0.75 0.375
vt 0.8125 0.375
vt 0.8125 0.4375
vt 0.75 0.4375
vt 0.75 0.375
vt 0.8125 0.375
vt 0.8125 0.4375
vt 0.75 0.4375
vt 0.75 0.375
vt 0.84375 0.46875
vt 0.84375 0.375
vt 0.9375 0.46875
vt 0.5625 0.75
vt 0.3125 0.75
vt 0.5625 0.5
vt 0.96875 0.46875
vt 0.84375 0.46875
vt 0.84375 0.375
vt 0.96875 0.375
vt 0.875 0.7714499999999969
vt 0.875 0.9374999999999969
vt 0.75 0.9374999999999969
vt 0.75 0.7714499999999969
vt 0.875 0.84375
vt 0.75 0.84375
vt 0.75 1
vt 0.875 1
vt 0.625 0.375
vt 0.5625 0.375
vt 0.5625 0
vt 0.625 0
vt 0.625 0.375
vt 0.5625 0.375
vt 0.5625 0
vt 0.625 0
vt 0.1388908130960089 0.25
vt 0.6736091869039912 0.25
vt 0.703125 0.3125
vt 0.109375 0.3125
vt 0.703125 0.3125
vt 0.109375 0.3125
vt 0.13889081309600887 0.25
vt 0.6736091869039912 0.25
vt 0.625 0.375
vt 0.5625 0.375
vt 0.5625 0
vt 0.625 0
vt 0.625 0.375
vt 0.5625 0.375
vt 0.5625 0
vt 0.625 0
vt 0.1388908130960089 0.25
vt 0.6736091869039912 0.25
vt 0.703125 0.3125
vt 0.109375 0.3125
vt 0.703125 0.3125
vt 0.109375 0.3125
vt 0.13889081309600887 0.25
vt 0.6736091869039912 0.25
vt 0.625 0.375
vt 0.5625 0.375
vt 0.5625 0
vt 0.625 0
vt 0.625 0.375
vt 0.5625 0.375
vt 0.5625 0
vt 0.625 0
vt 0.1388908130960089 0.25
vt 0.6736091869039912 0.25
vt 0.703125 0.3125
vt 0.109375 0.3125
vt 0.703125 0.3125
vt 0.109375 0.3125
vt 0.13889081309600887 0.25
vt 0.6736091869039912 0.25
vt 0.625 0.375
vt 0.5625 0.375
vt 0.5625 0
vt 0.625 0
vt 0.625 0.375
vt 0.5625 0.375
vt 0.5625 0
vt 0.625 0
vt 0.1388908130960089 0.25
vt 0.6736091869039912 0.25
vt 0.703125 0.3125
vt 0.109375 0.3125
vt 0.703125 0.3125
vt 0.109375 0.3125
vt 0.13889081309600887 0.25
vt 0.6736091869039912 0.25
vt 0.625 0.375
vt 0.5625 0.375
vt 0.5625 0
vt 0.625 0
vt 0.625 0.375
vt 0.5625 0.375
vt 0.5625 0
vt 0.625 0
vt 0.1388908130960089 0.25
vt 0.6736091869039912 0.25
vt 0.703125 0.3125
vt 0.109375 0.3125
vt 0.703125 0.3125
vt 0.109375 0.3125
vt 0.13889081309600887 0.25
vt 0.6736091869039912 0.25
vt 0.625 0.375
vt 0.5625 0.375
vt 0.5625 0
vt 0.625 0
vt 0.625 0.375
vt 0.5625 0.375
vt 0.5625 0
vt 0.625 0
vt 0.1388908130960089 0.25
vt 0.6736091869039912 0.25
vt 0.703125 0.3125
vt 0.109375 0.3125
vt 0.703125 0.3125
vt 0.109375 0.3125
vt 0.13889081309600887 0.25
vt 0.6736091869039912 0.25
vt 0.625 0.375
vt 0.5625 0.375
vt 0.5625 0
vt 0.625 0
vt 0.625 0.375
vt 0.5625 0.375
vt 0.5625 0
vt 0.625 0
vt 0.1388908130960089 0.25
vt 0.6736091869039912 0.25
vt 0.703125 0.3125
vt 0.109375 0.3125
vt 0.703125 0.3125
vt 0.109375 0.3125
vt 0.13889081309600887 0.25
vt 0.6736091869039912 0.25
vt 0.625 0.375
vt 0.5625 0.375
vt 0.5625 0
vt 0.625 0
vt 0.625 0.375
vt 0.5625 0.375
vt 0.5625 0
vt 0.625 0
vt 0.1388908130960089 0.25
vt 0.6736091869039912 0.25
vt 0.703125 0.3125
vt 0.109375 0.3125
vt 0.703125 0.3125
vt 0.109375 0.3125
vt 0.13889081309600887 0.25
vt 0.6736091869039912 0.25
vt 9.43689570931383e-16 0.625
vt 0.5312500000000009 0.625
vt 0.5312500000000009 1
vt 9.43689570931383e-16 1
vt 0.15625000000000122 0.5625
vt 0.12500000000000122 0.5625
vt 0.12500000000000122 0.53125
vt 0.15625000000000122 0.53125
vt 0.2336224469780187 0.03125000000000011
vt 0.5788775530219814 0.03125
vt 0.671875 0.25
vt 0.140625 0.25
vt 0.671875 0.25
vt 0.140625 0.25
vt 0.23362244697801868 0.03125
vt 0.5788775530219814 0.03125
vt 9.43689570931383e-16 0.625
vt 0.5312500000000009 0.625
vt 0.5312500000000009 1
vt 9.43689570931383e-16 1
vt 0.15625000000000122 0.5625
vt 0.12500000000000122 0.5625
vt 0.12500000000000122 0.53125
vt 0.15625000000000122 0.53125
vt 0.2336224469780187 0.03125000000000011
vt 0.5788775530219814 0.03125
vt 0.671875 0.25
vt 0.140625 0.25
vt 0.671875 0.25
vt 0.140625 0.25
vt 0.23362244697801868 0.03125
vt 0.5788775530219814 0.03125
vt 9.43689570931383e-16 0.625
vt 0.5312500000000009 0.625
vt 0.5312500000000009 1
vt 9.43689570931383e-16 1
vt 0.15625000000000122 0.5625
vt 0.12500000000000122 0.5625
vt 0.12500000000000122 0.53125
vt 0.15625000000000122 0.53125
vt 0.2336224469780187 0.03125000000000011
vt 0.5788775530219814 0.03125
vt 0.671875 0.25
vt 0.140625 0.25
vt 0.671875 0.25
vt 0.140625 0.25
vt 0.23362244697801868 0.03125
vt 0.5788775530219814 0.03125
vt 9.43689570931383e-16 0.625
vt 0.5312500000000009 0.625
vt 0.5312500000000009 1
vt 9.43689570931383e-16 1
vt 0.15625000000000122 0.5625
vt 0.12500000000000122 0.5625
vt 0.12500000000000122 0.53125
vt 0.15625000000000122 0.53125
vt 0.2336224469780187 0.03125000000000011
vt 0.5788775530219814 0.03125
vt 0.671875 0.25
vt 0.140625 0.25
vt 0.671875 0.25
vt 0.140625 0.25
vt 0.23362244697801868 0.03125
vt 0.5788775530219814 0.03125
vt 9.43689570931383e-16 0.625
vt 0.5312500000000009 0.625
vt 0.5312500000000009 1
vt 9.43689570931383e-16 1
vt 0.15625000000000122 0.5625
vt 0.12500000000000122 0.5625
vt 0.12500000000000122 0.53125
vt 0.15625000000000122 0.53125
vt 0.2336224469780187 0.03125000000000011
vt 0.5788775530219814 0.03125
vt 0.671875 0.25
vt 0.140625 0.25
vt 0.671875 0.25
vt 0.140625 0.25
vt 0.23362244697801868 0.03125
vt 0.5788775530219814 0.03125
vt 9.43689570931383e-16 0.625
vt 0.5312500000000009 0.625
vt 0.5312500000000009 1
vt 9.43689570931383e-16 1
vt 0.15625000000000122 0.5625
vt 0.12500000000000122 0.5625
vt 0.12500000000000122 0.53125
vt 0.15625000000000122 0.53125
vt 0.2336224469780187 0.03125000000000011
vt 0.5788775530219814 0.03125
vt 0.671875 0.25
vt 0.140625 0.25
vt 0.671875 0.25
vt 0.140625 0.25
vt 0.23362244697801868 0.03125
vt 0.5788775530219814 0.03125
vt 9.43689570931383e-16 0.625
vt 0.5312500000000009 0.625
vt 0.5312500000000009 1
vt 9.43689570931383e-16 1
vt 0.15625000000000122 0.5625
vt 0.12500000000000122 0.5625
vt 0.12500000000000122 0.53125
vt 0.15625000000000122 0.53125
vt 0.2336224469780187 0.03125000000000011
vt 0.5788775530219814 0.03125
vt 0.671875 0.25
vt 0.140625 0.25
vt 0.671875 0.25
vt 0.140625 0.25
vt 0.23362244697801868 0.03125
vt 0.5788775530219814 0.03125
vt 9.43689570931383e-16 0.625
vt 0.5312500000000009 0.625
vt 0.5312500000000009 1
vt 9.43689570931383e-16 1
vt 0.15625000000000122 0.5625
vt 0.12500000000000122 0.5625
vt 0.12500000000000122 0.53125
vt 0.15625000000000122 0.53125
vt 0.2336224469780187 0.03125000000000011
vt 0.5788775530219814 0.03125
vt 0.671875 0.25
vt 0.140625 0.25
vt 0.671875 0.25
vt 0.140625 0.25
vt 0.23362244697801868 0.03125
vt 0.5788775530219814 0.03125
vt 1 0.78125
vt 1 1
vt 0.8125 1
vt 0.8125 0.78125
vt 1 0.78125
vt 1 1
vt 0.8125 1
vt 0.8125 0.78125
vt 1 0.78125
vt 1 1
vt 0.8125 1
vt 0.8125 0.78125
vt 1 0.78125
vt 1 1
vt 0.8125 1
vt 0.8125 0.78125
vt 1 0.78125
vt 1 1
vt 0.8125 1
vt 0.8125 0.78125
vt 1 0.78125
vt 1 1
vt 0.8125 1
vt 0.8125 0.78125
vt 1 0.78125
vt 1 1
vt 0.8125 1
vt 0.8125 0.78125
vt 1 0.78125
vt 1 1
vt 0.8125 1
vt 0.8125 0.78125
vt 1 0.78125
vt 1 1
vt 0.8125 1
vt 0.8125 0.78125
vt 1 0.78125
vt 1 1
vt 0.8125 1
vt 0.8125 0.78125
vt 1 0.78125
vt 1 1
vt 0.8125 1
vt 0.8125 0.78125
vt 1 0.78125
vt 1 1
vt 0.8125 1
vt 0.8125 0.78125
vt 1 0.78125
vt 1 1
vt 0.8125 1
vt 0.8125 0.78125
vt 1 0.78125
vt 1 1
vt 0.8125 1
vt 0.8125 0.78125
vt 1 0.78125
vt 1 1
vt 0.8125 1
vt 0.8125 0.78125
vt 1 0.78125
vt 1 1
vt 0.8125 1
vt 0.8125 0.78125
vt 1 0.96875
vt 1 1
vt 0.96875 1
vt 0.96875 0.96875
vt 1 0.96875
vt 1 1
vt 0.96875 1
vt 0.96875 0.96875
vt 1 0.78125
vt 1 1
vt 0.96875 1
vt 0.96875 0.78125
vt 1 0.78125
vt 1 1
vt 0.96875 1
vt 0.96875 0.78125
vt 1 0.96875
vt 1 1
vt 0.96875 1
vt 0.96875 0.96875
vt 1 0.96875
vt 1 1
vt 0.96875 1
vt 0.96875 0.96875
vt 1 0.78125
vt 1 1
vt 0.96875 1
vt 0.96875 0.78125
vt 1 0.78125
vt 1 1
vt 0.96875 1
vt 0.96875 0.78125
vt 1 0.96875
vt 1 1
vt 0.96875 1
vt 0.96875 0.96875
vt 1 0.96875
vt 1 1
vt 0.96875 1
vt 0.96875 0.96875
vt 1 0.78125
vt 1 1
vt 0.96875 1
vt 0.96875 0.78125
vt 1 0.78125
vt 1 1
vt 0.96875 1
vt 0.96875 0.78125
vt 1 0.96875
vt 1 1
vt 0.96875 1
vt 0.96875 0.96875
vt 1 0.96875
vt 1 1
vt 0.96875 1
vt 0.96875 0.96875
vt 1 0.78125
vt 1 1
vt 0.96875 1
vt 0.96875 0.78125
vt 1 0.78125
vt 1 1
vt 0.96875 1
vt 0.96875 0.78125
vt 1 0.96875
vt 1 1
vt 0.96875 1
vt 0.96875 0.96875
vt 1 0.96875
vt 1 1
vt 0.96875 1
vt 0.96875 0.96875
vt 1 0.78125
vt 1 1
vt 0.96875 1
vt 0.96875 0.78125
vt 1 0.78125
vt 1 1
vt 0.96875 1
vt 0.96875 0.78125
vt 1 0.96875
vt 1 1
vt 0.96875 1
vt 0.96875 0.96875
vt 1 0.96875
vt 1 1
vt 0.96875 1
vt 0.96875 0.96875
vt 1 0.78125
vt 1 1
vt 0.96875 1
vt 0.96875 0.78125
vt 1 0.78125
vt 1 1
vt 0.96875 1
vt 0.96875 0.78125
vt 1 0.96875
vt 1 1
vt 0.96875 1
vt 0.96875 0.96875
vt 1 0.96875
vt 1 1
vt 0.96875 1
vt 0.96875 0.96875
vt 1 0.78125
vt 1 1
vt 0.96875 1
vt 0.96875 0.78125
vt 1 0.78125
vt 1 1
vt 0.96875 1
vt 0.96875 0.78125
vt 1 0.96875
vt 1 1
vt 0.96875 1
vt 0.96875 0.96875
vt 1 0.96875
vt 1 1
vt 0.96875 1
vt 0.96875 0.96875
vt 1 0.78125
vt 1 1
vt 0.96875 1
vt 0.96875 0.78125
vt 1 0.78125
vt 1 1
vt 0.96875 1
vt 0.96875 0.78125
vt 0.84375 0.46875
vt 0.84375 0.375
vt 0.9375 0.46875
vt 0.5625 0.75
vt 0.3125 0.75
vt 0.5625 0.5
vt 0.96875 0.46875
vt 0.84375 0.46875
vt 0.84375 0.375
vt 0.96875 0.375
vt 0.875 0.7714499999999969
vt 0.875 0.9374999999999969
vt 0.75 0.9374999999999969
vt 0.75 0.7714499999999969
vt 0.875 0.84375
vt 0.75 0.84375
vt 0.75 1
vt 0.875 1
vt 0.84375 0.46875
vt 0.84375 0.375
vt 0.9375 0.46875
vt 0.5625 0.75
vt 0.3125 0.75
vt 0.5625 0.5
vt 0.96875 0.46875
vt 0.84375 0.46875
vt 0.84375 0.375
vt 0.96875 0.375
vt 0.875 0.7714499999999969
vt 0.875 0.9374999999999969
vt 0.75 0.9374999999999969
vt 0.75 0.7714499999999969
vt 0.875 0.84375
vt 0.75 0.84375
vt 0.75 1
vt 0.875 1
vt 0.375 0
vt 0.625 0
vt 0.625 1
vt 0.375 1
vt 0.375 0
vt 0.625 0
vt 0.625 1
vt 0.375 1
vt 0.375 0
vt 0.625 0
vt 0.625 1
vt 0.375 1
vt 0.375 0
vt 0.625 0
vt 0.625 1
vt 0.375 1
vt 0.375 0.375
vt 0.625 0.375
vt 0.625 0.625
vt 0.375 0.625
vt 0.375 0.375
vt 0.625 0.375
vt 0.625 0.625
vt 0.375 0.625
vt 1 1
vt 0.8125 1
vt 0.8125 0.78125
vt 1 0.78125
vt 1 0.78125
vt 1 1
vt 0.8125 1
vt 0.8125 0.78125
vt 0.25 0.25
vt 0.5625 0.25
vt 0.5625 0.71875
vt 0.25 0.71875
vt 0.5625 0.25
vt 0.5625 0.71875
vt 0.25 0.71875
vt 0.25 0.25
vt 1 0.78125
vt 1 1
vt 0.8125 1
vt 0.8125 0.78125
vt 1 1
vt 0.8125 1
vt 0.8125 0.78125
vt 1 0.78125
vt 0.9531249999999999 0.8741183339169463
vt 0.8593749999999999 0.8741183339169463
vt 0.8124999999999999 0.9998754160830509
vt 0.9999999999999998 0.9998754160830509
vt 1 1
vt 0.9531249999999999 0.8741183339169464
vt 0.8593749999999999 0.8739937499999981
vt 0.8124999999999999 1
vt 0.8125 0.78125
vt 1 0.78125
vt 1 1
vt 0.8125 1
vt 0.09375 0.65625
vt 0.09375 1
vt 0.8125 1
vt 0.8125 0.65625
vt 1 1
vt 0.9531249999999999 0.8741183339169464
vt 0.8593749999999999 0.8739937499999981
vt 0.8124999999999999 1
vt 0.9531249999999999 0.8741183339169463
vt 0.8593749999999999 0.8741183339169463
vt 0.8124999999999999 0.9998754160830509
vt 0.9999999999999998 0.9998754160830509
vt 0.9531249999999999 0.8741183339169463
vt 0.8593749999999999 0.8741183339169463
vt 0.8124999999999999 0.9998754160830509
vt 0.9999999999999998 0.9998754160830509
vt 1 1
vt 0.9531249999999999 0.8741183339169464
vt 0.8593749999999999 0.8739937499999981
vt 0.8124999999999999 1
vt 0.8125 0.78125
vt 1 0.78125
vt 1 1
vt 0.8125 1
vt 0.09375 0.65625
vt 0.09375 1
vt 0.8125 1
vt 0.8125 0.65625
vt 1 1
vt 0.9531249999999999 0.8741183339169464
vt 0.8593749999999999 0.8739937499999981
vt 0.8124999999999999 1
vt 0.9531249999999999 0.8741183339169463
vt 0.8593749999999999 0.8741183339169463
vt 0.8124999999999999 0.9998754160830509
vt 0.9999999999999998 0.9998754160830509
vt 0.84375 0.46875
vt 0.84375 0.375
vt 0.9375 0.46875
vt 0.5625 0.75
vt 0.3125 0.75
vt 0.5625 0.5
vt 0.96875 0.46875
vt 0.84375 0.46875
vt 0.84375 0.375
vt 0.96875 0.375
vt 0.875 0.7714499999999969
vt 0.875 0.9374999999999969
vt 0.75 0.9374999999999969
vt 0.75 0.7714499999999969
vt 0.875 0.84375
vt 0.75 0.84375
vt 0.75 1
vt 0.875 1
vt 0.84375 0.46875
vt 0.84375 0.375
vt 0.9375 0.46875
vt 0.5625 0.75
vt 0.3125 0.75
vt 0.5625 0.5
vt 0.96875 0.46875
vt 0.84375 0.46875
vt 0.84375 0.375
vt 0.96875 0.375
vt 0.875 0.7714499999999969
vt 0.875 0.9374999999999969
vt 0.75 0.9374999999999969
vt 0.75 0.7714499999999969
vt 0.875 0.84375
vt 0.75 0.84375
vt 0.75 1
vt 0.875 1
vt 0.375 0
vt 0.625 0
vt 0.625 1
vt 0.375 1
vt 0.375 0
vt 0.625 0
vt 0.625 1
vt 0.375 1
vt 0.375 0
vt 0.625 0
vt 0.625 1
vt 0.375 1
vt 0.375 0
vt 0.625 0
vt 0.625 1
vt 0.375 1
vt 0.375 0.375
vt 0.625 0.375
vt 0.625 0.625
vt 0.375 0.625
vt 0.375 0.375
vt 0.625 0.375
vt 0.625 0.625
vt 0.375 0.625
vt 1 1
vt 0.8125 1
vt 0.8125 0.78125
vt 1 0.78125
vt 1 0.78125
vt 1 1
vt 0.8125 1
vt 0.8125 0.78125
vt 0.25 0.25
vt 0.5625 0.25
vt 0.5625 0.71875
vt 0.25 0.71875
vt 0.5625 0.25
vt 0.5625 0.71875
vt 0.25 0.71875
vt 0.25 0.25
vt 1 0.78125
vt 1 1
vt 0.8125 1
vt 0.8125 0.78125
vt 1 1
vt 0.8125 1
vt 0.8125 0.78125
vt 1 0.78125
vt 0.9531249999999999 0.8741183339169463
vt 0.8593749999999999 0.8741183339169463
vt 0.8124999999999999 0.9998754160830509
vt 0.9999999999999998 0.9998754160830509
vt 1 1
vt 0.9531249999999999 0.8741183339169464
vt 0.8593749999999999 0.8739937499999981
vt 0.8124999999999999 1
vt 0.8125 0.78125
vt 1 0.78125
vt 1 1
vt 0.8125 1
vt 0.09375 0.65625
vt 0.09375 1
vt 0.8125 1
vt 0.8125 0.65625
vt 1 1
vt 0.9531249999999999 0.8741183339169464
vt 0.8593749999999999 0.8739937499999981
vt 0.8124999999999999 1
vt 0.9531249999999999 0.8741183339169463
vt 0.8593749999999999 0.8741183339169463
vt 0.8124999999999999 0.9998754160830509
vt 0.9999999999999998 0.9998754160830509
vt 0.9531249999999999 0.8741183339169463
vt 0.8593749999999999 0.8741183339169463
vt 0.8124999999999999 0.9998754160830509
vt 0.9999999999999998 0.9998754160830509
vt 1 1
vt 0.9531249999999999 0.8741183339169464
vt 0.8593749999999999 0.8739937499999981
vt 0.8124999999999999 1
vt 0.8125 0.78125
vt 1 0.78125
vt 1 1
vt 0.8125 1
vt 0.09375 0.65625
vt 0.09375 1
vt 0.8125 1
vt 0.8125 0.65625
vt 1 1
vt 0.9531249999999999 0.8741183339169464
vt 0.8593749999999999 0.8739937499999981
vt 0.8124999999999999 1
vt 0.9531249999999999 0.8741183339169463
vt 0.8593749999999999 0.8741183339169463
vt 0.8124999999999999 0.9998754160830509
vt 0.9999999999999998 0.9998754160830509
vt 0.84375 0.46875
vt 0.84375 0.375
vt 0.9375 0.46875
vt 0.5625 0.75
vt 0.3125 0.75
vt 0.5625 0.5
vt 0.96875 0.46875
vt 0.84375 0.46875
vt 0.84375 0.375
vt 0.96875 0.375
vt 0.875 0.7714499999999969
vt 0.875 0.9374999999999969
vt 0.75 0.9374999999999969
vt 0.75 0.7714499999999969
vt 0.875 0.84375
vt 0.75 0.84375
vt 0.75 1
vt 0.875 1
vt 0.84375 0.46875
vt 0.84375 0.375
vt 0.9375 0.46875
vt 0.5625 0.75
vt 0.3125 0.75
vt 0.5625 0.5
vt 0.96875 0.46875
vt 0.84375 0.46875
vt 0.84375 0.375
vt 0.96875 0.375
vt 0.875 0.7714499999999969
vt 0.875 0.9374999999999969
vt 0.75 0.9374999999999969
vt 0.75 0.7714499999999969
vt 0.875 0.84375
vt 0.75 0.84375
vt 0.75 1
vt 0.875 1
vt 0.84375 0.46875
vt 0.84375 0.375
vt 0.9375 0.46875
vt 0.5625 0.75
vt 0.3125 0.75
vt 0.5625 0.5
vt 0.96875 0.46875
vt 0.84375 0.46875
vt 0.84375 0.375
vt 0.96875 0.375
vt 0.875 0.7714499999999969
vt 0.875 0.9374999999999969
vt 0.75 0.9374999999999969
vt 0.75 0.7714499999999969
vt 0.875 0.84375
vt 0.75 0.84375
vt 0.75 1
vt 0.875 1
vt 0.375 0
vt 0.625 0
vt 0.625 1
vt 0.375 1
vt 0.375 0
vt 0.625 0
vt 0.625 1
vt 0.375 1
vt 0.375 0
vt 0.625 0
vt 0.625 1
vt 0.375 1
vt 0.375 0
vt 0.625 0
vt 0.625 1
vt 0.375 1
vt 0.375 0.375
vt 0.625 0.375
vt 0.625 0.625
vt 0.375 0.625
vt 0.375 0.375
vt 0.625 0.375
vt 0.625 0.625
vt 0.375 0.625
vt 1 1
vt 0.8125 1
vt 0.8125 0.78125
vt 1 0.78125
vt 1 0.78125
vt 1 1
vt 0.8125 1
vt 0.8125 0.78125
vt 0.25 0.25
vt 0.5625 0.25
vt 0.5625 0.71875
vt 0.25 0.71875
vt 0.5625 0.25
vt 0.5625 0.71875
vt 0.25 0.71875
vt 0.25 0.25
vt 1 0.78125
vt 1 1
vt 0.8125 1
vt 0.8125 0.78125
vt 1 1
vt 0.8125 1
vt 0.8125 0.78125
vt 1 0.78125
vt 0.9531249999999999 0.8741183339169463
vt 0.8593749999999999 0.8741183339169463
vt 0.8124999999999999 0.9998754160830509
vt 0.9999999999999998 0.9998754160830509
vt 1 1
vt 0.9531249999999999 0.8741183339169464
vt 0.8593749999999999 0.8739937499999981
vt 0.8124999999999999 1
vt 0.8125 0.78125
vt 1 0.78125
vt 1 1
vt 0.8125 1
vt 0.09375 0.65625
vt 0.09375 1
vt 0.8125 1
vt 0.8125 0.65625
vt 1 1
vt 0.9531249999999999 0.8741183339169464
vt 0.8593749999999999 0.8739937499999981
vt 0.8124999999999999 1
vt 0.9531249999999999 0.8741183339169463
vt 0.8593749999999999 0.8741183339169463
vt 0.8124999999999999 0.9998754160830509
vt 0.9999999999999998 0.9998754160830509
vt 0.9531249999999999 0.8741183339169463
vt 0.8593749999999999 0.8741183339169463
vt 0.8124999999999999 0.9998754160830509
vt 0.9999999999999998 0.9998754160830509
vt 1 1
vt 0.9531249999999999 0.8741183339169464
vt 0.8593749999999999 0.8739937499999981
vt 0.8124999999999999 1
vt 0.8125 0.78125
vt 1 0.78125
vt 1 1
vt 0.8125 1
vt 0.09375 0.65625
vt 0.09375 1
vt 0.8125 1
vt 0.8125 0.65625
vt 1 1
vt 0.9531249999999999 0.8741183339169464
vt 0.8593749999999999 0.8739937499999981
vt 0.8124999999999999 1
vt 0.9531249999999999 0.8741183339169463
vt 0.8593749999999999 0.8741183339169463
vt 0.8124999999999999 0.9998754160830509
vt 0.9999999999999998 0.9998754160830509
vt 0.375 0
vt 0.625 0
vt 0.625 1
vt 0.375 1
vt 0.375 0
vt 0.625 0
vt 0.625 1
vt 0.375 1
vt 0.375 0
vt 0.625 0
vt 0.625 1
vt 0.375 1
vt 0.375 0
vt 0.625 0
vt 0.625 1
vt 0.375 1
vt 0.375 0.375
vt 0.625 0.375
vt 0.625 0.625
vt 0.375 0.625
vt 0.375 0.375
vt 0.625 0.375
vt 0.625 0.625
vt 0.375 0.625
vt 1 1
vt 0.8125 1
vt 0.8125 0.78125
vt 1 0.78125
vt 1 0.78125
vt 1 1
vt 0.8125 1
vt 0.8125 0.78125
vt 0.25 0.25
vt 0.5625 0.25
vt 0.5625 0.71875
vt 0.25 0.71875
vt 0.5625 0.25
vt 0.5625 0.71875
vt 0.25 0.71875
vt 0.25 0.25
vt 1 0.78125
vt 1 1
vt 0.8125 1
vt 0.8125 0.78125
vt 1 1
vt 0.8125 1
vt 0.8125 0.78125
vt 1 0.78125
vt 0.9531249999999999 0.8741183339169463
vt 0.8593749999999999 0.8741183339169463
vt 0.8124999999999999 0.9998754160830509
vt 0.9999999999999998 0.9998754160830509
vt 1 1
vt 0.9531249999999999 0.8741183339169464
vt 0.8593749999999999 0.8739937499999981
vt 0.8124999999999999 1
vt 0.8125 0.78125
vt 1 0.78125
vt 1 1
vt 0.8125 1
vt 0.09375 0.65625
vt 0.09375 1
vt 0.8125 1
vt 0.8125 0.65625
vt 1 1
vt 0.9531249999999999 0.8741183339169464
vt 0.8593749999999999 0.8739937499999981
vt 0.8124999999999999 1
vt 0.9531249999999999 0.8741183339169463
vt 0.8593749999999999 0.8741183339169463
vt 0.8124999999999999 0.9998754160830509
vt 0.9999999999999998 0.9998754160830509
vt 0.9531249999999999 0.8741183339169463
vt 0.8593749999999999 0.8741183339169463
vt 0.8124999999999999 0.9998754160830509
vt 0.9999999999999998 0.9998754160830509
vt 1 1
vt 0.9531249999999999 0.8741183339169464
vt 0.8593749999999999 0.8739937499999981
vt 0.8124999999999999 1
vt 0.8125 0.78125
vt 1 0.78125
vt 1 1
vt 0.8125 1
vt 0.09375 0.65625
vt 0.09375 1
vt 0.8125 1
vt 0.8125 0.65625
vt 1 1
vt 0.9531249999999999 0.8741183339169464
vt 0.8593749999999999 0.8739937499999981
vt 0.8124999999999999 1
vt 0.9531249999999999 0.8741183339169463
vt 0.8593749999999999 0.8741183339169463
vt 0.8124999999999999 0.9998754160830509
vt 0.9999999999999998 0.9998754160830509
vt 0.84375 0.46875
vt 0.84375 0.375
vt 0.9375 0.46875
vt 0.5625 0.75
vt 0.3125 0.75
vt 0.5625 0.5
vt 0.96875 0.46875
vt 0.84375 0.46875
vt 0.84375 0.375
vt 0.96875 0.375
vt 0.875 0.7714499999999969
vt 0.875 0.9374999999999969
vt 0.75 0.9374999999999969
vt 0.75 0.7714499999999969
vt 0.875 0.84375
vt 0.75 0.84375
vt 0.75 1
vt 0.875 1
vt 0.84375 0.46875
vt 0.84375 0.375
vt 0.9375 0.46875
vt 0.5625 0.75
vt 0.3125 0.75
vt 0.5625 0.5
vt 0.96875 0.46875
vt 0.84375 0.46875
vt 0.84375 0.375
vt 0.96875 0.375
vt 0.875 0.7714499999999969
vt 0.875 0.9374999999999969
vt 0.75 0.9374999999999969
vt 0.75 0.7714499999999969
vt 0.875 0.84375
vt 0.75 0.84375
vt 0.75 1
vt 0.875 1
vt 0.84375 0.46875
vt 0.84375 0.375
vt 0.9375 0.46875
vt 0.5625 0.75
vt 0.3125 0.75
vt 0.5625 0.5
vt 0.96875 0.46875
vt 0.84375 0.46875
vt 0.84375 0.375
vt 0.96875 0.375
vt 0.875 0.7714499999999969
vt 0.875 0.9374999999999969
vt 0.75 0.9374999999999969
vt 0.75 0.7714499999999969
vt 0.875 0.84375
vt 0.75 0.84375
vt 0.75 1
vt 0.875 1
vt 0.375 0
vt 0.625 0
vt 0.625 1
vt 0.375 1
vt 0.375 0
vt 0.625 0
vt 0.625 1
vt 0.375 1
vt 0.375 0
vt 0.625 0
vt 0.625 1
vt 0.375 1
vt 0.375 0
vt 0.625 0
vt 0.625 1
vt 0.375 1
vt 0.375 0.375
vt 0.625 0.375
vt 0.625 0.625
vt 0.375 0.625
vt 0.375 0.375
vt 0.625 0.375
vt 0.625 0.625
vt 0.375 0.625
vt 1 1
vt 0.8125 1
vt 0.8125 0.78125
vt 1 0.78125
vt 1 0.78125
vt 1 1
vt 0.8125 1
vt 0.8125 0.78125
vt 0.25 0.25
vt 0.5625 0.25
vt 0.5625 0.71875
vt 0.25 0.71875
vt 0.5625 0.25
vt 0.5625 0.71875
vt 0.25 0.71875
vt 0.25 0.25
vt 1 0.78125
vt 1 1
vt 0.8125 1
vt 0.8125 0.78125
vt 1 1
vt 0.8125 1
vt 0.8125 0.78125
vt 1 0.78125
vt 0.9531249999999999 0.8741183339169463
vt 0.8593749999999999 0.8741183339169463
vt 0.8124999999999999 0.9998754160830509
vt 0.9999999999999998 0.9998754160830509
vt 1 1
vt 0.9531249999999999 0.8741183339169464
vt 0.8593749999999999 0.8739937499999981
vt 0.8124999999999999 1
vt 0.8125 0.78125
vt 1 0.78125
vt 1 1
vt 0.8125 1
vt 0.09375 0.65625
vt 0.09375 1
vt 0.8125 1
vt 0.8125 0.65625
vt 1 1
vt 0.9531249999999999 0.8741183339169464
vt 0.8593749999999999 0.8739937499999981
vt 0.8124999999999999 1
vt 0.9531249999999999 0.8741183339169463
vt 0.8593749999999999 0.8741183339169463
vt 0.8124999999999999 0.9998754160830509
vt 0.9999999999999998 0.9998754160830509
vt 0.9531249999999999 0.8741183339169463
vt 0.8593749999999999 0.8741183339169463
vt 0.8124999999999999 0.9998754160830509
vt 0.9999999999999998 0.9998754160830509
vt 1 1
vt 0.9531249999999999 0.8741183339169464
vt 0.8593749999999999 0.8739937499999981
vt 0.8124999999999999 1
vt 0.8125 0.78125
vt 1 0.78125
vt 1 1
vt 0.8125 1
vt 0.09375 0.65625
vt 0.09375 1
vt 0.8125 1
vt 0.8125 0.65625
vt 1 1
vt 0.9531249999999999 0.8741183339169464
vt 0.8593749999999999 0.8739937499999981
vt 0.8124999999999999 1
vt 0.9531249999999999 0.8741183339169463
vt 0.8593749999999999 0.8741183339169463
vt 0.8124999999999999 0.9998754160830509
vt 0.9999999999999998 0.9998754160830509
vt 0.84375 0.46875
vt 0.84375 0.375
vt 0.9375 0.46875
vt 0.5625 0.75
vt 0.3125 0.75
vt 0.5625 0.5
vt 0.96875 0.46875
vt 0.84375 0.46875
vt 0.84375 0.375
vt 0.96875 0.375
vt 0.875 0.7714499999999969
vt 0.875 0.9374999999999969
vt 0.75 0.9374999999999969
vt 0.75 0.7714499999999969
vt 0.875 0.84375
vt 0.75 0.84375
vt 0.75 1
vt 0.875 1
vt 0.375 0
vt 0.625 0
vt 0.625 1
vt 0.375 1
vt 0.375 0
vt 0.625 0
vt 0.625 1
vt 0.375 1
vt 0.375 0
vt 0.625 0
vt 0.625 1
vt 0.375 1
vt 0.375 0
vt 0.625 0
vt 0.625 1
vt 0.375 1
vt 0.375 0.375
vt 0.625 0.375
vt 0.625 0.625
vt 0.375 0.625
vt 0.375 0.375
vt 0.625 0.375
vt 0.625 0.625
vt 0.375 0.625
vt 1 1
vt 0.8125 1
vt 0.8125 0.78125
vt 1 0.78125
vt 1 0.78125
vt 1 1
vt 0.8125 1
vt 0.8125 0.78125
vt 0.25 0.25
vt 0.5625 0.25
vt 0.5625 0.71875
vt 0.25 0.71875
vt 0.5625 0.25
vt 0.5625 0.71875
vt 0.25 0.71875
vt 0.25 0.25
vt 1 0.78125
vt 1 1
vt 0.8125 1
vt 0.8125 0.78125
vt 1 1
vt 0.8125 1
vt 0.8125 0.78125
vt 1 0.78125
vt 0.9531249999999999 0.8741183339169463
vt 0.8593749999999999 0.8741183339169463
vt 0.8124999999999999 0.9998754160830509
vt 0.9999999999999998 0.9998754160830509
vt 1 1
vt 0.9531249999999999 0.8741183339169464
vt 0.8593749999999999 0.8739937499999981
vt 0.8124999999999999 1
vt 0.8125 0.78125
vt 1 0.78125
vt 1 1
vt 0.8125 1
vt 0.09375 0.65625
vt 0.09375 1
vt 0.8125 1
vt 0.8125 0.65625
vt 1 1
vt 0.9531249999999999 0.8741183339169464
vt 0.8593749999999999 0.8739937499999981
vt 0.8124999999999999 1
vt 0.9531249999999999 0.8741183339169463
vt 0.8593749999999999 0.8741183339169463
vt 0.8124999999999999 0.9998754160830509
vt 0.9999999999999998 0.9998754160830509
vt 0.9531249999999999 0.8741183339169463
vt 0.8593749999999999 0.8741183339169463
vt 0.8124999999999999 0.9998754160830509
vt 0.9999999999999998 0.9998754160830509
vt 1 1
vt 0.9531249999999999 0.8741183339169464
vt 0.8593749999999999 0.8739937499999981
vt 0.8124999999999999 1
vt 0.8125 0.78125
vt 1 0.78125
vt 1 1
vt 0.8125 1
vt 0.09375 0.65625
vt 0.09375 1
vt 0.8125 1
vt 0.8125 0.65625
vt 1 1
vt 0.9531249999999999 0.8741183339169464
vt 0.8593749999999999 0.8739937499999981
vt 0.8124999999999999 1
vt 0.9531249999999999 0.8741183339169463
vt 0.8593749999999999 0.8741183339169463
vt 0.8124999999999999 0.9998754160830509
vt 0.9999999999999998 0.9998754160830509
vt 0.84375 0.46875
vt 0.84375 0.375
vt 0.9375 0.46875
vt 0.5625 0.75
vt 0.3125 0.75
vt 0.5625 0.5
vt 0.96875 0.46875
vt 0.84375 0.46875
vt 0.84375 0.375
vt 0.96875 0.375
vt 0.875 0.7714499999999969
vt 0.875 0.9374999999999969
vt 0.75 0.9374999999999969
vt 0.75 0.7714499999999969
vt 0.875 0.84375
vt 0.75 0.84375
vt 0.75 1
vt 0.875 1
vt 0.84375 0.46875
vt 0.84375 0.375
vt 0.9375 0.46875
vt 0.5625 0.75
vt 0.3125 0.75
vt 0.5625 0.5
vt 0.96875 0.46875
vt 0.84375 0.46875
vt 0.84375 0.375
vt 0.96875 0.375
vt 0.875 0.7714499999999969
vt 0.875 0.9374999999999969
vt 0.75 0.9374999999999969
vt 0.75 0.7714499999999969
vt 0.875 0.84375
vt 0.75 0.84375
vt 0.75 1
vt 0.875 1
vt 0.84375 0.46875
vt 0.84375 0.375
vt 0.9375 0.46875
vt 0.5625 0.75
vt 0.3125 0.75
vt 0.5625 0.5
vt 0.96875 0.46875
vt 0.84375 0.46875
vt 0.84375 0.375
vt 0.96875 0.375
vt 0.875 0.7714499999999969
vt 0.875 0.9374999999999969
vt 0.75 0.9374999999999969
vt 0.75 0.7714499999999969
vt 0.875 0.84375
vt 0.75 0.84375
vt 0.75 1
vt 0.875 1
vt 0.375 0
vt 0.625 0
vt 0.625 1
vt 0.375 1
vt 0.375 0
vt 0.625 0
vt 0.625 1
vt 0.375 1
vt 0.375 0
vt 0.625 0
vt 0.625 1
vt 0.375 1
vt 0.375 0
vt 0.625 0
vt 0.625 1
vt 0.375 1
vt 0.375 0.375
vt 0.625 0.375
vt 0.625 0.625
vt 0.375 0.625
vt 0.375 0.375
vt 0.625 0.375
vt 0.625 0.625
vt 0.375 0.625
vt 1 1
vt 0.8125 1
vt 0.8125 0.78125
vt 1 0.78125
vt 1 0.78125
vt 1 1
vt 0.8125 1
vt 0.8125 0.78125
vt 0.25 0.25
vt 0.5625 0.25
vt 0.5625 0.71875
vt 0.25 0.71875
vt 0.5625 0.25
vt 0.5625 0.71875
vt 0.25 0.71875
vt 0.25 0.25
vt 1 0.78125
vt 1 1
vt 0.8125 1
vt 0.8125 0.78125
vt 1 1
vt 0.8125 1
vt 0.8125 0.78125
vt 1 0.78125
vt 0.9531249999999999 0.8741183339169463
vt 0.8593749999999999 0.8741183339169463
vt 0.8124999999999999 0.9998754160830509
vt 0.9999999999999998 0.9998754160830509
vt 1 1
vt 0.9531249999999999 0.8741183339169464
vt 0.8593749999999999 0.8739937499999981
vt 0.8124999999999999 1
vt 0.8125 0.78125
vt 1 0.78125
vt 1 1
vt 0.8125 1
vt 0.09375 0.65625
vt 0.09375 1
vt 0.8125 1
vt 0.8125 0.65625
vt 1 1
vt 0.9531249999999999 0.8741183339169464
vt 0.8593749999999999 0.8739937499999981
vt 0.8124999999999999 1
vt 0.9531249999999999 0.8741183339169463
vt 0.8593749999999999 0.8741183339169463
vt 0.8124999999999999 0.9998754160830509
vt 0.9999999999999998 0.9998754160830509
vt 0.9531249999999999 0.8741183339169463
vt 0.8593749999999999 0.8741183339169463
vt 0.8124999999999999 0.9998754160830509
vt 0.9999999999999998 0.9998754160830509
vt 1 1
vt 0.9531249999999999 0.8741183339169464
vt 0.8593749999999999 0.8739937499999981
vt 0.8124999999999999 1
vt 0.8125 0.78125
vt 1 0.78125
vt 1 1
vt 0.8125 1
vt 0.09375 0.65625
vt 0.09375 1
vt 0.8125 1
vt 0.8125 0.65625
vt 1 1
vt 0.9531249999999999 0.8741183339169464
vt 0.8593749999999999 0.8739937499999981
vt 0.8124999999999999 1
vt 0.9531249999999999 0.8741183339169463
vt 0.8593749999999999 0.8741183339169463
vt 0.8124999999999999 0.9998754160830509
vt 0.9999999999999998 0.9998754160830509
vt 0.84375 0.46875
vt 0.84375 0.375
vt 0.9375 0.46875
vt 0.5625 0.75
vt 0.3125 0.75
vt 0.5625 0.5
vt 0.96875 0.46875
vt 0.84375 0.46875
vt 0.84375 0.375
vt 0.96875 0.375
vt 0.875 0.7714499999999969
vt 0.875 0.9374999999999969
vt 0.75 0.9374999999999969
vt 0.75 0.7714499999999969
vt 0.875 0.84375
vt 0.75 0.84375
vt 0.75 1
vt 0.875 1
vt 0.375 0
vt 0.625 0
vt 0.625 1
vt 0.375 1
vt 0.375 0
vt 0.625 0
vt 0.625 1
vt 0.375 1
vt 0.375 0
vt 0.625 0
vt 0.625 1
vt 0.375 1
vt 0.375 0
vt 0.625 0
vt 0.625 1
vt 0.375 1
vt 0.375 0.375
vt 0.625 0.375
vt 0.625 0.625
vt 0.375 0.625
vt 0.375 0.375
vt 0.625 0.375
vt 0.625 0.625
vt 0.375 0.625
vt 1 1
vt 0.8125 1
vt 0.8125 0.78125
vt 1 0.78125
vt 1 0.78125
vt 1 1
vt 0.8125 1
vt 0.8125 0.78125
vt 0.25 0.25
vt 0.5625 0.25
vt 0.5625 0.71875
vt 0.25 0.71875
vt 0.5625 0.25
vt 0.5625 0.71875
vt 0.25 0.71875
vt 0.25 0.25
vt 1 0.78125
vt 1 1
vt 0.8125 1
vt 0.8125 0.78125
vt 1 1
vt 0.8125 1
vt 0.8125 0.78125
vt 1 0.78125
vt 0.9531249999999999 0.8741183339169463
vt 0.8593749999999999 0.8741183339169463
vt 0.8124999999999999 0.9998754160830509
vt 0.9999999999999998 0.9998754160830509
vt 1 1
vt 0.9531249999999999 0.8741183339169464
vt 0.8593749999999999 0.8739937499999981
vt 0.8124999999999999 1
vt 0.8125 0.78125
vt 1 0.78125
vt 1 1
vt 0.8125 1
vt 0.09375 0.65625
vt 0.09375 1
vt 0.8125 1
vt 0.8125 0.65625
vt 1 1
vt 0.9531249999999999 0.8741183339169464
vt 0.8593749999999999 0.8739937499999981
vt 0.8124999999999999 1
vt 0.9531249999999999 0.8741183339169463
vt 0.8593749999999999 0.8741183339169463
vt 0.8124999999999999 0.9998754160830509
vt 0.9999999999999998 0.9998754160830509
vt 0.9531249999999999 0.8741183339169463
vt 0.8593749999999999 0.8741183339169463
vt 0.8124999999999999 0.9998754160830509
vt 0.9999999999999998 0.9998754160830509
vt 1 1
vt 0.9531249999999999 0.8741183339169464
vt 0.8593749999999999 0.8739937499999981
vt 0.8124999999999999 1
vt 0.8125 0.78125
vt 1 0.78125
vt 1 1
vt 0.8125 1
vt 0.09375 0.65625
vt 0.09375 1
vt 0.8125 1
vt 0.8125 0.65625
vt 1 1
vt 0.9531249999999999 0.8741183339169464
vt 0.8593749999999999 0.8739937499999981
vt 0.8124999999999999 1
vt 0.9531249999999999 0.8741183339169463
vt 0.8593749999999999 0.8741183339169463
vt 0.8124999999999999 0.9998754160830509
vt 0.9999999999999998 0.9998754160830509
vt 0.84375 0.46875
vt 0.84375 0.375
vt 0.9375 0.46875
vt 0.5625 0.75
vt 0.3125 0.75
vt 0.5625 0.5
vt 0.96875 0.46875
vt 0.84375 0.46875
vt 0.84375 0.375
vt 0.96875 0.375
vt 0.875 0.7714499999999969
vt 0.875 0.9374999999999969
vt 0.75 0.9374999999999969
vt 0.75 0.7714499999999969
vt 0.875 0.84375
vt 0.75 0.84375
vt 0.75 1
vt 0.875 1
vt 0.84375 0.46875
vt 0.84375 0.375
vt 0.9375 0.46875
vt 0.5625 0.75
vt 0.3125 0.75
vt 0.5625 0.5
vt 0.96875 0.46875
vt 0.84375 0.46875
vt 0.84375 0.375
vt 0.96875 0.375
vt 0.875 0.7714499999999969
vt 0.875 0.9374999999999969
vt 0.75 0.9374999999999969
vt 0.75 0.7714499999999969
vt 0.875 0.84375
vt 0.75 0.84375
vt 0.75 1
vt 0.875 1
vt 0.84375 0.46875
vt 0.84375 0.375
vt 0.9375 0.46875
vt 0.5625 0.75
vt 0.3125 0.75
vt 0.5625 0.5
vt 0.96875 0.46875
vt 0.84375 0.46875
vt 0.84375 0.375
vt 0.96875 0.375
vt 0.875 0.7714499999999969
vt 0.875 0.9374999999999969
vt 0.75 0.9374999999999969
vt 0.75 0.7714499999999969
vt 0.875 0.84375
vt 0.75 0.84375
vt 0.75 1
vt 0.875 1
vt 0.375 0
vt 0.625 0
vt 0.625 1
vt 0.375 1
vt 0.375 0
vt 0.625 0
vt 0.625 1
vt 0.375 1
vt 0.375 0
vt 0.625 0
vt 0.625 1
vt 0.375 1
vt 0.375 0
vt 0.625 0
vt 0.625 1
vt 0.375 1
vt 0.375 0.375
vt 0.625 0.375
vt 0.625 0.625
vt 0.375 0.625
vt 0.375 0.375
vt 0.625 0.375
vt 0.625 0.625
vt 0.375 0.625
vt 1 1
vt 0.8125 1
vt 0.8125 0.78125
vt 1 0.78125
vt 1 0.78125
vt 1 1
vt 0.8125 1
vt 0.8125 0.78125
vt 0.25 0.25
vt 0.5625 0.25
vt 0.5625 0.71875
vt 0.25 0.71875
vt 0.5625 0.25
vt 0.5625 0.71875
vt 0.25 0.71875
vt 0.25 0.25
vt 1 0.78125
vt 1 1
vt 0.8125 1
vt 0.8125 0.78125
vt 1 1
vt 0.8125 1
vt 0.8125 0.78125
vt 1 0.78125
vt 0.9531249999999999 0.8741183339169463
vt 0.8593749999999999 0.8741183339169463
vt 0.8124999999999999 0.9998754160830509
vt 0.9999999999999998 0.9998754160830509
vt 1 1
vt 0.9531249999999999 0.8741183339169464
vt 0.8593749999999999 0.8739937499999981
vt 0.8124999999999999 1
vt 0.8125 0.78125
vt 1 0.78125
vt 1 1
vt 0.8125 1
vt 0.09375 0.65625
vt 0.09375 1
vt 0.8125 1
vt 0.8125 0.65625
vt 1 1
vt 0.9531249999999999 0.8741183339169464
vt 0.8593749999999999 0.8739937499999981
vt 0.8124999999999999 1
vt 0.9531249999999999 0.8741183339169463
vt 0.8593749999999999 0.8741183339169463
vt 0.8124999999999999 0.9998754160830509
vt 0.9999999999999998 0.9998754160830509
vt 0.9531249999999999 0.8741183339169463
vt 0.8593749999999999 0.8741183339169463
vt 0.8124999999999999 0.9998754160830509
vt 0.9999999999999998 0.9998754160830509
vt 1 1
vt 0.9531249999999999 0.8741183339169464
vt 0.8593749999999999 0.8739937499999981
vt 0.8124999999999999 1
vt 0.8125 0.78125
vt 1 0.78125
vt 1 1
vt 0.8125 1
vt 0.09375 0.65625
vt 0.09375 1
vt 0.8125 1
vt 0.8125 0.65625
vt 1 1
vt 0.9531249999999999 0.8741183339169464
vt 0.8593749999999999 0.8739937499999981
vt 0.8124999999999999 1
vt 0.9531249999999999 0.8741183339169463
vt 0.8593749999999999 0.8741183339169463
vt 0.8124999999999999 0.9998754160830509
vt 0.9999999999999998 0.9998754160830509
vt 0.84375 0.46875
vt 0.84375 0.375
vt 0.9375 0.46875
vt 0.5625 0.75
vt 0.3125 0.75
vt 0.5625 0.5
vt 0.96875 0.46875
vt 0.84375 0.46875
vt 0.84375 0.375
vt 0.96875 0.375
vt 0.875 0.7714499999999969
vt 0.875 0.9374999999999969
vt 0.75 0.9374999999999969
vt 0.75 0.7714499999999969
vt 0.875 0.84375
vt 0.75 0.84375
vt 0.75 1
vt 0.875 1
vt 0.375 0
vt 0.625 0
vt 0.625 1
vt 0.375 1
vt 0.375 0
vt 0.625 0
vt 0.625 1
vt 0.375 1
vt 0.375 0
vt 0.625 0
vt 0.625 1
vt 0.375 1
vt 0.375 0
vt 0.625 0
vt 0.625 1
vt 0.375 1
vt 0.375 0.375
vt 0.625 0.375
vt 0.625 0.625
vt 0.375 0.625
vt 0.375 0.375
vt 0.625 0.375
vt 0.625 0.625
vt 0.375 0.625
vt 1 1
vt 0.8125 1
vt 0.8125 0.78125
vt 1 0.78125
vt 1 0.78125
vt 1 1
vt 0.8125 1
vt 0.8125 0.78125
vt 0.25 0.25
vt 0.5625 0.25
vt 0.5625 0.71875
vt 0.25 0.71875
vt 0.5625 0.25
vt 0.5625 0.71875
vt 0.25 0.71875
vt 0.25 0.25
vt 1 0.78125
vt 1 1
vt 0.8125 1
vt 0.8125 0.78125
vt 1 1
vt 0.8125 1
vt 0.8125 0.78125
vt 1 0.78125
vt 0.9531249999999999 0.8741183339169463
vt 0.8593749999999999 0.8741183339169463
vt 0.8124999999999999 0.9998754160830509
vt 0.9999999999999998 0.9998754160830509
vt 1 1
vt 0.9531249999999999 0.8741183339169464
vt 0.8593749999999999 0.8739937499999981
vt 0.8124999999999999 1
vt 0.8125 0.78125
vt 1 0.78125
vt 1 1
vt 0.8125 1
vt 0.09375 0.65625
vt 0.09375 1
vt 0.8125 1
vt 0.8125 0.65625
vt 1 1
vt 0.9531249999999999 0.8741183339169464
vt 0.8593749999999999 0.8739937499999981
vt 0.8124999999999999 1
vt 0.9531249999999999 0.8741183339169463
vt 0.8593749999999999 0.8741183339169463
vt 0.8124999999999999 0.9998754160830509
vt 0.9999999999999998 0.9998754160830509
vt 0.9531249999999999 0.8741183339169463
vt 0.8593749999999999 0.8741183339169463
vt 0.8124999999999999 0.9998754160830509
vt 0.9999999999999998 0.9998754160830509
vt 1 1
vt 0.9531249999999999 0.8741183339169464
vt 0.8593749999999999 0.8739937499999981
vt 0.8124999999999999 1
vt 0.8125 0.78125
vt 1 0.78125
vt 1 1
vt 0.8125 1
vt 0.09375 0.65625
vt 0.09375 1
vt 0.8125 1
vt 0.8125 0.65625
vt 1 1
vt 0.9531249999999999 0.8741183339169464
vt 0.8593749999999999 0.8739937499999981
vt 0.8124999999999999 1
vt 0.9531249999999999 0.8741183339169463
vt 0.8593749999999999 0.8741183339169463
vt 0.8124999999999999 0.9998754160830509
vt 0.9999999999999998 0.9998754160830509
vt 0.84375 0.46875
vt 0.84375 0.375
vt 0.9375 0.46875
vt 0.5625 0.75
vt 0.3125 0.75
vt 0.5625 0.5
vt 0.96875 0.46875
vt 0.84375 0.46875
vt 0.84375 0.375
vt 0.96875 0.375
vt 0.875 0.7714499999999969
vt 0.875 0.9374999999999969
vt 0.75 0.9374999999999969
vt 0.75 0.7714499999999969
vt 0.875 0.84375
vt 0.75 0.84375
vt 0.75 1
vt 0.875 1
vt 0.84375 0.46875
vt 0.84375 0.375
vt 0.9375 0.46875
vt 0.5625 0.75
vt 0.3125 0.75
vt 0.5625 0.5
vt 0.96875 0.46875
vt 0.84375 0.46875
vt 0.84375 0.375
vt 0.96875 0.375
vt 0.875 0.7714499999999969
vt 0.875 0.9374999999999969
vt 0.75 0.9374999999999969
vt 0.75 0.7714499999999969
vt 0.875 0.84375
vt 0.75 0.84375
vt 0.75 1
vt 0.875 1
vt 0.84375 0.46875
vt 0.84375 0.375
vt 0.9375 0.46875
vt 0.5625 0.75
vt 0.3125 0.75
vt 0.5625 0.5
vt 0.96875 0.46875
vt 0.84375 0.46875
vt 0.84375 0.375
vt 0.96875 0.375
vt 0.875 0.7714499999999969
vt 0.875 0.9374999999999969
vt 0.75 0.9374999999999969
vt 0.75 0.7714499999999969
vt 0.875 0.84375
vt 0.75 0.84375
vt 0.75 1
vt 0.875 1
vt 0.375 0
vt 0.625 0
vt 0.625 1
vt 0.375 1
vt 0.375 0
vt 0.625 0
vt 0.625 1
vt 0.375 1
vt 0.375 0
vt 0.625 0
vt 0.625 1
vt 0.375 1
vt 0.375 0
vt 0.625 0
vt 0.625 1
vt 0.375 1
vt 0.375 0.375
vt 0.625 0.375
vt 0.625 0.625
vt 0.375 0.625
vt 0.375 0.375
vt 0.625 0.375
vt 0.625 0.625
vt 0.375 0.625
vt 1 1
vt 0.8125 1
vt 0.8125 0.78125
vt 1 0.78125
vt 1 0.78125
vt 1 1
vt 0.8125 1
vt 0.8125 0.78125
vt 0.25 0.25
vt 0.5625 0.25
vt 0.5625 0.71875
vt 0.25 0.71875
vt 0.5625 0.25
vt 0.5625 0.71875
vt 0.25 0.71875
vt 0.25 0.25
vt 1 0.78125
vt 1 1
vt 0.8125 1
vt 0.8125 0.78125
vt 1 1
vt 0.8125 1
vt 0.8125 0.78125
vt 1 0.78125
vt 0.9531249999999999 0.8741183339169463
vt 0.8593749999999999 0.8741183339169463
vt 0.8124999999999999 0.9998754160830509
vt 0.9999999999999998 0.9998754160830509
vt 1 1
vt 0.9531249999999999 0.8741183339169464
vt 0.8593749999999999 0.8739937499999981
vt 0.8124999999999999 1
vt 0.8125 0.78125
vt 1 0.78125
vt 1 1
vt 0.8125 1
vt 0.09375 0.65625
vt 0.09375 1
vt 0.8125 1
vt 0.8125 0.65625
vt 1 1
vt 0.9531249999999999 0.8741183339169464
vt 0.8593749999999999 0.8739937499999981
vt 0.8124999999999999 1
vt 0.9531249999999999 0.8741183339169463
vt 0.8593749999999999 0.8741183339169463
vt 0.8124999999999999 0.9998754160830509
vt 0.9999999999999998 0.9998754160830509
vt 0.9531249999999999 0.8741183339169463
vt 0.8593749999999999 0.8741183339169463
vt 0.8124999999999999 0.9998754160830509
vt 0.9999999999999998 0.9998754160830509
vt 1 1
vt 0.9531249999999999 0.8741183339169464
vt 0.8593749999999999 0.8739937499999981
vt 0.8124999999999999 1
vt 0.8125 0.78125
vt 1 0.78125
vt 1 1
vt 0.8125 1
vt 0.09375 0.65625
vt 0.09375 1
vt 0.8125 1
vt 0.8125 0.65625
vt 1 1
vt 0.9531249999999999 0.8741183339169464
vt 0.8593749999999999 0.8739937499999981
vt 0.8124999999999999 1
vt 0.9531249999999999 0.8741183339169463
vt 0.8593749999999999 0.8741183339169463
vt 0.8124999999999999 0.9998754160830509
vt 0.9999999999999998 0.9998754160830509
vt 0.84375 0.46875
vt 0.84375 0.375
vt 0.9375 0.46875
vt 0.5625 0.75
vt 0.3125 0.75
vt 0.5625 0.5
vt 0.96875 0.46875
vt 0.84375 0.46875
vt 0.84375 0.375
vt 0.96875 0.375
vt 0.875 0.7714499999999969
vt 0.875 0.9374999999999969
vt 0.75 0.9374999999999969
vt 0.75 0.7714499999999969
vt 0.875 0.84375
vt 0.75 0.84375
vt 0.75 1
vt 0.875 1
vt 0.375 0
vt 0.625 0
vt 0.625 1
vt 0.375 1
vt 0.375 0
vt 0.625 0
vt 0.625 1
vt 0.375 1
vt 0.375 0
vt 0.625 0
vt 0.625 1
vt 0.375 1
vt 0.375 0
vt 0.625 0
vt 0.625 1
vt 0.375 1
vt 0.375 0.375
vt 0.625 0.375
vt 0.625 0.625
vt 0.375 0.625
vt 0.375 0.375
vt 0.625 0.375
vt 0.625 0.625
vt 0.375 0.625
vt 1 1
vt 0.8125 1
vt 0.8125 0.78125
vt 1 0.78125
vt 1 0.78125
vt 1 1
vt 0.8125 1
vt 0.8125 0.78125
vt 0.25 0.25
vt 0.5625 0.25
vt 0.5625 0.71875
vt 0.25 0.71875
vt 0.5625 0.25
vt 0.5625 0.71875
vt 0.25 0.71875
vt 0.25 0.25
vt 1 0.78125
vt 1 1
vt 0.8125 1
vt 0.8125 0.78125
vt 1 1
vt 0.8125 1
vt 0.8125 0.78125
vt 1 0.78125
vt 0.9531249999999999 0.8741183339169463
vt 0.8593749999999999 0.8741183339169463
vt 0.8124999999999999 0.9998754160830509
vt 0.9999999999999998 0.9998754160830509
vt 1 1
vt 0.9531249999999999 0.8741183339169464
vt 0.8593749999999999 0.8739937499999981
vt 0.8124999999999999 1
vt 0.8125 0.78125
vt 1 0.78125
vt 1 1
vt 0.8125 1
vt 0.09375 0.65625
vt 0.09375 1
vt 0.8125 1
vt 0.8125 0.65625
vt 1 1
vt 0.9531249999999999 0.8741183339169464
vt 0.8593749999999999 0.8739937499999981
vt 0.8124999999999999 1
vt 0.9531249999999999 0.8741183339169463
vt 0.8593749999999999 0.8741183339169463
vt 0.8124999999999999 0.9998754160830509
vt 0.9999999999999998 0.9998754160830509
vt 0.9531249999999999 0.8741183339169463
vt 0.8593749999999999 0.8741183339169463
vt 0.8124999999999999 0.9998754160830509
vt 0.9999999999999998 0.9998754160830509
vt 1 1
vt 0.9531249999999999 0.8741183339169464
vt 0.8593749999999999 0.8739937499999981
vt 0.8124999999999999 1
vt 0.8125 0.78125
vt 1 0.78125
vt 1 1
vt 0.8125 1
vt 0.09375 0.65625
vt 0.09375 1
vt 0.8125 1
vt 0.8125 0.65625
vt 1 1
vt 0.9531249999999999 0.8741183339169464
vt 0.8593749999999999 0.8739937499999981
vt 0.8124999999999999 1
vt 0.9531249999999999 0.8741183339169463
vt 0.8593749999999999 0.8741183339169463
vt 0.8124999999999999 0.9998754160830509
vt 0.9999999999999998 0.9998754160830509
vt 0.84375 0.46875
vt 0.84375 0.375
vt 0.9375 0.46875
vt 0.5625 0.75
vt 0.3125 0.75
vt 0.5625 0.5
vt 0.96875 0.46875
vt 0.84375 0.46875
vt 0.84375 0.375
vt 0.96875 0.375
vt 0.875 0.7714499999999969
vt 0.875 0.9374999999999969
vt 0.75 0.9374999999999969
vt 0.75 0.7714499999999969
vt 0.875 0.84375
vt 0.75 0.84375
vt 0.75 1
vt 0.875 1
vt 0.84375 0.46875
vt 0.84375 0.375
vt 0.9375 0.46875
vt 0.5625 0.75
vt 0.3125 0.75
vt 0.5625 0.5
vt 0.96875 0.46875
vt 0.84375 0.46875
vt 0.84375 0.375
vt 0.96875 0.375
vt 0.875 0.7714499999999969
vt 0.875 0.9374999999999969
vt 0.75 0.9374999999999969
vt 0.75 0.7714499999999969
vt 0.875 0.84375
vt 0.75 0.84375
vt 0.75 1
vt 0.875 1
vt 0.84375 0.46875
vt 0.84375 0.375
vt 0.9375 0.46875
vt 0.5625 0.75
vt 0.3125 0.75
vt 0.5625 0.5
vt 0.96875 0.46875
vt 0.84375 0.46875
vt 0.84375 0.375
vt 0.96875 0.375
vt 0.875 0.7714499999999969
vt 0.875 0.9374999999999969
vt 0.75 0.9374999999999969
vt 0.75 0.7714499999999969
vt 0.875 0.84375
vt 0.75 0.84375
vt 0.75 1
vt 0.875 1
vt 0.375 0
vt 0.625 0
vt 0.625 1
vt 0.375 1
vt 0.375 0
vt 0.625 0
vt 0.625 1
vt 0.375 1
vt 0.375 0
vt 0.625 0
vt 0.625 1
vt 0.375 1
vt 0.375 0
vt 0.625 0
vt 0.625 1
vt 0.375 1
vt 0.375 0.375
vt 0.625 0.375
vt 0.625 0.625
vt 0.375 0.625
vt 0.375 0.375
vt 0.625 0.375
vt 0.625 0.625
vt 0.375 0.625
vt 1 1
vt 0.8125 1
vt 0.8125 0.78125
vt 1 0.78125
vt 1 0.78125
vt 1 1
vt 0.8125 1
vt 0.8125 0.78125
vt 0.25 0.25
vt 0.5625 0.25
vt 0.5625 0.71875
vt 0.25 0.71875
vt 0.5625 0.25
vt 0.5625 0.71875
vt 0.25 0.71875
vt 0.25 0.25
vt 1 0.78125
vt 1 1
vt 0.8125 1
vt 0.8125 0.78125
vt 1 1
vt 0.8125 1
vt 0.8125 0.78125
vt 1 0.78125
vt 0.9531249999999999 0.8741183339169463
vt 0.8593749999999999 0.8741183339169463
vt 0.8124999999999999 0.9998754160830509
vt 0.9999999999999998 0.9998754160830509
vt 1 1
vt 0.9531249999999999 0.8741183339169464
vt 0.8593749999999999 0.8739937499999981
vt 0.8124999999999999 1
vt 0.8125 0.78125
vt 1 0.78125
vt 1 1
vt 0.8125 1
vt 0.09375 0.65625
vt 0.09375 1
vt 0.8125 1
vt 0.8125 0.65625
vt 1 1
vt 0.9531249999999999 0.8741183339169464
vt 0.8593749999999999 0.8739937499999981
vt 0.8124999999999999 1
vt 0.9531249999999999 0.8741183339169463
vt 0.8593749999999999 0.8741183339169463
vt 0.8124999999999999 0.9998754160830509
vt 0.9999999999999998 0.9998754160830509
vt 0.9531249999999999 0.8741183339169463
vt 0.8593749999999999 0.8741183339169463
vt 0.8124999999999999 0.9998754160830509
vt 0.9999999999999998 0.9998754160830509
vt 1 1
vt 0.9531249999999999 0.8741183339169464
vt 0.8593749999999999 0.8739937499999981
vt 0.8124999999999999 1
vt 0.8125 0.78125
vt 1 0.78125
vt 1 1
vt 0.8125 1
vt 0.09375 0.65625
vt 0.09375 1
vt 0.8125 1
vt 0.8125 0.65625
vt 1 1
vt 0.9531249999999999 0.8741183339169464
vt 0.8593749999999999 0.8739937499999981
vt 0.8124999999999999 1
vt 0.9531249999999999 0.8741183339169463
vt 0.8593749999999999 0.8741183339169463
vt 0.8124999999999999 0.9998754160830509
vt 0.9999999999999998 0.9998754160830509
vt 0.84375 0.46875
vt 0.84375 0.375
vt 0.9375 0.46875
vt 0.5625 0.75
vt 0.3125 0.75
vt 0.5625 0.5
vt 0.96875 0.46875
vt 0.84375 0.46875
vt 0.84375 0.375
vt 0.96875 0.375
vt 0.875 0.7714499999999969
vt 0.875 0.9374999999999969
vt 0.75 0.9374999999999969
vt 0.75 0.7714499999999969
vt 0.875 0.84375
vt 0.75 0.84375
vt 0.75 1
vt 0.875 1
vt 0.375 0
vt 0.625 0
vt 0.625 1
vt 0.375 1
vt 0.375 0
vt 0.625 0
vt 0.625 1
vt 0.375 1
vt 0.375 0
vt 0.625 0
vt 0.625 1
vt 0.375 1
vt 0.375 0
vt 0.625 0
vt 0.625 1
vt 0.375 1
vt 0.375 0.375
vt 0.625 0.375
vt 0.625 0.625
vt 0.375 0.625
vt 0.375 0.375
vt 0.625 0.375
vt 0.625 0.625
vt 0.375 0.625
vt 1 1
vt 0.8125 1
vt 0.8125 0.78125
vt 1 0.78125
vt 1 0.78125
vt 1 1
vt 0.8125 1
vt 0.8125 0.78125
vt 0.25 0.25
vt 0.5625 0.25
vt 0.5625 0.71875
vt 0.25 0.71875
vt 0.5625 0.25
vt 0.5625 0.71875
vt 0.25 0.71875
vt 0.25 0.25
vt 1 0.78125
vt 1 1
vt 0.8125 1
vt 0.8125 0.78125
vt 1 1
vt 0.8125 1
vt 0.8125 0.78125
vt 1 0.78125
vt 0.9531249999999999 0.8741183339169463
vt 0.8593749999999999 0.8741183339169463
vt 0.8124999999999999 0.9998754160830509
vt 0.9999999999999998 0.9998754160830509
vt 1 1
vt 0.9531249999999999 0.8741183339169464
vt 0.8593749999999999 0.8739937499999981
vt 0.8124999999999999 1
vt 0.8125 0.78125
vt 1 0.78125
vt 1 1
vt 0.8125 1
vt 0.09375 0.65625
vt 0.09375 1
vt 0.8125 1
vt 0.8125 0.65625
vt 1 1
vt 0.9531249999999999 0.8741183339169464
vt 0.8593749999999999 0.8739937499999981
vt 0.8124999999999999 1
vt 0.9531249999999999 0.8741183339169463
vt 0.8593749999999999 0.8741183339169463
vt 0.8124999999999999 0.9998754160830509
vt 0.9999999999999998 0.9998754160830509
vt 0.9531249999999999 0.8741183339169463
vt 0.8593749999999999 0.8741183339169463
vt 0.8124999999999999 0.9998754160830509
vt 0.9999999999999998 0.9998754160830509
vt 1 1
vt 0.9531249999999999 0.8741183339169464
vt 0.8593749999999999 0.8739937499999981
vt 0.8124999999999999 1
vt 0.8125 0.78125
vt 1 0.78125
vt 1 1
vt 0.8125 1
vt 0.09375 0.65625
vt 0.09375 1
vt 0.8125 1
vt 0.8125 0.65625
vt 1 1
vt 0.9531249999999999 0.8741183339169464
vt 0.8593749999999999 0.8739937499999981
vt 0.8124999999999999 1
vt 0.9531249999999999 0.8741183339169463
vt 0.8593749999999999 0.8741183339169463
vt 0.8124999999999999 0.9998754160830509
vt 0.9999999999999998 0.9998754160830509
vt 0.84375 0.46875
vt 0.84375 0.375
vt 0.9375 0.46875
vt 0.5625 0.75
vt 0.3125 0.75
vt 0.5625 0.5
vt 0.96875 0.46875
vt 0.84375 0.46875
vt 0.84375 0.375
vt 0.96875 0.375
vt 0.875 0.7714499999999969
vt 0.875 0.9374999999999969
vt 0.75 0.9374999999999969
vt 0.75 0.7714499999999969
vt 0.875 0.84375
vt 0.75 0.84375
vt 0.75 1
vt 0.875 1
vt 0.84375 0.46875
vt 0.84375 0.375
vt 0.9375 0.46875
vt 0.5625 0.75
vt 0.3125 0.75
vt 0.5625 0.5
vt 0.96875 0.46875
vt 0.84375 0.46875
vt 0.84375 0.375
vt 0.96875 0.375
vt 0.875 0.7714499999999969
vt 0.875 0.9374999999999969
vt 0.75 0.9374999999999969
vt 0.75 0.7714499999999969
vt 0.875 0.84375
vt 0.75 0.84375
vt 0.75 1
vt 0.875 1
vt 0.84375 0.46875
vt 0.84375 0.375
vt 0.9375 0.46875
vt 0.5625 0.75
vt 0.3125 0.75
vt 0.5625 0.5
vt 0.96875 0.46875
vt 0.84375 0.46875
vt 0.84375 0.375
vt 0.96875 0.375
vt 0.875 0.7714499999999969
vt 0.875 0.9374999999999969
vt 0.75 0.9374999999999969
vt 0.75 0.7714499999999969
vt 0.875 0.84375
vt 0.75 0.84375
vt 0.75 1
vt 0.875 1
vt 0.375 0
vt 0.625 0
vt 0.625 1
vt 0.375 1
vt 0.375 0
vt 0.625 0
vt 0.625 1
vt 0.375 1
vt 0.375 0
vt 0.625 0
vt 0.625 1
vt 0.375 1
vt 0.375 0
vt 0.625 0
vt 0.625 1
vt 0.375 1
vt 0.375 0.375
vt 0.625 0.375
vt 0.625 0.625
vt 0.375 0.625
vt 0.375 0.375
vt 0.625 0.375
vt 0.625 0.625
vt 0.375 0.625
vt 1 1
vt 0.8125 1
vt 0.8125 0.78125
vt 1 0.78125
vt 1 0.78125
vt 1 1
vt 0.8125 1
vt 0.8125 0.78125
vt 0.25 0.25
vt 0.5625 0.25
vt 0.5625 0.71875
vt 0.25 0.71875
vt 0.5625 0.25
vt 0.5625 0.71875
vt 0.25 0.71875
vt 0.25 0.25
vt 1 0.78125
vt 1 1
vt 0.8125 1
vt 0.8125 0.78125
vt 1 1
vt 0.8125 1
vt 0.8125 0.78125
vt 1 0.78125
vt 0.9531249999999999 0.8741183339169463
vt 0.8593749999999999 0.8741183339169463
vt 0.8124999999999999 0.9998754160830509
vt 0.9999999999999998 0.9998754160830509
vt 1 1
vt 0.9531249999999999 0.8741183339169464
vt 0.8593749999999999 0.8739937499999981
vt 0.8124999999999999 1
vt 0.8125 0.78125
vt 1 0.78125
vt 1 1
vt 0.8125 1
vt 0.09375 0.65625
vt 0.09375 1
vt 0.8125 1
vt 0.8125 0.65625
vt 1 1
vt 0.9531249999999999 0.8741183339169464
vt 0.8593749999999999 0.8739937499999981
vt 0.8124999999999999 1
vt 0.9531249999999999 0.8741183339169463
vt 0.8593749999999999 0.8741183339169463
vt 0.8124999999999999 0.9998754160830509
vt 0.9999999999999998 0.9998754160830509
vt 0.9531249999999999 0.8741183339169463
vt 0.8593749999999999 0.8741183339169463
vt 0.8124999999999999 0.9998754160830509
vt 0.9999999999999998 0.9998754160830509
vt 1 1
vt 0.9531249999999999 0.8741183339169464
vt 0.8593749999999999 0.8739937499999981
vt 0.8124999999999999 1
vt 0.8125 0.78125
vt 1 0.78125
vt 1 1
vt 0.8125 1
vt 0.09375 0.65625
vt 0.09375 1
vt 0.8125 1
vt 0.8125 0.65625
vt 1 1
vt 0.9531249999999999 0.8741183339169464
vt 0.8593749999999999 0.8739937499999981
vt 0.8124999999999999 1
vt 0.9531249999999999 0.8741183339169463
vt 0.8593749999999999 0.8741183339169463
vt 0.8124999999999999 0.9998754160830509
vt 0.9999999999999998 0.9998754160830509
vt 0.84375 0.46875
vt 0.84375 0.375
vt 0.9375 0.46875
vt 0.5625 0.75
vt 0.3125 0.75
vt 0.5625 0.5
vt 0.96875 0.46875
vt 0.84375 0.46875
vt 0.84375 0.375
vt 0.96875 0.375
vt 0.875 0.7714499999999969
vt 0.875 0.9374999999999969
vt 0.75 0.9374999999999969
vt 0.75 0.7714499999999969
vt 0.875 0.84375
vt 0.75 0.84375
vt 0.75 1
vt 0.875 1
vn 1.2246467991473532e-16 -1 0
vn 0.7071067811865475 8.659560562354932e-17 0.7071067811865476
vn -1.2246467991473532e-16 1 0
vn 1.2246467991473532e-16 -1 0
vn 1 1.2246467991473532e-16 0
vn -1.2246467991473532e-16 1 0
vn 1.2246467991473532e-16 -1 0
vn 0.7071067811865477 8.659560562354935e-17 -0.7071067811865474
vn -1.2246467991473532e-16 1 0
vn 1.2246467991473532e-16 -1 0
vn 0 0 -1
vn -1.2246467991473532e-16 1 0
vn 1.2246467991473532e-16 -1 0
vn -0.7071067811865472 -8.659560562354929e-17 -0.7071067811865478
vn -1.2246467991473532e-16 1 0
vn 1.2246467991473532e-16 -1 0
vn -1 -1.2246467991473532e-16 0
vn -1.2246467991473532e-16 1 0
vn 1.2246467991473532e-16 -1 0
vn -0.7071067811865479 -8.659560562354938e-17 0.7071067811865471
vn -1.2246467991473532e-16 1 0
vn 1.2246467991473532e-16 -1 0
vn 0 0 1
vn -1.2246467991473532e-16 1 0
vn 0.7071047380409733 8.659535541038057e-17 0.7071088243262184
vn -0.7071067811865472 -8.659560562354929e-17 -0.7071067811865478
vn 9.708139912689133e-8 -0.9999999999999765 -1.941627980088533e-7
vn 8.413721469395774e-8 0.9999999999999823 -1.6827442303494796e-7
vn 1 1.2246467991473532e-16 0
vn -1 -1.2246467991473532e-16 0
vn 1.2246467991473532e-16 -1 0
vn 1.7743972154244982e-16 1 5.998088029143703e-16
vn 0.7071047380325198 -0.000004714944901815719 -0.7071088243189522
vn -0.7071067811865476 -8.659560562354934e-17 0.7071067811865476
vn 0.0000014554531461369792 -0.9999999999982632 -0.0000011642089487479687
vn -0.0000010929991043509288 0.9999999999984976 0.0000013454107411997416
vn 2.999052180351773e-16 -0.000006667919760310936 -0.9999999999777696
vn 0 0 1
vn 1.2246467991451614e-16 -0.9999999999982103 -0.0000018919512924683713
vn -1.2246609839507645e-16 0.9999999999982103 0.000001891910293313427
vn -0.7071047380409735 -8.65953554103806e-17 -0.7071088243262179
vn 0.7071067811865472 8.659560562354929e-17 0.7071067811865479
vn -9.708139989702295e-8 -0.9999999999999765 1.9416279674002708e-7
vn -8.413721244634826e-8 0.9999999999999823 1.6827442464776733e-7
vn -1 -1.2246467991473532e-16 0
vn 1 1.2246467991473532e-16 0
vn 3.0573959191634813e-16 -1 3.6654982400322627e-16
vn -1.2246467991473532e-16 1 0
vn -0.7071047380325197 -0.000004714944903766219 0.7071088243189524
vn 0.7071067811865479 8.659560562354938e-17 -0.7071067811865472
vn -0.000001455453145173046 -0.9999999999982632 0.0000011642089482827284
vn 0.0000010929991041059978 0.9999999999984976 -0.0000013454107411997375
vn 8.165846593611587e-22 -0.000006667919762087296 0.9999999999777696
vn 0 0 -1
vn 1.2246467991451614e-16 -0.9999999999982103 0.000001891951291643626
vn -1.2246467991451614e-16 0.9999999999982103 -0.000001891910293313425
vn 0 0 -1
vn 0.7071067811865474 -0.7071067811865478 0
vn 0 0 1
vn -0.7071067811865472 0.7071067811865478 0
vn 0.7071067811865477 0.7071067811865474 0
vn -0.707106781186548 -0.707106781186547 0
vn -0.7071067811865476 0.7071067811865476 0
vn 0.7071067811865476 -0.7071067811865475 0
vn -0.7071067811865475 -0.7071067811865477 0
vn 0.7071067811865476 0.7071067811865476 0
vn 0 0 1
vn 0 0 -1
vn -0.1606756020817109 0.9870072699305106 0
vn 0.9870072699305107 -0.16067560208171125 0
vn 0.7071067811865476 0.7071067811865476 0
vn -0.7071067811865476 -0.7071067811865476 0
vn 0.41316583392440065 0.4131658339244007 -0.8115343414514935
vn 0.4131658339243997 0.4131658339243997 0.8115343414514944
vn -0.9870072699305106 0.16067560208171072 0
vn 0.16067560208171094 -0.9870072699305106 0
vn -0.7071067811865475 -0.7071067811865477 0
vn 0.7071067811865475 0.7071067811865477 0
vn -0.41316583392439976 -0.4131658339243999 0.8115343414514944
vn -0.41316583392440076 -0.41316583392440087 -0.8115343414514933
vn -0.707106781186548 -1.976179080860648e-16 -0.7071067811865471
vn 0.7071067811865476 -1.7985792028648806e-16 -0.7071067811865476
vn 0.707106781186548 -2.442669683896601e-17 0.7071067811865471
vn -0.7071067811865476 4.6631157331469365e-17 0.7071067811865476
vn -1.2246467991473532e-16 1 0
vn 1.2246467991473532e-16 -1 0
vn -0.7071067811865476 -2.198223685785679e-16 0.7071067811865476
vn -0.7071067811865476 -3.3084467104108366e-16 -0.7071067811865476
vn 0.707106781186548 3.3084467104108327e-16 -0.7071067811865471
vn 0.7071067811865471 5.972981969511213e-16 0.707106781186548
vn -4.3648317165148993e-16 1 3.1401849173675503e-16
vn 1.2246467991473532e-16 -1 0
vn 0.7071067811865471 8.659560562354929e-17 0.707106781186548
vn -0.7071067811865471 -3.9745805251859395e-16 0.707106781186548
vn -0.7071067811865485 -3.5304913153358657e-16 -0.7071067811865467
vn 0.7071067811865467 5.972981969511216e-16 -0.7071067811865485
vn 1.9155381182201961e-16 1 3.1401849173675493e-16
vn 1.2246467991473532e-16 -1 0
vn 0.7071067662853863 -4.6631159156334974e-17 -0.7071067960877087
vn 0.7071067960877077 -3.5528925260352144e-17 0.707106766285387
vn -0.7071067662853862 -8.659560379868337e-17 0.7071067960877085
vn -0.7071067960877095 1.6875568821537081e-16 -0.7071067662853854
vn -1.2246467991473532e-16 1 0
vn 1.2246467991473532e-16 -1 0
vn 1.2246467991473532e-16 -1 0
vn 5.055723035587742e-16 1 -6.280369834735104e-16
vn 0.7071067811865476 -1.4756052320648357e-16 -0.7071067811865476
vn -0.7071067811865474 1.960066188264905e-16 0.7071067811865478
vn 0.7071067811865476 1.3504170124355618e-16 0.7071067811865476
vn -0.7071067811865477 -4.622385927354365e-17 -0.7071067811865474
vn 1.2246467991473532e-16 -1 0
vn -4.813429561853127e-16 1 3.588782762705776e-16
vn -0.7071067811865474 -3.635521016576442e-17 0.7071067811865478
vn 0.7071067811865472 4.382783738280433e-16 -0.7071067811865478
vn -0.7071067811865477 2.1484676712315998e-16 -0.7071067811865475
vn 0.7071067811865476 -1.7178357101648721e-16 0.7071067811865476
vn 0.7071067811865475 -1.6460637166537514e-16 -0.7071067811865477
vn -1.570092458683775e-16 -2.260817795600319e-16 -1
vn -1.2246467991473532e-16 1 0
vn -0.7071067811865476 -8.659560562354934e-17 -0.7071067811865475
vn -1.2246467991473532e-16 1 0
vn -1 3.2969887920532826e-16 0
vn 5.057248263904103e-16 1 -2.091931383262012e-16
vn -0.7071067811865474 5.16289139869869e-16 0.7071067811865477
vn -1.2246467991473532e-16 1 0
vn -5.537406553674609e-32 4.521635591200636e-16 1
vn -1.2246467991473532e-16 1 0
vn 0.7071067811865478 8.659560562354937e-17 0.7071067811865475
vn -1.2246467991473532e-16 1 0
vn 1 -1.0361709964529663e-16 0
vn 5.057248263904091e-16 1 -2.0919313832620233e-16
vn -1.2246467991473532e-16 1 0
vn 4.865718853150199e-16 1 -1.1193694243388005e-31
vn 6.127074123211885e-16 1 -3.0451880578726493e-16
vn -1.2246467991473532e-16 1 0
vn -1.2246467991473532e-16 1 0
vn 5.531188575275296e-16 -1 -4.3065417761279443e-16
vn 7.315019834091092e-16 -1 2.238735010839324e-31
vn 8.576376633147953e-16 -1 -3.045179146231289e-16
vn -1.2246467991473532e-16 1 0
vn 1.2246467991473532e-16 -1 0
vn 1.2246467991473532e-16 -1 0
vn 1.2246467991473532e-16 -1 0
vn 4.269825945378641e-16 -1 -7.3517298340005995e-16
vn 1.8205323470839348e-16 1 -7.3517298340006e-16
vn 1.2246467991473532e-16 -1 0
vn 1.2246378875028621e-16 -1 -6.090369343613008e-16
vn 3.3166140701344444e-16 -1 -6.28185917532637e-16
vn 1.2246467991473532e-16 -1 0
vn -1.2246467991473576e-16 1 -6.090373034943739e-16
vn 1.2246467991473532e-16 -1 0
vn 1.2246467991473532e-16 -1 0
vn 3.316578182409358e-16 -1 -6.281895063051456e-16
vn 1.2246467991473532e-16 -1 0
vn 3.08189497698059e-16 1 -4.3065417761279433e-16
vn 1.2246467991473532e-16 -1 0
vn 5.411560022304083e-16 -1 -4.186913223156732e-16
vn 2.962266424009382e-16 1 -4.186913223156737e-16
vn 0.7071067811865476 8.659560562354934e-17 0.7071067811865475
vn -0.7071067811865476 1.1436597620758996e-16 -0.7071067811865476
vn -0.7071067811865475 5.539694364632075e-16 0.7071067811865476
vn 0.7071067811865474 8.659560562354932e-17 -0.7071067811865478
vn 2.6346126138087778e-15 -1 -2.5121479338940426e-15
vn -1.2246467991473532e-16 1 0
vn 0.7071067811865476 -1.3948617393648282e-16 -0.7071067811865476
vn -0.7071067811865471 -8.659560562354928e-17 0.7071067811865479
vn 0.7071067811865477 -1.0296585616464513e-17 0.7071067811865474
vn -0.7071067811865476 -1.2696735197355503e-16 -0.7071067811865476
vn 4.3648317165149063e-16 -1 -3.1401849173675543e-16
vn 3.454456595364227e-17 1 -1.5700924586837764e-16
vn 0.7071067811865475 -1.0718877685647802e-16 -0.7071067811865477
vn -0.7071067811865476 -8.659560562354934e-17 0.7071067811865476
vn 0.7071067811865476 8.659560562354934e-17 0.7071067811865476
vn -0.7071067811865477 -8.659560562354935e-17 -0.7071067811865474
vn 1.2246467991473532e-16 -1 0
vn -1.2246467991473532e-16 1 0
vn 0.7071067811865476 8.659560562354934e-17 -0.7071067811865476
vn -0.707106781186547 -8.659560562354927e-17 0.707106781186548
vn 0.707106781186547 8.659560562354927e-17 0.707106781186548
vn -0.7071067811865476 -8.659560562354934e-17 -0.7071067811865476
vn 1.2246467991473532e-16 -1 0
vn -4.3648317165148974e-16 1 3.1401849173675533e-16
vn 0.7071067811865465 8.65956056235492e-17 -0.7071067811865486
vn -0.7071067811865467 -2.875571874546887e-16 0.7071067811865486
vn 0.7071067811865479 2.3731679199690387e-16 0.7071067811865471
vn -0.7071067811865476 -3.1267738518358116e-16 -0.7071067811865475
vn 2.634612613808777e-15 -1 -2.5121479338940434e-15
vn -1.2246467991473532e-16 1 0
vn 0.7071067811865474 -9.911442758647702e-17 -0.7071067811865477
vn -0.7071067811865474 -8.65956056235493e-17 0.7071067811865477
vn 0.7071067811865478 8.659560562354937e-17 0.7071067811865472
vn -0.7071067811865478 -8.659560562354937e-17 -0.7071067811865472
vn 5.411560022304078e-16 -1 -4.186913223156734e-16
vn 2.962266424009378e-16 1 -4.186913223156735e-16
vn -0.7071067811865485 -8.659560562354944e-17 -0.7071067811865467
vn 0.7071067811865483 1.8707639653911923e-16 0.7071067811865468
vn 0.7071067811865476 5.387591647436132e-16 -0.7071067811865476
vn -0.7071067811865471 -8.659560562354928e-17 0.7071067811865479
vn -0.707106781186548 -1.658972502396318e-16 -0.7071067811865471
vn 0.7071067811865476 -1.0372834145504884e-16 -0.7071067811865476
vn 0.707106781186548 7.293961007466976e-18 0.7071067811865471
vn -0.7071067811865476 8.566367915749749e-18 0.7071067811865476
vn -1.2246467991473532e-16 1 0
vn 1.2246467991473532e-16 -1 0
vn 0.7071067662853862 -8.566369740615444e-18 -0.7071067960877085
vn 0.7071067960877077 -6.362016292757839e-19 0.707106766285387
vn -0.7071067662853862 -8.659560379868337e-17 0.7071067960877085
vn -0.7071067960877095 9.579817516857476e-17 -0.7071067662853854
vn -1.2246467991473532e-16 1 0
vn 1.2246467991473532e-16 -1 0
vn 0.7071067811865471 8.659560562354928e-17 0.707106781186548
vn -0.707106781186548 -3.5622119731823065e-16 0.7071067811865471
vn -0.7071067811865476 -8.659560562354934e-17 -0.7071067811865476
vn 0.7071067811865467 4.513831708575295e-16 -0.7071067811865485
vn -4.3648317165148855e-16 1 3.1401849173675484e-16
vn 1.2246467991473532e-16 -1 0
vn -0.7071067811865476 -1.817575791628483e-16 0.7071067811865476
vn -0.7071067811865476 -2.61059223778931e-16 -0.7071067811865476
vn 0.707106781186548 2.610592237789307e-16 -0.7071067811865471
vn 0.7071067811865471 4.513831708575293e-16 0.707106781186548
vn -1.2246467991473532e-16 1 0
vn 1.2246467991473532e-16 -1 0
vn 0 0 -1
vn 0 0 1
vn -1 1.2309500548664078e-15 0
vn 0.658504607868518 0.7525766947068779 0
vn 1.2246467991473532e-16 -1 0
vn 0.7070928678315662 -0.006273158969966846 0.7070928678315662
vn -0.7070928678315662 -0.006273158969966624 -0.7070928678315662
vn 1.2246467991473532e-16 -1 0
vn -1.2246467991473532e-16 1 0
vn 0.9999606482508177 -0.008871411939743572 0
vn -0.9999606482508177 -0.008871411939743227 0
vn 1.2246467991473532e-16 -1 0
vn -1.2246467991473532e-16 1 0
vn 0.7070928678315664 -0.006273158969966847 -0.7070928678315661
vn -0.7070928678315663 -0.0062731589699671336 0.7070928678315661
vn 1.2246467991473532e-16 -1 0
vn -1.2246467991473532e-16 1 0
vn 1.086434623592473e-18 -0.008871411939743695 -0.9999606482508177
vn -3.798560243112589e-16 -0.008871411939743695 0.9999606482508177
vn 1.2246467991473532e-16 -1 0
vn -1.2246467991473532e-16 1 0
vn -0.707092867831566 -0.006273158969967023 -0.7070928678315664
vn 0.707092867831566 -0.006273158969966837 0.7070928678315666
vn 1.2246467991473532e-16 -1 0
vn -1.2246467991473532e-16 1 0
vn -0.9999606482508177 -0.008871411939743229 -3.4306688105040635e-16
vn 0.9999606482508177 -0.008871411939743574 0
vn 1.2246467991473532e-16 -1 0
vn -1.2246467991473532e-16 1 0
vn -0.7070928678315666 -0.006273158969966678 0.7070928678315659
vn 0.7070928678315663 -0.00627315896996684 -0.7070928678315661
vn 1.2246467991473532e-16 -1 0
vn -1.2246467991473532e-16 1 0
vn 1.0864346235924003e-18 -0.008871411939743104 0.9999606482508177
vn 3.820288935584437e-16 -0.008871411939743695 -0.9999606482508177
vn 1.2246467991473532e-16 -1 0
vn -1.2246467991473532e-16 1 0
vn -0.7071067811865475 -8.659560562354932e-17 0.7071067811865476
vn 0.7071067811865475 8.659560562354932e-17 -0.7071067811865476
vn -1.2246467991473532e-16 1 0
vn 1.2246467991473532e-16 -1 0
vn -1 -1.2246467991473532e-16 0
vn 1 1.2246467991473532e-16 0
vn -1.2246467991473532e-16 1 0
vn 1.2246467991473532e-16 -1 0
vn -0.7071067811865476 -8.659560562354934e-17 -0.7071067811865476
vn 0.707106781186548 8.659560562354939e-17 0.7071067811865471
vn -1.2246467991473532e-16 1 0
vn 1.2246467991473532e-16 -1 0
vn 0 0 -1
vn 0 0 1
vn -1.2246467991473532e-16 1 0
vn 1.2246467991473532e-16 -1 0
vn 0.7071067811865469 8.659560562354925e-17 -0.7071067811865481
vn -0.7071067811865472 -8.659560562354929e-17 0.7071067811865478
vn -1.2246467991473532e-16 1 0
vn 1.2246467991473532e-16 -1 0
vn 1 1.2246467991473532e-16 0
vn -1 -1.2246467991473532e-16 1.4517346872300734e-16
vn -1.2246467991473532e-16 1 0
vn 1.2246467991473532e-16 -1 0
vn 0.7071067811865478 8.659560562354937e-17 0.7071067811865472
vn -0.7071067811865479 -8.659560562354938e-17 -0.7071067811865472
vn -1.2246467991473532e-16 1 0
vn 1.2246467991473532e-16 -1 0
vn 0 0 1
vn 0 0 -1
vn -1.2246467991473532e-16 1 0
vn 1.2246467991473532e-16 -1 0
vn 1.2246467991473532e-16 -1 0
vn -1.2246467991473532e-16 1 0
vn 1.2246467991473532e-16 -1 0
vn 1.9334820320337306e-16 1 3.158128831181075e-16
vn 1.2246467991473532e-16 -1 0
vn -1.2246467991473532e-16 1 0
vn -1.9334820320337252e-16 -1 3.158128831181082e-16
vn -1.2246467991473532e-16 1 0
vn 1.2246467991473532e-16 -1 0
vn -1.2246467991473532e-16 1 0
vn 1.2246467991473532e-16 -1 0
vn 1.9334820320337232e-16 1 3.1581288311810755e-16
vn 1.2246467991473532e-16 -1 0
vn -1.2246467991473532e-16 1 0
vn -1.9334820320337272e-16 -1 3.1581288311810725e-16
vn -1.2246467991473532e-16 1 0
vn 1 1.2246467991473532e-16 0
vn -1 3.219949129293643e-16 0
vn 0 0 1
vn 0 0 -1
vn 0.7071067811865481 8.65956056235494e-17 0.7071067811865469
vn -0.7071067811865478 2.1761229347863415e-16 -0.7071067811865472
vn -0.7071067811865472 2.4865391583600027e-16 0.7071067811865479
vn 0.7071067811865478 8.659560562354938e-17 -0.7071067811865474
vn 0 0 1
vn 0 0 -1
vn -1 2.568851769996458e-17 2.2331343123888865e-16
vn 1 -2.568851769996458e-17 0
vn -0.7071067811865472 1.3069575087801083e-16 0.707106781186548
vn 0.707106781186548 8.659560562354939e-17 -0.707106781186547
vn -0.7071067811865483 -8.659560562354943e-17 -0.7071067811865468
vn 0.7071067811865471 -1.3690407534948377e-16 0.707106781186548
vn -1 -1.2246467991473532e-16 0
vn 1 1.2246467991473532e-16 0
vn 0 0 -1
vn 0 0 1
vn -0.7071067811865479 -8.659560562354938e-17 -0.7071067811865471
vn 0.7071067811865476 -3.4798710737957046e-16 0.7071067811865476
vn 0.707106781186548 -9.965412852064462e-17 -0.7071067811865471
vn -0.7071067811865478 -8.659560562354937e-17 0.7071067811865472
vn 0 0 -1
vn 0 0 1
vn 1 -2.568851769996458e-17 2.2331343123888855e-16
vn -1 2.568851769996458e-17 -2.2331343123888855e-16
vn 0.7071067811865485 -2.176122934786341e-16 -0.7071067811865467
vn -0.7071067811865472 1.3069575087801053e-16 0.7071067811865478
vn 0.7071067811865476 8.659560562354934e-17 0.7071067811865476
vn -0.7071067811865479 2.11403969007161e-16 -0.7071067811865471
vn 0 0 -1
vn 0 0 1
vn 1 -1.0617732130187649e-15 0
vn -0.6585046078685177 -0.7525766947068782 0
vn -2.7049441653142265e-16 1 0
vn -0.3826834323650903 -1.5413189416547177e-16 -0.9238795325112867
vn 0.7085845269951933 -3.9472988972975176e-16 0.70562594063923
vn -0.9238795325112865 1.3712477430473229e-15 0.3826834323650905
vn 0.6083789292740948 0.7525766947068777 -0.2519988035673522
vn 1.2246467991473532e-16 -1 0
vn -0.3826834323650892 -6.1885210634014235e-16 -0.923879532511287
vn 0.6532814824381875 -0.7071067811865477 -0.27059805007309995
vn 0.3826834323650902 -3.5103872797239255e-16 0.9238795325112867
vn -0.6532814824381874 0.7071067811865477 0.27059805007310006
vn 0.6532814824381887 0.7071067811865469 -0.27059805007309934
vn -0.6532814824381876 -0.7071067811865475 0.2705980500731001
vn -0.6532814824381883 0.7071067811865475 0.2705980500730986
vn 0.6532814824381883 -0.7071067811865476 -0.27059805007309873
vn -0.6532814824381881 -0.7071067811865477 0.27059805007309856
vn 0.6532814824381882 0.7071067811865477 -0.2705980500730988
vn 0.3826834323650899 -9.302289704950668e-17 0.9238795325112868
vn -0.38268343236509 7.30388826062539e-17 -0.9238795325112867
vn -0.14844490013722045 0.9870072699305108 0.06148789090195628
vn 0.9118758151286416 -0.16067560208171164 -0.3777113298263044
vn 0.6532814824381886 0.7071067811865474 -0.27059805007309823
vn -0.6532814824381882 -0.7071067811865477 0.2705980500730988
vn 0.07115471022690889 0.4131658339243988 -0.9078716874592362
vn 0.6922762047645112 0.4131658339244004 0.5916482485348871
vn -0.9118758151286414 0.1606756020817113 0.37771132982630456
vn 0.14844490013722061 -0.9870072699305106 -0.061487890901956395
vn -0.6532814824381877 -0.707106781186548 0.27059805007309856
vn 0.6532814824381882 0.7071067811865477 -0.2705980500730986
vn -0.07115471022690863 -0.4131658339243997 0.9078716874592357
vn -0.6922762047645106 -0.4131658339243997 -0.5916482485348882
vn -0.3826834323650903 3.415818430363891e-16 -0.9238795325112867
vn 0.03392190242726648 -3.0278567009798944e-17 0.9994244866600552
vn 0.9238795325112867 -8.473452650675246e-16 -0.38268343236508984
vn -0.6083789292740943 -0.7525766947068784 0.2519988035673521
vn -2.5922632377792927e-16 1 5.664852770057413e-17
vn -0.9238795325112865 -6.310720073483069e-16 -0.38268343236509084
vn 0.7306862390382772 2.4556142403707068e-17 0.6827134245641415
vn 0.3826834323650901 -1.6994763892127275e-15 -0.9238795325112868
vn -0.2519988035673523 -0.7525766947068783 0.6083789292740941
vn -1.7911320761530955e-16 1 1.3676164386319392e-16
vn -0.9238795325112871 1.1054381805998011e-15 -0.382683432365089
vn 0.27059805007309873 -0.7071067811865478 -0.653281482438188
vn 0.9238795325112873 -1.2546521551094223e-15 0.3826834323650889
vn -0.27059805007309873 0.7071067811865478 0.653281482438188
vn 0.2705980500730988 0.7071067811865469 -0.653281482438189
vn -0.2705980500730982 -0.7071067811865467 0.6532814824381894
vn -0.2705980500730988 0.7071067811865474 0.6532814824381884
vn 0.2705980500730987 -0.7071067811865476 -0.6532814824381882
vn -0.27059805007309845 -0.7071067811865474 0.6532814824381885
vn 0.2705980500730986 0.7071067811865477 -0.6532814824381881
vn 0.923879532511287 3.7293479899105667e-16 0.3826834323650893
vn -0.9238795325112868 4.464097931823087e-16 -0.38268343236509006
vn -0.06148789090195689 0.9870072699305106 0.14844490013722064
vn 0.3777113298263039 -0.16067560208171103 -0.9118758151286418
vn 0.27059805007309834 0.7071067811865475 -0.6532814824381884
vn -0.2705980500730988 -0.7071067811865472 0.6532814824381885
vn -0.5916482485348867 0.4131658339244013 -0.6922762047645108
vn 0.9078716874592355 0.4131658339243996 -0.07115471022690875
vn -0.37771132982630456 0.1606756020817113 0.9118758151286414
vn 0.061487890901956554 -0.9870072699305106 -0.14844490013722073
vn -0.27059805007309806 -0.7071067811865478 0.6532814824381882
vn 0.2705980500730984 0.7071067811865475 -0.6532814824381884
vn 0.5916482485348854 -0.4131658339243999 0.692276204764513
vn -0.9078716874592356 -0.4131658339243997 0.07115471022690838
vn -0.9238795325112865 -5.663308328333643e-16 -0.3826834323650904
vn 0.9999978116892992 1.1998694305684073e-16 -0.0020920364750262118
vn -0.38268343236509 1.0882568315696313e-15 0.9238795325112867
vn 0.25199880356735205 0.7525766947068778 -0.6083789292740946
vn 1.2246467991473532e-16 -1 0
vn -0.707106781186547 3.9190876273721907e-16 -0.7071067811865481
vn 0.7071067811865474 8.65956056235495e-17 0.7071067811865477
vn 0.7071067811865476 -8.801292049344102e-16 -0.7071067811865475
vn -0.46563307366641704 -0.7525766947068784 0.46563307366641743
vn -2.271375104936534e-16 1 1.0467283057891815e-16
vn -0.7071067811865478 -5.650999739843187e-16 -0.7071067811865472
vn 0.7071067811865472 -3.919087627372196e-16 0.7071067811865478
vn -0.7071067811865478 1.266819129157594e-15 0.7071067811865472
vn 0.4656330736664173 0.7525766947068778 -0.4656330736664178
vn 1.2246467991473532e-16 -1 0
vn -0.7071067811865474 1.8696334764408882e-16 -0.7071067811865478
vn 0.5 -0.7071067811865476 -0.4999999999999999
vn 0.7071067811865476 -1.2880377382864527e-17 0.7071067811865476
vn -0.49999999999999994 0.7071067811865478 0.49999999999999983
vn 0.5000000000000003 0.7071067811865467 -0.5000000000000009
vn -0.5000000000000001 -0.7071067811865475 0.5000000000000002
vn -0.5000000000000001 0.7071067811865472 0.5000000000000003
vn 0.5 -0.7071067811865477 -0.49999999999999994
vn -0.49999999999999967 -0.7071067811865477 0.5000000000000001
vn 0.4999999999999998 0.7071067811865478 -0.4999999999999999
vn 0.7071067811865472 -2.3314862546849587e-16 0.7071067811865478
vn -0.7071067811865477 1.3322855325223154e-16 -0.7071067811865474
vn -0.11361480780320936 0.9870072699305106 0.11361480780320923
vn 0.6979195336482851 -0.16067560208171017 -0.6979195336482855
vn 0.4999999999999999 0.7071067811865476 -0.5000000000000001
vn -0.4999999999999999 -0.7071067811865478 0.5
vn -0.2816890730835727 0.41316583392439976 -0.8659937989286488
vn 0.8659937989286486 0.41316583392440026 0.28168907308357266
vn -0.6979195336482852 0.160675602081711 0.6979195336482852
vn 0.11361480780320989 -0.9870072699305105 -0.11361480780320975
vn -0.5000000000000001 -0.7071067811865475 0.5000000000000002
vn 0.49999999999999967 0.7071067811865477 -0.5000000000000001
vn 0.2816890730835726 -0.41316583392439976 0.8659937989286489
vn -0.8659937989286489 -0.41316583392439976 -0.2816890730835728
vn -1 -1.0536710742899424e-8 -1.0536710620434727e-8
vn 1.490116133943922e-8 -0.707106781186548 -0.707106781186547
vn 1 1.0536710742899419e-8 1.0536710620434722e-8
vn -1.4901161779065112e-8 0.7071067811865481 0.7071067811865468
vn 4.574136764427762e-16 0.7071067811865464 -0.7071067811865488
vn 5.218030312766095e-16 -0.707106781186547 0.7071067811865481
vn -1.4901161496448496e-8 0.7071067811865477 0.7071067811865472
vn 1.4901161351497564e-8 -0.7071067811865476 -0.7071067811865472
vn -7.993784807022428e-17 -0.7071067811865471 0.707106781186548
vn 7.04136491382584e-17 0.7071067811865472 -0.707106781186548
vn 0.9999999999999999 1.0536712250188192e-8 1.0536712127723505e-8
vn -0.9999999999999999 -1.053671169751565e-8 -1.0536715192543986e-8
vn -1.2092804240739686e-8 0.9870072699305107 0.16067560208171083
vn 1.2092804275828947e-8 -0.16067560208171142 -0.9870072699305105
vn 2.4426696838966597e-17 0.7071067811865471 -0.707106781186548
vn -7.04136491382584e-17 -0.7071067811865472 0.707106781186548
vn -0.8115343414514958 0.4131658253734942 -0.4131658424753023
vn 0.8115343414514944 0.4131658424753032 -0.4131658253734962
vn -1.2092804358702889e-8 0.1606756020817115 0.9870072699305105
vn 1.2092804377025404e-8 -0.9870072699305108 -0.16067560208171003
vn 8.65956056235493e-17 -0.7071067811865474 0.7071067811865478
vn 7.041364913825811e-17 0.7071067811865471 -0.707106781186548
vn 0.8115343414514943 -0.41316582537349583 0.41316584247530364
vn -0.8115343414514938 -0.4131658424753037 0.41316582537349666
vn -1 -1.2246467991473532e-16 0
vn 1 1.2246467991473532e-16 0
vn -1.6574550228685909e-31 1.3534147347811431e-15 1
vn -9.216406402856728e-17 0.7525766947068778 -0.6585046078685182
vn 1.2246467991473532e-16 -1 0
vn -1 -1.2246467991473532e-16 0
vn 1 1.2246467991473532e-16 0
vn -2.5376526277146434e-16 -1.1842378929335004e-15 -1
vn 2.831418867165383e-16 -0.752576694706878 0.6585046078685179
vn -1.2246467991473527e-16 1 1.480297366166873e-16
vn -0.9238795325112863 -1.1045700856324904e-15 0.38268343236509095
vn 0.7056259406392306 -8.725944847133037e-16 -0.7085845269951928
vn 0.3826834323650896 1.2693043193394581e-15 0.923879532511287
vn -0.2519988035673525 0.7525766947068783 -0.6083789292740941
vn 4.350627230306074e-16 -1 -1.2948234902988423e-16
vn -0.9238795325112874 -1.8788413095926154e-15 0.38268343236508856
vn -0.2705980500730988 -0.7071067811865476 -0.6532814824381881
vn 0.9238795325112866 3.1209457724159764e-16 -0.38268343236509006
vn 0.27059805007309856 0.7071067811865476 0.6532814824381882
vn -0.2705980500730989 0.7071067811865476 -0.6532814824381882
vn 0.27059805007309984 -0.7071067811865475 0.6532814824381877
vn 0.2705980500730982 0.707106781186547 0.653281482438189
vn -0.27059805007309834 -0.7071067811865472 -0.6532814824381886
vn 0.27059805007309873 -0.7071067811865476 0.6532814824381882
vn -0.2705980500730986 0.7071067811865479 -0.653281482438188
vn 0.923879532511287 1.3222539012505923e-17 -0.3826834323650893
vn -0.9238795325112872 -5.927589578668382e-16 0.38268343236508884
vn 0.06148789090195617 0.9870072699305105 0.14844490013722134
vn -0.37771132982630456 -0.1606756020817107 -0.9118758151286416
vn -0.2705980500730988 0.7071067811865477 -0.6532814824381881
vn 0.2705980500730986 -0.7071067811865479 0.6532814824381878
vn -0.9078716874592366 0.41316583392439793 -0.07115471022690881
vn 0.591648248534888 0.41316583392439943 -0.692276204764511
vn 0.3777113298263038 0.16067560208171178 0.9118758151286417
vn -0.0614878909019568 -0.9870072699305105 -0.14844490013722159
vn 0.2705980500730984 -0.7071067811865481 0.6532814824381878
vn -0.27059805007309873 0.7071067811865476 -0.6532814824381882
vn 0.9078716874592365 -0.4131658339243985 0.07115471022690695
vn -0.5916482485348877 -0.41316583392440115 0.6922762047645102
vn -0.9238795325112866 2.753044358608819e-16 0.3826834323650901
vn 0.9994244866600552 9.943899856933661e-17 -0.033921902427267045
vn -0.38268343236509 -7.454018413596595e-16 -0.9238795325112867
vn 0.2519988035673526 -0.752576694706878 0.6083789292740942
vn -1.5836214509161686e-16 1 3.3532168158155966e-16
vn -0.7071067886371265 -1.0536711398055195e-8 0.7071067737359685
vn -0.49999998946328783 -0.7071067811865482 -0.500000010536711
vn 0.7071067886371274 1.053671206951808e-8 -0.7071067737359676
vn 0.4999999894632875 0.7071067811865483 0.5000000105367112
vn -0.5000000000000009 0.7071067811865468 -0.5000000000000003
vn 0.500000000000001 -0.7071067811865477 0.499999999999999
vn 0.49999998946328783 0.7071067811865477 0.5000000105367117
vn -0.4999999894632876 -0.7071067811865482 -0.5000000105367112
vn 0.5000000000000012 -0.7071067811865472 0.49999999999999944
vn -0.5000000000000006 0.7071067811865476 -0.49999999999999933
vn 0.7071067886371274 1.0536712179430183e-8 -0.7071067737359675
vn -0.7071067886371271 -1.0536712768958605e-8 0.7071067737359678
vn 0.1136147992523043 0.9870072699305108 0.11361481635411261
vn -0.6979195250973824 -0.16067560208170972 -0.6979195421991881
vn -0.500000000000001 0.7071067811865478 -0.4999999999999989
vn 0.5000000000000007 -0.7071067811865477 0.49999999999999933
vn -0.8659938049750503 0.4131658253734974 0.28168906703716995
vn 0.2816890791299726 0.4131658424753043 -0.8659937928822471
vn 0.697919525097382 0.160675602081712 0.6979195421991882
vn -0.11361479925230408 -0.9870072699305108 -0.1136148163541127
vn 0.5000000000000008 -0.7071067811865472 0.4999999999999995
vn -0.5000000000000011 0.7071067811865472 -0.49999999999999933
vn 0.865993804975051 -0.41316582537349594 -0.2816890670371705
vn -0.2816890791299735 -0.41316584247530386 0.8659937928822471
vn -0.7071067811865472 -1.0436043423450875e-15 0.7071067811865478
vn 0.707106781186548 -3.9190876273721937e-16 -0.7071067811865471
vn 0.7071067811865475 1.536682821460489e-15 0.7071067811865477
vn -0.4656330736664178 0.7525766947068777 -0.4656330736664177
vn 3.0190381805002374e-16 -1 -1.794391381352886e-16
vn -0.707106781186547 -8.659560562354766e-17 0.7071067811865481
vn 0.7071067811865476 8.659560562354934e-17 -0.7071067811865476
vn -0.7071067811865476 -2.020045226739467e-15 -0.7071067811865476
vn 0.46563307366641815 -0.7525766947068779 0.4656330736664172
vn -2.8385878245431654e-18 1 2.9906523022548043e-16
vn -0.3826834323650887 -5.647946001727969e-16 0.9238795325112872
vn -0.0020920364750273038 -1.3564993666574821e-15 -0.9999978116892992
vn 0.9238795325112866 1.859484204494764e-15 0.3826834323650903
vn -0.608378929274095 0.7525766947068775 -0.2519988035673524
vn 1.2246467991473532e-16 -1 0
vn -0.38268343236508984 -1.1411010171238168e-15 0.9238795325112866
vn -0.6532814824381884 -0.7071067811865476 -0.2705980500730985
vn 0.38268343236508934 1.3400529831366447e-15 -0.9238795325112868
vn 0.6532814824381885 0.7071067811865472 0.270598050073099
vn -0.6532814824381885 0.7071067811865474 -0.27059805007309834
vn 0.653281482438189 -0.7071067811865477 0.27059805007309673
vn 0.6532814824381886 0.707106781186547 0.27059805007309934
vn -0.6532814824381886 -0.7071067811865469 -0.27059805007309934
vn 0.6532814824381883 -0.7071067811865479 0.2705980500730975
vn -0.6532814824381882 0.7071067811865479 -0.2705980500730976
vn 0.3826834323650895 1.1459859984321686e-15 -0.9238795325112868
vn -0.3826834323650899 -7.263216951238589e-16 0.9238795325112867
vn 0.14844490013722117 0.9870072699305105 0.06148789090195774
vn -0.9118758151286416 -0.16067560208171067 -0.37771132982630445
vn -0.6532814824381882 0.7071067811865479 -0.2705980500730979
vn 0.6532814824381882 -0.707106781186548 0.27059805007309756
vn -0.6922762047645102 0.413165833924401 0.5916482485348877
vn -0.07115471022690936 0.41316583392440054 -0.9078716874592353
vn 0.9118758151286415 0.16067560208171114 0.37771132982630473
vn -0.14844490013722164 -0.9870072699305104 -0.061487890901957824
vn 0.653281482438188 -0.7071067811865481 0.27059805007309773
vn -0.6532814824381883 0.7071067811865479 -0.2705980500730975
vn 0.6922762047645119 -0.41316583392439893 -0.5916482485348872
vn 0.07115471022691015 -0.413165833924401 0.907871687459235
vn -0.38268343236508845 -5.647946001727966e-16 0.9238795325112873
vn 0.6827134245641404 5.456054852317414e-16 -0.7306862390382782
vn -0.9238795325112867 -7.243621688718668e-16 -0.3826834323650898
vn 0.6083789292740945 -0.7525766947068783 0.2519988035673516
vn 8.926021395648104e-17 1 2.624915759791783e-16
vn -1.0536709414603715e-8 -1.0536711826265747e-8 1
vn -0.7071067811865471 -0.7071067811865479 -1.490116191228245e-8
vn 1.0536709816547386e-8 1.0536711424322082e-8 -1
vn 0.7071067811865469 0.707106781186548 1.4901161692469502e-8
vn -0.7071067811865478 0.7071067811865472 1.5232259897857101e-15
vn 0.7071067811865479 -0.7071067811865471 -1.5232259897857097e-15
vn 0.7071067811865474 0.7071067811865476 1.4901161488357505e-8
vn -0.7071067811865472 -0.7071067811865478 -1.4901161704550244e-8
vn 0.7071067811865477 -0.7071067811865474 -1.498801083243961e-15
vn -0.7071067811865477 0.7071067811865474 1.4915878350375674e-15
vn 1.053671122335025e-8 1.0536713032096767e-8 -0.9999999999999999
vn -1.0536712127723504e-8 -1.0536712127723507e-8 0.9999999999999999
vn 0.1606756020817104 0.9870072699305107 1.2092805292115364e-8
vn -0.9870072699305107 -0.16067560208171086 -1.2092803169565007e-8
vn -0.707106781186548 0.7071067811865471 1.4432899320127037e-15
vn 0.7071067811865478 -0.7071067811865474 -1.4915878333832061e-15
vn -0.4131658424753014 0.4131658253734935 0.8115343414514966
vn -0.41316582537349744 0.4131658424753046 -0.8115343414514931
vn 0.9870072699305105 0.1606756020817115 1.2092803457290484e-8
vn -0.16067560208171136 -0.9870072699305106 -1.2092805034602115e-8
vn 0.7071067811865479 -0.7071067811865472 -1.7208456881689922e-15
vn -0.7071067811865477 0.7071067811865474 1.4915878342103856e-15
vn 0.41316584247530486 -0.41316582537349505 -0.8115343414514941
vn 0.4131658253734947 -0.4131658424753041 0.8115343414514946
vn 0 0 1
vn 0 0 -1
vn 1 1.6450562565435214e-15 3.863808515368221e-31
vn -0.6585046078685185 0.7525766947068777 0
vn 1.2246467991473532e-16 -1 0
vn 0 0 1
vn 0 0 -1
vn -1 -1.4758794146958785e-15 5.075305255429286e-16
vn 0.6585046078685179 -0.752576694706878 -4.456149196052656e-16
vn 1.735947933186393e-16 1 1.2688263138573202e-16
vn 0.3826834323650897 5.647946001727983e-16 0.9238795325112867
vn -0.7085845269951929 -9.078077165928249e-17 -0.7056259406392305
vn 0.9238795325112871 1.9468012841580608e-15 -0.3826834323650895
vn -0.608378929274095 0.7525766947068776 0.251998803567352
vn 1.2246467991473532e-16 -1 0
vn 0.38268343236509117 -2.0182475346277178e-16 0.9238795325112863
vn -0.6532814824381885 -0.7071067811865474 0.2705980500730987
vn -0.38268343236509084 4.7538370673041e-16 -0.9238795325112865
vn 0.6532814824381886 0.7071067811865475 -0.27059805007309834
vn -0.6532814824381876 0.7071067811865477 0.2705980500730998
vn 0.6532814824381878 -0.7071067811865474 -0.27059805007310017
vn 0.653281482438189 0.7071067811865469 -0.27059805007309845
vn -0.6532814824381891 -0.7071067811865469 0.2705980500730985
vn 0.6532814824381874 -0.7071067811865481 -0.2705980500730993
vn -0.6532814824381877 0.7071067811865479 0.2705980500730993
vn -0.38268343236509017 1.0422635831040157e-15 -0.9238795325112866
vn 0.3826834323650901 -1.0222795686607629e-15 0.9238795325112868
vn 0.14844490013722186 0.9870072699305106 -0.06148789090195625
vn -0.9118758151286415 -0.16067560208171042 0.37771132982630473
vn -0.6532814824381875 0.707106781186548 0.2705980500730994
vn 0.6532814824381875 -0.7071067811865481 -0.27059805007309917
vn -0.07115471022690859 0.41316583392439804 0.9078716874592366
vn -0.6922762047645107 0.4131658339244016 -0.5916482485348867
vn 0.9118758151286416 0.16067560208171056 -0.3777113298263045
vn -0.1484449001372217 -0.9870072699305105 0.06148789090195616
vn 0.6532814824381873 -0.7071067811865483 -0.27059805007309884
vn -0.6532814824381875 0.707106781186548 0.27059805007309934
vn 0.071154710226909 -0.4131658339243993 -0.9078716874592359
vn 0.6922762047645099 -0.4131658339244008 0.5916482485348881
vn 0.3826834323650898 4.353122511429146e-16 0.923879532511287
vn -0.033921902427267024 1.3140487896912913e-15 -0.9994244866600552
vn -0.9238795325112865 -1.5975329655048629e-15 0.38268343236509034
vn 0.6083789292740944 -0.752576694706878 -0.25199880356735227
vn 2.1285700166682448e-16 1 3.5897465176881704e-17
vn 0.7071067737359678 -1.0536712915955702e-8 0.7071067886371271
vn -0.5000000105367118 -0.7071067811865476 0.4999999894632881
vn -0.7071067737359679 1.053671289108671e-8 -0.7071067886371272
vn 0.5000000105367117 0.7071067811865475 -0.4999999894632882
vn -0.4999999999999998 0.7071067811865472 0.5000000000000007
vn 0.4999999999999983 -0.7071067811865483 -0.5000000000000007
vn 0.5000000105367125 0.7071067811865471 -0.4999999894632878
vn -0.5000000105367123 -0.7071067811865471 0.499999989463288
vn 0.4999999999999988 -0.7071067811865481 -0.5000000000000007
vn -0.49999999999999856 0.707106781186548 0.5000000000000009
vn -0.7071067737359674 1.0536713265231882e-8 -0.7071067886371276
vn 0.7071067737359681 -1.0536713455080026e-8 0.707106788637127
vn 0.11361481635411391 0.9870072699305105 -0.1136147992523051
vn -0.6979195421991886 -0.16067560208171242 0.6979195250973814
vn -0.49999999999999867 0.7071067811865483 0.5000000000000004
vn 0.4999999999999984 -0.7071067811865481 -0.5000000000000009
vn 0.2816890670371721 0.41316582537349616 0.8659938049750504
vn -0.8659937928822462 0.4131658424753058 -0.28168907912997326
vn 0.697919542199188 0.1606756020817085 -0.6979195250973829
vn -0.11361481635411416 -0.9870072699305104 0.11361479925230533
vn 0.49999999999999867 -0.7071067811865475 -0.5000000000000017
vn -0.49999999999999883 0.7071067811865481 0.5000000000000006
vn -0.2816890670371723 -0.41316582537349567 -0.8659938049750504
vn 0.8659937928822464 -0.41316584247530425 0.281689079129975
vn 0.7071067811865476 8.659560562354934e-17 0.7071067811865476
vn -0.7071067811865476 8.704131310979897e-16 -0.7071067811865476
vn 0.7071067811865472 9.566479351257123e-16 -0.7071067811865478
vn -0.4656330736664173 0.7525766947068778 0.4656330736664178
vn 3.617168640951194e-16 -1 -5.981304604509613e-16
vn 0.7071067811865481 8.65956056235494e-17 0.7071067811865469
vn -0.7071067811865482 -8.659560562355041e-17 -0.7071067811865468
vn -0.7071067811865466 -1.053320416181509e-15 0.7071067811865485
vn 0.4656330736664171 -0.7525766947068782 -0.4656330736664178
vn 1.7660055031074545e-16 1 -1.1962609209019253e-16
vn 0.9238795325112867 2.0959975600362132e-15 0.3826834323650903
vn -0.9999978116892992 -1.2529580491496735e-16 0.0020920364750273033
vn 0.3826834323650895 1.2693043193394557e-15 -0.923879532511287
vn -0.2519988035673516 0.752576694706878 0.6083789292740948
vn -7.683630779998884e-17 -1 -4.0300563675627196e-16
vn 0.9238795325112868 -4.33975295306506e-16 0.3826834323650897
vn -0.270598050073099 -0.7071067811865475 0.6532814824381881
vn -0.9238795325112868 4.588442910581092e-16 -0.3826834323650897
vn 0.2705980500730993 0.7071067811865478 -0.6532814824381876
vn -0.27059805007309734 0.7071067811865476 0.6532814824381886
vn 0.27059805007309823 -0.7071067811865479 -0.653281482438188
vn 0.2705980500730993 0.7071067811865475 -0.653281482438188
vn -0.2705980500730992 -0.7071067811865472 0.6532814824381883
vn 0.2705980500730981 -0.7071067811865479 -0.6532814824381881
vn -0.2705980500730978 0.7071067811865479 0.6532814824381883
vn -0.9238795325112868 7.661540242743534e-16 -0.38268343236508956
vn 0.9238795325112867 -5.66313879841826e-16 0.38268343236508995
vn 0.06148789090195735 0.9870072699305106 -0.1484449001372206
vn -0.3777113298263042 -0.16067560208170953 0.9118758151286419
vn -0.2705980500730982 0.7071067811865476 0.6532814824381883
vn 0.2705980500730976 -0.707106781186548 -0.6532814824381881
vn 0.5916482485348893 0.4131658339243981 0.6922762047645107
vn -0.9078716874592351 0.41316583392440104 0.07115471022691021
vn 0.3777113298263045 0.160675602081711 -0.9118758151286415
vn -0.06148789090195743 -0.9870072699305105 0.1484449001372205
vn 0.27059805007309773 -0.7071067811865481 -0.653281482438188
vn -0.2705980500730982 0.7071067811865479 0.6532814824381881
vn -0.5916482485348881 -0.4131658339243996 -0.6922762047645107
vn 0.9078716874592355 -0.41316583392440026 -0.07115471022690675
vn 0.9238795325112868 -1.4582208683099758e-16 0.38268343236508956
vn -0.7306862390382783 3.7251394783707646e-16 -0.6827134245641403
vn -0.3826834323650896 -6.580847616963597e-16 0.9238795325112868
vn 0.2519988035673515 -0.7525766947068782 -0.6083789292740948
vn 1.9667542376501654e-16 1 -3.484865377344102e-16
vn 0.9999999999999992 2.9802322150843778e-8 -2.9802321224491826e-8
vn 4.214684872309704e-8 -0.7071067811865462 0.7071067811865477
vn -0.9999999999999992 -2.980232390934732e-8 2.980232298299537e-8
vn -4.214684828347105e-8 0.7071067811865464 -0.7071067811865475
vn -8.65956056235494e-17 0.7071067811865481 0.7071067811865469
vn 8.659560562354949e-17 -0.7071067811865488 -0.7071067811865462
vn -4.214684883300353e-8 0.707106781186546 -0.7071067811865479
vn 4.214684873771017e-8 -0.7071067811865461 0.7071067811865477
vn 1.976179080860652e-16 -0.7071067811865486 -0.7071067811865466
vn -1.651002900799154e-16 0.7071067811865486 0.7071067811865466
vn -0.9999999999999992 -2.980232262815192e-8 2.980232250568732e-8
vn 0.9999999999999992 2.9802322000114933e-8 -2.9802321877650327e-8
vn -3.420361529057745e-8 0.98700726993051 -0.16067560208171158
vn 3.420361497049116e-8 -0.16067560208170903 0.9870072699305102
vn -2.5312905931732283e-16 0.7071067811865486 0.7071067811865466
vn 1.6510030000608276e-16 -0.7071067811865487 -0.7071067811865464
vn 0.811534341451494 0.4131658581100079 0.4131658097387913
vn -0.8115343414514951 0.4131658097387905 0.41316585811000667
vn -3.42036152607353e-8 0.16067560208170892 -0.9870072699305104
vn 3.4203615542001235e-8 -0.9870072699305098 0.16067560208171286
vn 1.976179080860652e-16 -0.7071067811865486 -0.7071067811865466
vn -1.6510029007991541e-16 0.7071067811865486 0.7071067811865466
vn -0.8115343414514935 -0.41316585811000833 -0.4131658097387917
vn 0.8115343414514937 -0.4131658097387918 -0.41316585811000806
vn 1 1.2246467991473532e-16 0
vn -1 -1.2246467991473532e-16 0
vn -2.5376526277146454e-16 1.691768418476429e-15 -1
vn 3.5154484430080076e-17 0.7525766947068776 0.6585046078685184
vn 1.2246467991473525e-16 -1 -2.960594732333747e-16
vn 1 1.2246467991473532e-16 0
vn -1 -1.2246467991473532e-16 0
vn -5.075305255429284e-16 -6.215456335757213e-32 1
vn 9.216406402856738e-17 -0.7525766947068787 -0.6585046078685172
vn -1.2246467991473532e-16 1 -1.0362081563168109e-15
vn 0.9238795325112865 -3.603554670554139e-16 -0.38268343236509084
vn -0.7056259406392303 -9.04184493281998e-17 0.708584526995193
vn -0.38268343236509034 1.786793468876028e-15 -0.9238795325112865
vn 0.25199880356735227 0.7525766947068778 0.6083789292740948
vn 9.167624513586978e-18 -1 -2.735232877263879e-16
vn 0.9238795325112865 8.094744922736677e-16 -0.3826834323650905
vn 0.2705980500730987 -0.707106781186548 0.6532814824381878
vn -0.9238795325112867 -7.84605496522064e-16 0.3826834323650899
vn -0.27059805007309784 0.707106781186548 -0.6532814824381881
vn 0.27059805007309856 0.7071067811865468 0.6532814824381892
vn -0.2705980500730988 -0.7071067811865472 -0.6532814824381886
vn -0.2705980500730984 0.7071067811865477 -0.6532814824381882
vn 0.27059805007309834 -0.7071067811865479 0.653281482438188
vn -0.27059805007309834 -0.7071067811865472 -0.6532814824381886
vn 0.2705980500730984 0.7071067811865472 0.6532814824381887
vn -0.9238795325112866 3.364977137444184e-16 0.38268343236509006
vn 0.9238795325112866 -3.265057065227919e-16 -0.38268343236509006
vn -0.06148789090195634 0.9870072699305108 -0.14844490013722034
vn 0.3777113298263039 -0.16067560208171228 0.9118758151286417
vn 0.27059805007309784 0.7071067811865475 0.6532814824381887
vn -0.27059805007309845 -0.7071067811865471 -0.6532814824381887
vn 0.907871687459235 0.41316583392440087 0.07115471022691035
vn -0.5916482485348881 0.41316583392439915 0.6922762047645111
vn -0.37771132982630456 0.1606756020817107 -0.9118758151286415
vn 0.061487890901956686 -0.9870072699305105 0.148444900137221
vn -0.2705980500730987 -0.7071067811865469 -0.6532814824381888
vn 0.2705980500730984 0.7071067811865474 0.6532814824381886
vn -0.9078716874592352 -0.41316583392440015 -0.07115471022691205
vn 0.5916482485348876 -0.4131658339243991 -0.6922762047645115
vn 0.9238795325112867 2.426249602586541e-16 -0.38268343236509034
vn -0.9994244866600555 -1.3387180050198985e-16 0.03392190242726593
vn 0.3826834323650895 -3.0240311459993503e-16 0.923879532511287
vn -0.2519988035673516 -0.7525766947068788 -0.608378929274094
vn -5.190043738187537e-16 1 -9.573315070423578e-16
vn 0.7071067601131223 2.9802323309178604e-8 -0.7071068022599716
vn 0.500000029802322 -0.7071067811865464 0.4999999701976778
vn -0.7071067601131225 -2.980232303561965e-8 0.7071068022599714
vn -0.5000000298023224 0.7071067811865464 -0.49999997019767783
vn 0.49999999999999867 0.7071067811865481 0.5000000000000006
vn -0.4999999999999989 -0.7071067811865483 -0.4999999999999999
vn -0.5000000298023228 0.7071067811865458 -0.4999999701976779
vn 0.5000000298023228 -0.7071067811865456 0.49999997019767817
vn -0.49999999999999944 -0.7071067811865483 -0.4999999999999994
vn 0.4999999999999989 0.7071067811865486 0.49999999999999967
vn -0.707106760113123 -2.980232257643143e-8 0.7071068022599708
vn 0.7071067601131223 2.9802322376591257e-8 -0.7071068022599716
vn -0.11361483198881833 0.9870072699305098 -0.11361478361760172
vn 0.6979195578338927 -0.1606756020817088 0.6979195094626773
vn 0.4999999999999992 0.7071067811865486 0.49999999999999944
vn -0.499999999999999 -0.7071067811865486 -0.4999999999999998
vn 0.8659937818268406 0.4131658581100086 -0.28168909018537924
vn -0.2816890559817653 0.41316580973879197 0.8659938160304554
vn -0.6979195578338923 0.16067560208171067 -0.6979195094626772
vn 0.11361483198881794 -0.98700726993051 0.1136147836176013
vn -0.49999999999999883 -0.7071067811865485 -0.4999999999999998
vn 0.4999999999999994 0.7071067811865483 0.49999999999999944
vn -0.8659937818268407 -0.413165858110008 0.2816890901853796
vn 0.2816890559817675 -0.41316580973879147 -0.8659938160304551
vn 0.7071067811865472 -3.919087627372196e-16 -0.7071067811865478
vn -0.7071067811865475 3.9190876273722e-16 0.7071067811865477
vn -0.7071067811865479 1.3634916102133903e-15 -0.7071067811865471
vn 0.4656330736664178 0.7525766947068777 0.46563307366641754
vn -8.688098124310125e-17 -1 -2.0934566115783643e-16
vn 0.7071067811865476 8.659560562354934e-17 -0.7071067811865476
vn -0.7071067811865476 -8.659560562354934e-17 0.7071067811865476
vn 0.7071067811865478 8.659560562354937e-17 0.7071067811865472
vn -0.4656330736664168 -0.7525766947068788 -0.46563307366641665
vn -8.551744939671631e-16 1 -7.327098140524271e-16
vn 0.3826834323650904 -5.358053665812153e-16 -0.9238795325112867
vn 0.002092036475027304 -6.796350030821908e-16 0.9999978116892992
vn -0.9238795325112871 1.5458819023739215e-15 -0.3826834323650893
vn 0.608378929274095 0.7525766947068777 0.2519988035673521
vn -1.5105860781165273e-16 -1 -1.1329705540114817e-16
vn 0.3826834323650904 -2.5156274496597873e-16 -0.9238795325112867
vn 0.653281482438188 -0.7071067811865478 0.2705980500730985
vn -0.3826834323650902 4.007767194755996e-16 0.9238795325112867
vn -0.6532814824381882 0.7071067811865477 -0.2705980500730986
vn 0.6532814824381881 0.7071067811865472 0.27059805007309945
vn -0.653281482438188 -0.7071067811865479 -0.2705980500730986
vn -0.6532814824381885 0.7071067811865472 -0.2705980500730987
vn 0.6532814824381884 -0.7071067811865475 0.2705980500730986
vn -0.6532814824381882 -0.7071067811865476 -0.2705980500730988
vn 0.653281482438188 0.7071067811865478 0.2705980500730987
vn -0.3826834323650892 2.129269837090237e-16 0.923879532511287
vn 0.3826834323650898 2.1672932682091197e-16 -0.923879532511287
vn -0.14844490013722098 0.9870072699305106 -0.061487890901956575
vn 0.9118758151286417 -0.16067560208171125 0.3777113298263043
vn 0.6532814824381884 0.7071067811865476 0.2705980500730985
vn -0.6532814824381883 -0.7071067811865474 -0.2705980500730988
vn 0.692276204764511 0.4131658339243985 -0.5916482485348885
vn 0.07115471022690886 0.41316583392439876 0.9078716874592361
vn -0.9118758151286416 0.16067560208171114 -0.3777113298263047
vn 0.14844490013722064 -0.9870072699305106 0.061487890901956506
vn -0.6532814824381882 -0.7071067811865477 -0.2705980500730987
vn 0.6532814824381883 0.7071067811865476 0.27059805007309884
vn -0.6922762047645107 -0.4131658339243997 0.5916482485348881
vn -0.07115471022690943 -0.4131658339243993 -0.9078716874592357
vn 0.3826834323650901 1.5413189416547192e-16 -0.9238795325112866
vn -0.6827134245641405 1.4739032109676032e-16 0.730686239038278
vn 0.9238795325112866 -1.4880862776112876e-16 0.38268343236509017
vn -0.6083789292740938 -0.7525766947068789 -0.25199880356735177
vn -1.0797961869570927e-15 1 -3.9653969390401867e-16
usemtl m_980034eb-2d55-576c-b6c9-096ec077141f
f 10/25/7 11/26/7 12/27/7
f 11/28/8 10/29/8 13/30/8 14/31/8
f 14/32/9 13/33/9 15/34/9
f 16/35/10 10/36/10 12/37/10
f 10/38/11 16/39/11 17/40/11 13/41/11
f 13/42/12 17/43/12 15/44/12
f 18/45/13 16/46/13 12/47/13
f 16/48/14 18/49/14 19/50/14 17/51/14
f 17/52/15 19/53/15 15/54/15
f 20/55/16 18/56/16 12/57/16
f 18/58/17 20/59/17 21/60/17 19/61/17
f 19/62/18 21/63/18 15/64/18
f 22/65/19 20/66/19 12/67/19
f 20/68/20 22/69/20 23/70/20 21/71/20
f 21/72/21 23/73/21 15/74/21
f 24/75/22 22/76/22 12/77/22
f 22/78/23 24/79/23 25/80/23 23/81/23
f 23/82/24 25/83/24 15/84/24
f 26/85/25 24/86/25 12/87/25
f 24/88/26 26/89/26 27/90/26 25/91/26
f 25/92/27 27/93/27 15/94/27
f 11/95/28 26/96/28 12/97/28
f 26/98/29 11/99/29 14/100/29 27/101/29
f 27/102/30 14/103/30 15/104/30
f 28/105/31 29/106/31 30/107/31 31/108/31
f 32/109/32 33/110/32 34/111/32 35/112/32
f 35/113/33 34/114/33 29/115/33 28/116/33
f 31/117/34 30/118/34 33/119/34 32/120/34
f 29/121/35 36/122/35 37/123/35 30/124/35
f 33/125/36 38/126/36 39/127/36 34/128/36
f 34/129/37 39/130/37 36/131/37 29/132/37
f 30/133/38 37/134/38 38/135/38 33/136/38
f 36/137/39 40/138/39 41/139/39 37/140/39
f 38/141/40 9/142/40 42/143/40 39/144/40
f 39/145/41 42/146/41 40/147/41 36/148/41
f 37/149/42 41/150/42 9/151/42 38/152/42
f 40/153/43 43/154/43 44/155/43 41/156/43
f 9/157/44 45/158/44 46/159/44 42/160/44
f 42/161/45 46/162/45 43/163/45 40/164/45
f 41/165/46 44/166/46 45/167/46 9/168/46
f 43/169/47 47/170/47 48/171/47 44/172/47
f 45/173/48 49/174/48 50/175/48 46/176/48
f 46/177/49 50/178/49 47/179/49 43/180/49
f 44/181/50 48/182/50 49/183/50 45/184/50
f 47/185/51 51/186/51 52/187/51 48/188/51
f 49/189/52 53/190/52 54/191/52 50/192/52
f 50/193/53 54/194/53 51/195/53 47/196/53
f 48/197/54 52/198/54 53/199/54 49/200/54
f 51/201/55 55/202/55 56/203/55 52/204/55
f 53/205/56 57/206/56 58/207/56 54/208/56
f 54/209/57 58/210/57 55/211/57 51/212/57
f 52/213/58 56/214/58 57/215/58 53/216/58
f 55/217/59 28/218/59 31/219/59 56/220/59
f 57/221/60 32/222/60 35/223/60 58/224/60
f 58/225/61 35/226/61 28/227/61 55/228/61
f 56/229/62 31/230/62 32/231/62 57/232/62
usemtl m_7c6aab4a-f50e-4807-a152-81f7092118e5
f 59/233/63 60/234/63 61/235/63 62/236/63
f 63/237/64 59/238/64 62/239/64 64/240/64
f 65/241/65 63/242/65 64/243/65 66/244/65
f 60/245/66 65/246/66 66/247/66 61/248/66
usemtl m_dffce1a3-9427-9411-6bc7-a281d292efe4
f 66/249/67 64/250/67 62/251/67 61/252/67
f 60/253/68 59/254/68 63/255/68 65/256/68
usemtl m_52c6fc1f-ab7d-6711-6bca-3d39441590b0
f 68/257/69 67/258/69 69/259/69 70/260/69
f 73/261/70 71/262/70 72/263/70 74/264/70
f 71/265/71 67/266/71 68/267/71 72/268/71
f 70/269/72 69/270/72 73/271/72 74/272/72
f 69/273/73 67/274/73 71/275/73 73/276/73
f 72/277/74 68/278/74 70/279/74 74/280/74
f 76/281/75 75/282/75 77/283/75 78/284/75
f 81/285/76 79/286/76 80/287/76 82/288/76
f 79/289/77 75/290/77 76/291/77 80/292/77
f 78/293/78 77/294/78 81/295/78 82/296/78
f 77/297/79 75/298/79 79/299/79 81/300/79
f 80/301/80 76/302/80 78/303/80 82/304/80
f 84/305/81 83/306/81 85/307/81 86/308/81
f 89/309/82 87/310/82 88/311/82 90/312/82
f 87/313/83 83/314/83 84/315/83 88/316/83
f 86/317/84 85/318/84 89/319/84 90/320/84
f 85/321/85 83/322/85 87/323/85 89/324/85
f 88/325/86 84/326/86 86/327/86 90/328/86
usemtl m_980034eb-2d55-576c-b6c9-096ec077141f
f 91/329/87 92/330/87 93/331/87 94/332/87
f 95/333/88 91/334/88 94/335/88 96/336/88
f 97/337/89 95/338/89 96/339/89 98/340/89
f 92/341/90 97/342/90 98/343/90 93/344/90
f 98/345/91 96/346/91 94/347/91 93/348/91
f 92/349/92 91/350/92 95/351/92 97/352/92
f 99/353/93 100/354/93 101/355/93 102/356/93
f 103/357/94 99/358/94 102/359/94 104/360/94
f 105/361/95 103/362/95 104/363/95 106/364/95
f 100/365/96 105/366/96 106/367/96 101/368/96
f 106/369/97 104/370/97 102/371/97 101/372/97
f 100/373/98 99/374/98 103/375/98 105/376/98
f 107/377/99 108/378/99 109/379/99 110/380/99
f 111/381/100 107/382/100 110/383/100 112/384/100
f 113/385/101 111/386/101 112/387/101 114/388/101
f 108/389/102 113/390/102 114/391/102 109/392/102
f 114/393/103 112/394/103 110/395/103 109/396/103
f 108/397/104 107/398/104 111/399/104 113/400/104
f 115/401/105 116/402/105 117/403/105 118/404/105
f 119/405/106 115/406/106 118/407/106 120/408/106
f 121/409/107 119/410/107 120/411/107 122/412/107
f 116/413/108 121/414/108 122/415/108 117/416/108
f 122/417/109 120/418/109 118/419/109 117/420/109
f 116/421/110 115/422/110 119/423/110 121/424/110
f 123/425/111 124/426/111 125/427/111 126/428/111
f 127/429/112 128/430/112 129/431/112 130/432/112
f 125/433/113 124/434/113 129/435/113 128/436/113
f 123/437/114 126/438/114 127/439/114 130/440/114
f 126/441/115 125/442/115 128/443/115 127/444/115
f 130/445/116 129/446/116 124/447/116 123/448/116
f 131/449/117 132/450/117 133/451/117 134/452/117
f 135/453/118 136/454/118 137/455/118 138/456/118
f 133/457/119 132/458/119 137/459/119 136/460/119
f 131/461/120 134/462/120 135/463/120 138/464/120
f 134/465/121 133/466/121 136/467/121 135/468/121
f 138/469/122 137/470/122 132/471/122 131/472/122
f 139/473/123 140/474/123 141/475/123 142/476/123
f 140/477/124 143/478/124 144/479/124 141/480/124
f 145/481/125 142/482/125 141/483/125 146/484/125
f 143/485/126 147/486/126 148/487/126 144/488/126
f 146/489/127 141/490/127 144/491/127 149/492/127
f 147/493/128 150/494/128 151/495/128 148/496/128
f 149/497/129 144/498/129 148/499/129 152/500/129
f 150/501/130 153/502/130 154/503/130 151/504/130
f 152/505/131 148/506/131 151/507/131 155/508/131
f 153/509/132 156/510/132 157/511/132 154/512/132
f 155/513/133 151/514/133 154/515/133 158/516/133
f 156/517/134 159/518/134 160/519/134 157/520/134
f 158/521/135 154/522/135 157/523/135 161/524/135
f 159/525/136 139/526/136 142/527/136 160/528/136
f 161/529/137 157/530/137 160/531/137 162/532/137
f 162/533/138 160/534/138 142/535/138 145/536/138
f 163/537/139 162/538/139 145/539/139
f 163/540/140 161/541/140 162/542/140
f 163/543/141 158/544/141 161/545/141
f 163/546/142 155/547/142 158/548/142
f 164/549/143 165/550/143 166/551/143
f 164/552/144 166/553/144 167/554/144
f 164/555/145 167/556/145 168/557/145
f 163/558/146 152/559/146 155/560/146
f 164/561/147 169/562/147 170/563/147
f 164/564/148 168/565/148 169/566/148
f 164/567/149 170/568/149 171/569/149
f 164/570/150 171/571/150 172/572/150
f 163/573/151 149/574/151 152/575/151
f 172/576/152 143/577/152 140/578/152 165/579/152
f 164/580/153 172/581/153 165/582/153
f 171/583/154 147/584/154 143/585/154 172/586/154
f 170/587/155 150/588/155 147/589/155 171/590/155
f 163/591/156 146/592/156 149/593/156
f 168/594/157 156/595/157 153/596/157 169/597/157
f 169/598/158 153/599/158 150/600/158 170/601/158
f 167/602/159 159/603/159 156/604/159 168/605/159
f 166/606/160 139/607/160 159/608/160 167/609/160
f 163/610/161 145/611/161 146/612/161
f 165/613/162 140/614/162 139/615/162 166/616/162
f 173/617/163 174/618/163 175/619/163 176/620/163
f 177/621/164 178/622/164 179/623/164 180/624/164
f 175/625/165 174/626/165 179/627/165 178/628/165
f 173/629/166 176/630/166 177/631/166 180/632/166
f 176/633/167 175/634/167 178/635/167 177/636/167
f 180/637/168 179/638/168 174/639/168 173/640/168
f 181/641/169 182/642/169 183/643/169 184/644/169
f 185/645/170 186/646/170 187/647/170 188/648/170
f 183/649/171 182/650/171 187/651/171 186/652/171
f 181/653/172 184/654/172 185/655/172 188/656/172
f 184/657/173 183/658/173 186/659/173 185/660/173
f 188/661/174 187/662/174 182/663/174 181/664/174
f 189/665/175 190/666/175 191/667/175 192/668/175
f 193/669/176 194/670/176 195/671/176 196/672/176
f 191/673/177 190/674/177 195/675/177 194/676/177
f 189/677/178 192/678/178 193/679/178 196/680/178
f 192/681/179 191/682/179 194/683/179 193/684/179
f 196/685/180 195/686/180 190/687/180 189/688/180
f 197/689/181 198/690/181 199/691/181 200/692/181
f 201/693/182 202/694/182 203/695/182 204/696/182
f 199/697/183 198/698/183 203/699/183 202/700/183
f 197/701/184 200/702/184 201/703/184 204/704/184
f 200/705/185 199/706/185 202/707/185 201/708/185
f 204/709/186 203/710/186 198/711/186 197/712/186
f 205/713/187 206/714/187 207/715/187 208/716/187
f 209/717/188 210/718/188 211/719/188 212/720/188
f 207/721/189 206/722/189 211/723/189 210/724/189
f 205/725/190 208/726/190 209/727/190 212/728/190
f 208/729/191 207/730/191 210/731/191 209/732/191
f 212/733/192 211/734/192 206/735/192 205/736/192
f 213/737/193 214/738/193 215/739/193 216/740/193
f 217/741/194 218/742/194 219/743/194 220/744/194
f 215/745/195 214/746/195 219/747/195 218/748/195
f 213/749/196 216/750/196 217/751/196 220/752/196
f 216/753/197 215/754/197 218/755/197 217/756/197
f 220/757/198 219/758/198 214/759/198 213/760/198
f 221/761/199 222/762/199 223/763/199 224/764/199
f 225/765/200 226/766/200 227/767/200 228/768/200
f 223/769/201 222/770/201 227/771/201 226/772/201
f 221/773/202 224/774/202 225/775/202 228/776/202
f 224/777/203 223/778/203 226/779/203 225/780/203
f 228/781/204 227/782/204 222/783/204 221/784/204
f 229/785/205 230/786/205 231/787/205 232/788/205
f 233/789/206 229/790/206 232/791/206 234/792/206
f 235/793/207 233/794/207 234/795/207 236/796/207
f 230/797/208 235/798/208 236/799/208 231/800/208
f 236/801/209 234/802/209 232/803/209 231/804/209
f 230/805/210 229/806/210 233/807/210 235/808/210
f 237/809/211 238/810/211 239/811/211 240/812/211
f 241/813/212 237/814/212 240/815/212 242/816/212
f 243/817/213 241/818/213 242/819/213 244/820/213
f 238/821/214 243/822/214 244/823/214 239/824/214
f 244/825/215 242/826/215 240/827/215 239/828/215
f 238/829/216 237/830/216 241/831/216 243/832/216
f 245/833/217 246/834/217 247/835/217 248/836/217
f 249/837/218 245/838/218 248/839/218 250/840/218
f 251/841/219 249/842/219 250/843/219 252/844/219
f 246/845/220 251/846/220 252/847/220 247/848/220
f 252/849/221 250/850/221 248/851/221 247/852/221
f 246/853/222 245/854/222 249/855/222 251/856/222
f 253/857/223 254/858/223 255/859/223 256/860/223
f 257/861/224 253/862/224 256/863/224 258/864/224
f 259/865/225 257/866/225 258/867/225 260/868/225
f 254/869/226 259/870/226 260/871/226 255/872/226
f 260/873/227 258/874/227 256/875/227 255/876/227
f 254/877/228 253/878/228 257/879/228 259/880/228
f 261/881/229 262/882/229 263/883/229
f 265/884/230 264/885/230 266/886/230
f 261/887/231 265/888/231 266/889/231 262/890/231
f 266/891/232 264/892/232 263/893/232 262/894/232
f 261/895/233 263/896/233 264/897/233 265/898/233
f 267/899/234 268/900/234 269/901/234 270/902/234
f 271/903/235 272/904/235 273/905/235 274/906/235
usemtl m_52c6fc1f-ab7d-6711-6bca-3d39441590b0
f 274/907/236 273/908/236 268/909/236 267/910/236
f 270/911/237 269/912/237 272/913/237 271/914/237
usemtl m_980034eb-2d55-576c-b6c9-096ec077141f
f 268/915/238 275/916/238 276/917/238 269/918/238
f 272/919/239 277/920/239 278/921/239 273/922/239
usemtl m_52c6fc1f-ab7d-6711-6bca-3d39441590b0
f 273/923/240 278/924/240 275/925/240 268/926/240
f 269/927/241 276/928/241 277/929/241 272/930/241
usemtl m_980034eb-2d55-576c-b6c9-096ec077141f
f 275/931/242 279/932/242 280/933/242 276/934/242
f 277/935/243 281/936/243 282/937/243 278/938/243
usemtl m_52c6fc1f-ab7d-6711-6bca-3d39441590b0
f 278/939/244 282/940/244 279/941/244 275/942/244
f 276/943/245 280/944/245 281/945/245 277/946/245
usemtl m_980034eb-2d55-576c-b6c9-096ec077141f
f 279/947/246 283/948/246 284/949/246 280/950/246
f 281/951/247 285/952/247 286/953/247 282/954/247
usemtl m_52c6fc1f-ab7d-6711-6bca-3d39441590b0
f 282/955/248 286/956/248 283/957/248 279/958/248
f 280/959/249 284/960/249 285/961/249 281/962/249
usemtl m_980034eb-2d55-576c-b6c9-096ec077141f
f 283/963/250 287/964/250 288/965/250 284/966/250
f 285/967/251 289/968/251 290/969/251 286/970/251
usemtl m_52c6fc1f-ab7d-6711-6bca-3d39441590b0
f 286/971/252 290/972/252 287/973/252 283/974/252
f 284/975/253 288/976/253 289/977/253 285/978/253
usemtl m_980034eb-2d55-576c-b6c9-096ec077141f
f 287/979/254 291/980/254 292/981/254 288/982/254
f 289/983/255 293/984/255 294/985/255 290/986/255
usemtl m_52c6fc1f-ab7d-6711-6bca-3d39441590b0
f 290/987/256 294/988/256 291/989/256 287/990/256
f 288/991/257 292/992/257 293/993/257 289/994/257
usemtl m_980034eb-2d55-576c-b6c9-096ec077141f
f 291/995/258 295/996/258 296/997/258 292/998/258
f 293/999/259 297/1000/259 298/1001/259 294/1002/259
usemtl m_52c6fc1f-ab7d-6711-6bca-3d39441590b0
f 294/1003/260 298/1004/260 295/1005/260 291/1006/260
f 292/1007/261 296/1008/261 297/1009/261 293/1010/261
usemtl m_980034eb-2d55-576c-b6c9-096ec077141f
f 295/1011/262 267/1012/262 270/1013/262 296/1014/262
f 297/1015/263 271/1016/263 274/1017/263 298/1018/263
usemtl m_52c6fc1f-ab7d-6711-6bca-3d39441590b0
f 298/1019/264 274/1020/264 267/1021/264 295/1022/264
f 296/1023/265 270/1024/265 271/1025/265 297/1026/265
f 299/1027/266 300/1028/266 301/1029/266 302/1030/266
f 303/1031/267 304/1032/267 305/1033/267 306/1034/267
f 306/1035/268 305/1036/268 300/1037/268 299/1038/268
f 302/1039/269 301/1040/269 304/1041/269 303/1042/269
f 300/1043/270 307/1044/270 308/1045/270 301/1046/270
f 304/1047/271 309/1048/271 310/1049/271 305/1050/271
f 305/1051/272 310/1052/272 307/1053/272 300/1054/272
f 301/1055/273 308/1056/273 309/1057/273 304/1058/273
f 307/1059/274 311/1060/274 312/1061/274 308/1062/274
f 309/1063/275 313/1064/275 314/1065/275 310/1066/275
f 310/1067/276 314/1068/276 311/1069/276 307/1070/276
f 308/1071/277 312/1072/277 313/1073/277 309/1074/277
f 311/1075/278 315/1076/278 316/1077/278 312/1078/278
f 313/1079/279 317/1080/279 318/1081/279 314/1082/279
f 314/1083/280 318/1084/280 315/1085/280 311/1086/280
f 312/1087/281 316/1088/281 317/1089/281 313/1090/281
f 315/1091/282 319/1092/282 320/1093/282 316/1094/282
f 317/1095/283 321/1096/283 322/1097/283 318/1098/283
f 318/1099/284 322/1100/284 319/1101/284 315/1102/284
f 316/1103/285 320/1104/285 321/1105/285 317/1106/285
f 319/1107/286 323/1108/286 324/1109/286 320/1110/286
f 321/1111/287 325/1112/287 326/1113/287 322/1114/287
f 322/1115/288 326/1116/288 323/1117/288 319/1118/288
f 320/1119/289 324/1120/289 325/1121/289 321/1122/289
f 323/1123/290 327/1124/290 328/1125/290 324/1126/290
f 325/1127/291 329/1128/291 330/1129/291 326/1130/291
f 326/1131/292 330/1132/292 327/1133/292 323/1134/292
f 324/1135/293 328/1136/293 329/1137/293 325/1138/293
f 327/1139/294 299/1140/294 302/1141/294 328/1142/294
f 329/1143/295 303/1144/295 306/1145/295 330/1146/295
f 330/1147/296 306/1148/296 299/1149/296 327/1150/296
f 328/1151/297 302/1152/297 303/1153/297 329/1154/297
f 331/1155/298 332/1156/298 333/1157/298 334/1158/298
f 335/1159/299 336/1160/299 337/1161/299 338/1162/299
f 339/1163/300 340/1164/300 341/1165/300 342/1166/300
f 343/1167/301 344/1168/301 345/1169/301 346/1170/301
f 347/1171/302 348/1172/302 349/1173/302 350/1174/302
f 351/1175/303 352/1176/303 353/1177/303 354/1178/303
f 355/1179/304 356/1180/304 357/1181/304 358/1182/304
f 359/1183/305 360/1184/305 361/1185/305 362/1186/305
f 363/1187/306 364/1188/306 365/1189/306 366/1190/306
f 367/1191/307 368/1192/307 369/1193/307 370/1194/307
f 371/1195/308 372/1196/308 373/1197/308 374/1198/308
f 375/1199/309 376/1200/309 377/1201/309 378/1202/309
f 379/1203/310 380/1204/310 381/1205/310 382/1206/310
f 383/1207/311 384/1208/311 385/1209/311 386/1210/311
f 387/1211/312 388/1212/312 389/1213/312 390/1214/312
f 391/1215/313 392/1216/313 393/1217/313 394/1218/313
f 333/1219/314 332/1220/314 337/1221/314 336/1222/314
f 331/1223/315 334/1224/315 335/1225/315 338/1226/315
f 334/1227/316 333/1228/316 336/1229/316 335/1230/316
f 338/1231/317 337/1232/317 332/1233/317 331/1234/317
f 341/1235/318 340/1236/318 345/1237/318 344/1238/318
f 339/1239/319 342/1240/319 343/1241/319 346/1242/319
f 342/1243/320 341/1244/320 344/1245/320 343/1246/320
f 346/1247/321 345/1248/321 340/1249/321 339/1250/321
f 349/1251/322 348/1252/322 353/1253/322 352/1254/322
f 347/1255/323 350/1256/323 351/1257/323 354/1258/323
f 350/1259/324 349/1260/324 352/1261/324 351/1262/324
f 354/1263/325 353/1264/325 348/1265/325 347/1266/325
f 357/1267/326 356/1268/326 361/1269/326 360/1270/326
f 355/1271/327 358/1272/327 359/1273/327 362/1274/327
f 358/1275/328 357/1276/328 360/1277/328 359/1278/328
f 362/1279/329 361/1280/329 356/1281/329 355/1282/329
f 365/1283/330 364/1284/330 369/1285/330 368/1286/330
f 363/1287/331 366/1288/331 367/1289/331 370/1290/331
f 366/1291/332 365/1292/332 368/1293/332 367/1294/332
f 370/1295/333 369/1296/333 364/1297/333 363/1298/333
f 373/1299/334 372/1300/334 377/1301/334 376/1302/334
f 371/1303/335 374/1304/335 375/1305/335 378/1306/335
f 374/1307/336 373/1308/336 376/1309/336 375/1310/336
f 378/1311/337 377/1312/337 372/1313/337 371/1314/337
f 381/1315/338 380/1316/338 385/1317/338 384/1318/338
f 379/1319/339 382/1320/339 383/1321/339 386/1322/339
f 382/1323/340 381/1324/340 384/1325/340 383/1326/340
f 386/1327/341 385/1328/341 380/1329/341 379/1330/341
f 389/1331/342 388/1332/342 393/1333/342 392/1334/342
f 387/1335/343 390/1336/343 391/1337/343 394/1338/343
f 390/1339/344 389/1340/344 392/1341/344 391/1342/344
f 394/1343/345 393/1344/345 388/1345/345 387/1346/345
usemtl m_980034eb-2d55-576c-b6c9-096ec077141f
f 395/1347/346 396/1348/346 397/1349/346
f 399/1350/347 398/1351/347 400/1352/347
f 395/1353/348 399/1354/348 400/1355/348 396/1356/348
f 400/1357/349 398/1358/349 397/1359/349 396/1360/349
f 395/1361/350 397/1362/350 398/1363/350 399/1364/350
f 401/1365/351 402/1366/351 403/1367/351
f 405/1368/352 404/1369/352 406/1370/352
f 401/1371/353 405/1372/353 406/1373/353 402/1374/353
f 406/1375/354 404/1376/354 403/1377/354 402/1378/354
f 401/1379/355 403/1380/355 404/1381/355 405/1382/355
usemtl m_7c6aab4a-f50e-4807-a152-81f7092118e5
f 407/1383/356 408/1384/356 409/1385/356 410/1386/356
f 411/1387/357 407/1388/357 410/1389/357 412/1390/357
f 413/1391/358 411/1392/358 412/1393/358 414/1394/358
f 408/1395/359 413/1396/359 414/1397/359 409/1398/359
usemtl m_dffce1a3-9427-9411-6bc7-a281d292efe4
f 414/1399/360 412/1400/360 410/1401/360 409/1402/360
f 408/1403/361 407/1404/361 411/1405/361 413/1406/361
usemtl m_52c6fc1f-ab7d-6711-6bca-3d39441590b0
f 416/1407/362 415/1408/362 417/1409/362 418/1410/362
f 421/1411/363 419/1412/363 420/1413/363 422/1414/363
f 419/1415/364 415/1416/364 416/1417/364 420/1418/364
f 418/1419/365 417/1420/365 421/1421/365 422/1422/365
f 417/1423/366 415/1424/366 419/1425/366 421/1426/366
f 420/1427/367 416/1428/367 418/1429/367 422/1430/367
f 424/1431/368 423/1432/368 425/1433/368 426/1434/368
f 429/1435/369 427/1436/369 428/1437/369 430/1438/369
f 427/1439/370 423/1440/370 424/1441/370 428/1442/370
f 426/1443/371 425/1444/371 429/1445/371 430/1446/371
f 425/1447/372 423/1448/372 427/1449/372 429/1450/372
f 428/1451/373 424/1452/373 426/1453/373 430/1454/373
f 432/1455/374 431/1456/374 433/1457/374 434/1458/374
f 437/1459/375 435/1460/375 436/1461/375 438/1462/375
f 435/1463/376 431/1464/376 432/1465/376 436/1466/376
f 434/1467/377 433/1468/377 437/1469/377 438/1470/377
f 433/1471/378 431/1472/378 435/1473/378 437/1474/378
f 436/1475/379 432/1476/379 434/1477/379 438/1478/379
usemtl m_980034eb-2d55-576c-b6c9-096ec077141f
f 439/1479/380 440/1480/380 441/1481/380
f 443/1482/381 442/1483/381 444/1484/381
f 439/1485/382 443/1486/382 444/1487/382 440/1488/382
f 444/1489/383 442/1490/383 441/1491/383 440/1492/383
f 439/1493/384 441/1494/384 442/1495/384 443/1496/384
f 445/1497/385 446/1498/385 447/1499/385
f 449/1500/386 448/1501/386 450/1502/386
f 445/1503/387 449/1504/387 450/1505/387 446/1506/387
f 450/1507/388 448/1508/388 447/1509/388 446/1510/388
f 445/1511/389 447/1512/389 448/1513/389 449/1514/389
usemtl m_7c6aab4a-f50e-4807-a152-81f7092118e5
f 451/1515/390 452/1516/390 453/1517/390 454/1518/390
f 455/1519/391 451/1520/391 454/1521/391 456/1522/391
f 457/1523/392 455/1524/392 456/1525/392 458/1526/392
f 452/1527/393 457/1528/393 458/1529/393 453/1530/393
usemtl m_dffce1a3-9427-9411-6bc7-a281d292efe4
f 458/1531/394 456/1532/394 454/1533/394 453/1534/394
f 452/1535/395 451/1536/395 455/1537/395 457/1538/395
usemtl m_52c6fc1f-ab7d-6711-6bca-3d39441590b0
f 460/1539/396 459/1540/396 461/1541/396 462/1542/396
f 465/1543/397 463/1544/397 464/1545/397 466/1546/397
f 463/1547/398 459/1548/398 460/1549/398 464/1550/398
f 462/1551/399 461/1552/399 465/1553/399 466/1554/399
f 461/1555/400 459/1556/400 463/1557/400 465/1558/400
f 464/1559/401 460/1560/401 462/1561/401 466/1562/401
f 468/1563/402 467/1564/402 469/1565/402 470/1566/402
f 473/1567/403 471/1568/403 472/1569/403 474/1570/403
f 471/1571/404 467/1572/404 468/1573/404 472/1574/404
f 470/1575/405 469/1576/405 473/1577/405 474/1578/405
f 469/1579/406 467/1580/406 471/1581/406 473/1582/406
f 472/1583/407 468/1584/407 470/1585/407 474/1586/407
f 476/1587/408 475/1588/408 477/1589/408 478/1590/408
f 481/1591/409 479/1592/409 480/1593/409 482/1594/409
f 479/1595/410 475/1596/410 476/1597/410 480/1598/410
f 478/1599/411 477/1600/411 481/1601/411 482/1602/411
f 477/1603/412 475/1604/412 479/1605/412 481/1606/412
f 480/1607/413 476/1608/413 478/1609/413 482/1610/413
usemtl m_980034eb-2d55-576c-b6c9-096ec077141f
f 483/1611/414 484/1612/414 485/1613/414
f 487/1614/415 486/1615/415 488/1616/415
f 483/1617/416 487/1618/416 488/1619/416 484/1620/416
f 488/1621/417 486/1622/417 485/1623/417 484/1624/417
f 483/1625/418 485/1626/418 486/1627/418 487/1628/418
f 489/1629/419 490/1630/419 491/1631/419
f 493/1632/420 492/1633/420 494/1634/420
f 489/1635/421 493/1636/421 494/1637/421 490/1638/421
f 494/1639/422 492/1640/422 491/1641/422 490/1642/422
f 489/1643/423 491/1644/423 492/1645/423 493/1646/423
f 495/1647/424 496/1648/424 497/1649/424
f 499/1650/425 498/1651/425 500/1652/425
f 495/1653/426 499/1654/426 500/1655/426 496/1656/426
f 500/1657/427 498/1658/427 497/1659/427 496/1660/427
f 495/1661/428 497/1662/428 498/1663/428 499/1664/428
usemtl m_7c6aab4a-f50e-4807-a152-81f7092118e5
f 501/1665/429 502/1666/429 503/1667/429 504/1668/429
f 505/1669/430 501/1670/430 504/1671/430 506/1672/430
f 507/1673/431 505/1674/431 506/1675/431 508/1676/431
f 502/1677/432 507/1678/432 508/1679/432 503/1680/432
usemtl m_dffce1a3-9427-9411-6bc7-a281d292efe4
f 508/1681/433 506/1682/433 504/1683/433 503/1684/433
f 502/1685/434 501/1686/434 505/1687/434 507/1688/434
usemtl m_52c6fc1f-ab7d-6711-6bca-3d39441590b0
f 510/1689/435 509/1690/435 511/1691/435 512/1692/435
f 515/1693/436 513/1694/436 514/1695/436 516/1696/436
f 513/1697/437 509/1698/437 510/1699/437 514/1700/437
f 512/1701/438 511/1702/438 515/1703/438 516/1704/438
f 511/1705/439 509/1706/439 513/1707/439 515/1708/439
f 514/1709/440 510/1710/440 512/1711/440 516/1712/440
f 518/1713/441 517/1714/441 519/1715/441 520/1716/441
f 523/1717/442 521/1718/442 522/1719/442 524/1720/442
f 521/1721/443 517/1722/443 518/1723/443 522/1724/443
f 520/1725/444 519/1726/444 523/1727/444 524/1728/444
f 519/1729/445 517/1730/445 521/1731/445 523/1732/445
f 522/1733/446 518/1734/446 520/1735/446 524/1736/446
f 526/1737/447 525/1738/447 527/1739/447 528/1740/447
f 531/1741/448 529/1742/448 530/1743/448 532/1744/448
f 529/1745/449 525/1746/449 526/1747/449 530/1748/449
f 528/1749/450 527/1750/450 531/1751/450 532/1752/450
f 527/1753/451 525/1754/451 529/1755/451 531/1756/451
f 530/1757/452 526/1758/452 528/1759/452 532/1760/452
usemtl m_7c6aab4a-f50e-4807-a152-81f7092118e5
f 533/1761/453 534/1762/453 535/1763/453 536/1764/453
f 537/1765/454 533/1766/454 536/1767/454 538/1768/454
f 539/1769/455 537/1770/455 538/1771/455 540/1772/455
f 534/1773/456 539/1774/456 540/1775/456 535/1776/456
usemtl m_dffce1a3-9427-9411-6bc7-a281d292efe4
f 540/1777/457 538/1778/457 536/1779/457 535/1780/457
f 534/1781/458 533/1782/458 537/1783/458 539/1784/458
usemtl m_52c6fc1f-ab7d-6711-6bca-3d39441590b0
f 542/1785/459 541/1786/459 543/1787/459 544/1788/459
f 547/1789/460 545/1790/460 546/1791/460 548/1792/460
f 545/1793/461 541/1794/461 542/1795/461 546/1796/461
f 544/1797/462 543/1798/462 547/1799/462 548/1800/462
f 543/1801/463 541/1802/463 545/1803/463 547/1804/463
f 546/1805/464 542/1806/464 544/1807/464 548/1808/464
f 550/1809/465 549/1810/465 551/1811/465 552/1812/465
f 555/1813/466 553/1814/466 554/1815/466 556/1816/466
f 553/1817/467 549/1818/467 550/1819/467 554/1820/467
f 552/1821/468 551/1822/468 555/1823/468 556/1824/468
f 551/1825/469 549/1826/469 553/1827/469 555/1828/469
f 554/1829/470 550/1830/470 552/1831/470 556/1832/470
f 558/1833/471 557/1834/471 559/1835/471 560/1836/471
f 563/1837/472 561/1838/472 562/1839/472 564/1840/472
f 561/1841/473 557/1842/473 558/1843/473 562/1844/473
f 560/1845/474 559/1846/474 563/1847/474 564/1848/474
f 559/1849/475 557/1850/475 561/1851/475 563/1852/475
f 562/1853/476 558/1854/476 560/1855/476 564/1856/476
usemtl m_980034eb-2d55-576c-b6c9-096ec077141f
f 565/1857/477 566/1858/477 567/1859/477
f 569/1860/478 568/1861/478 570/1862/478
f 565/1863/479 569/1864/479 570/1865/479 566/1866/479
f 570/1867/480 568/1868/480 567/1869/480 566/1870/480
f 565/1871/481 567/1872/481 568/1873/481 569/1874/481
f 571/1875/482 572/1876/482 573/1877/482
f 575/1878/483 574/1879/483 576/1880/483
f 571/1881/484 575/1882/484 576/1883/484 572/1884/484
f 576/1885/485 574/1886/485 573/1887/485 572/1888/485
f 571/1889/486 573/1890/486 574/1891/486 575/1892/486
f 577/1893/487 578/1894/487 579/1895/487
f 581/1896/488 580/1897/488 582/1898/488
f 577/1899/489 581/1900/489 582/1901/489 578/1902/489
f 582/1903/490 580/1904/490 579/1905/490 578/1906/490
f 577/1907/491 579/1908/491 580/1909/491 581/1910/491
usemtl m_7c6aab4a-f50e-4807-a152-81f7092118e5
f 583/1911/492 584/1912/492 585/1913/492 586/1914/492
f 587/1915/493 583/1916/493 586/1917/493 588/1918/493
f 589/1919/494 587/1920/494 588/1921/494 590/1922/494
f 584/1923/495 589/1924/495 590/1925/495 585/1926/495
usemtl m_dffce1a3-9427-9411-6bc7-a281d292efe4
f 590/1927/496 588/1928/496 586/1929/496 585/1930/496
f 584/1931/497 583/1932/497 587/1933/497 589/1934/497
usemtl m_52c6fc1f-ab7d-6711-6bca-3d39441590b0
f 592/1935/498 591/1936/498 593/1937/498 594/1938/498
f 597/1939/499 595/1940/499 596/1941/499 598/1942/499
f 595/1943/500 591/1944/500 592/1945/500 596/1946/500
f 594/1947/501 593/1948/501 597/1949/501 598/1950/501
f 593/1951/502 591/1952/502 595/1953/502 597/1954/502
f 596/1955/503 592/1956/503 594/1957/503 598/1958/503
f 600/1959/504 599/1960/504 601/1961/504 602/1962/504
f 605/1963/505 603/1964/505 604/1965/505 606/1966/505
f 603/1967/506 599/1968/506 600/1969/506 604/1970/506
f 602/1971/507 601/1972/507 605/1973/507 606/1974/507
f 601/1975/508 599/1976/508 603/1977/508 605/1978/508
f 604/1979/509 600/1980/509 602/1981/509 606/1982/509
f 608/1983/510 607/1984/510 609/1985/510 610/1986/510
f 613/1987/511 611/1988/511 612/1989/511 614/1990/511
f 611/1991/512 607/1992/512 608/1993/512 612/1994/512
f 610/1995/513 609/1996/513 613/1997/513 614/1998/513
f 609/1999/514 607/2000/514 611/2001/514 613/2002/514
f 612/2003/515 608/2004/515 610/2005/515 614/2006/515
usemtl m_980034eb-2d55-576c-b6c9-096ec077141f
f 615/2007/516 616/2008/516 617/2009/516
f 619/2010/517 618/2011/517 620/2012/517
f 615/2013/518 619/2014/518 620/2015/518 616/2016/518
f 620/2017/519 618/2018/519 617/2019/519 616/2020/519
f 615/2021/520 617/2022/520 618/2023/520 619/2024/520
usemtl m_7c6aab4a-f50e-4807-a152-81f7092118e5
f 621/2025/521 622/2026/521 623/2027/521 624/2028/521
f 625/2029/522 621/2030/522 624/2031/522 626/2032/522
f 627/2033/523 625/2034/523 626/2035/523 628/2036/523
f 622/2037/524 627/2038/524 628/2039/524 623/2040/524
usemtl m_dffce1a3-9427-9411-6bc7-a281d292efe4
f 628/2041/525 626/2042/525 624/2043/525 623/2044/525
f 622/2045/526 621/2046/526 625/2047/526 627/2048/526
usemtl m_52c6fc1f-ab7d-6711-6bca-3d39441590b0
f 630/2049/527 629/2050/527 631/2051/527 632/2052/527
f 635/2053/528 633/2054/528 634/2055/528 636/2056/528
f 633/2057/529 629/2058/529 630/2059/529 634/2060/529
f 632/2061/530 631/2062/530 635/2063/530 636/2064/530
f 631/2065/531 629/2066/531 633/2067/531 635/2068/531
f 634/2069/532 630/2070/532 632/2071/532 636/2072/532
f 638/2073/533 637/2074/533 639/2075/533 640/2076/533
f 643/2077/534 641/2078/534 642/2079/534 644/2080/534
f 641/2081/535 637/2082/535 638/2083/535 642/2084/535
f 640/2085/536 639/2086/536 643/2087/536 644/2088/536
f 639/2089/537 637/2090/537 641/2091/537 643/2092/537
f 642/2093/538 638/2094/538 640/2095/538 644/2096/538
f 646/2097/539 645/2098/539 647/2099/539 648/2100/539
f 651/2101/540 649/2102/540 650/2103/540 652/2104/540
f 649/2105/541 645/2106/541 646/2107/541 650/2108/541
f 648/2109/542 647/2110/542 651/2111/542 652/2112/542
f 647/2113/543 645/2114/543 649/2115/543 651/2116/543
f 650/2117/544 646/2118/544 648/2119/544 652/2120/544
usemtl m_980034eb-2d55-576c-b6c9-096ec077141f
f 653/2121/545 654/2122/545 655/2123/545
f 657/2124/546 656/2125/546 658/2126/546
f 653/2127/547 657/2128/547 658/2129/547 654/2130/547
f 658/2131/548 656/2132/548 655/2133/548 654/2134/548
f 653/2135/549 655/2136/549 656/2137/549 657/2138/549
f 659/2139/550 660/2140/550 661/2141/550
f 663/2142/551 662/2143/551 664/2144/551
f 659/2145/552 663/2146/552 664/2147/552 660/2148/552
f 664/2149/553 662/2150/553 661/2151/553 660/2152/553
f 659/2153/554 661/2154/554 662/2155/554 663/2156/554
f 665/2157/555 666/2158/555 667/2159/555
f 669/2160/556 668/2161/556 670/2162/556
f 665/2163/557 669/2164/557 670/2165/557 666/2166/557
f 670/2167/558 668/2168/558 667/2169/558 666/2170/558
f 665/2171/559 667/2172/559 668/2173/559 669/2174/559
usemtl m_7c6aab4a-f50e-4807-a152-81f7092118e5
f 671/2175/560 672/2176/560 673/2177/560 674/2178/560
f 675/2179/561 671/2180/561 674/2181/561 676/2182/561
f 677/2183/562 675/2184/562 676/2185/562 678/2186/562
f 672/2187/563 677/2188/563 678/2189/563 673/2190/563
usemtl m_dffce1a3-9427-9411-6bc7-a281d292efe4
f 678/2191/564 676/2192/564 674/2193/564 673/2194/564
f 672/2195/565 671/2196/565 675/2197/565 677/2198/565
usemtl m_52c6fc1f-ab7d-6711-6bca-3d39441590b0
f 680/2199/566 679/2200/566 681/2201/566 682/2202/566
f 685/2203/567 683/2204/567 684/2205/567 686/2206/567
f 683/2207/568 679/2208/568 680/2209/568 684/2210/568
f 682/2211/569 681/2212/569 685/2213/569 686/2214/569
f 681/2215/570 679/2216/570 683/2217/570 685/2218/570
f 684/2219/571 680/2220/571 682/2221/571 686/2222/571
f 688/2223/572 687/2224/572 689/2225/572 690/2226/572
f 693/2227/573 691/2228/573 692/2229/573 694/2230/573
f 691/2231/574 687/2232/574 688/2233/574 692/2234/574
f 690/2235/575 689/2236/575 693/2237/575 694/2238/575
f 689/2239/576 687/2240/576 691/2241/576 693/2242/576
f 692/2243/577 688/2244/577 690/2245/577 694/2246/577
f 696/2247/578 695/2248/578 697/2249/578 698/2250/578
f 701/2251/579 699/2252/579 700/2253/579 702/2254/579
f 699/2255/580 695/2256/580 696/2257/580 700/2258/580
f 698/2259/581 697/2260/581 701/2261/581 702/2262/581
f 697/2263/582 695/2264/582 699/2265/582 701/2266/582
f 700/2267/583 696/2268/583 698/2269/583 702/2270/583
usemtl m_980034eb-2d55-576c-b6c9-096ec077141f
f 703/2271/584 704/2272/584 705/2273/584
f 707/2274/585 706/2275/585 708/2276/585
f 703/2277/586 707/2278/586 708/2279/586 704/2280/586
f 708/2281/587 706/2282/587 705/2283/587 704/2284/587
f 703/2285/588 705/2286/588 706/2287/588 707/2288/588
usemtl m_7c6aab4a-f50e-4807-a152-81f7092118e5
f 709/2289/589 710/2290/589 711/2291/589 712/2292/589
f 713/2293/590 709/2294/590 712/2295/590 714/2296/590
f 715/2297/591 713/2298/591 714/2299/591 716/2300/591
f 710/2301/592 715/2302/592 716/2303/592 711/2304/592
usemtl m_dffce1a3-9427-9411-6bc7-a281d292efe4
f 716/2305/593 714/2306/593 712/2307/593 711/2308/593
f 710/2309/594 709/2310/594 713/2311/594 715/2312/594
usemtl m_52c6fc1f-ab7d-6711-6bca-3d39441590b0
f 718/2313/595 717/2314/595 719/2315/595 720/2316/595
f 723/2317/596 721/2318/596 722/2319/596 724/2320/596
f 721/2321/597 717/2322/597 718/2323/597 722/2324/597
f 720/2325/598 719/2326/598 723/2327/598 724/2328/598
f 719/2329/599 717/2330/599 721/2331/599 723/2332/599
f 722/2333/600 718/2334/600 720/2335/600 724/2336/600
f 726/2337/601 725/2338/601 727/2339/601 728/2340/601
f 731/2341/602 729/2342/602 730/2343/602 732/2344/602
f 729/2345/603 725/2346/603 726/2347/603 730/2348/603
f 728/2349/604 727/2350/604 731/2351/604 732/2352/604
f 727/2353/605 725/2354/605 729/2355/605 731/2356/605
f 730/2357/606 726/2358/606 728/2359/606 732/2360/606
f 734/2361/607 733/2362/607 735/2363/607 736/2364/607
f 739/2365/608 737/2366/608 738/2367/608 740/2368/608
f 737/2369/609 733/2370/609 734/2371/609 738/2372/609
f 736/2373/610 735/2374/610 739/2375/610 740/2376/610
f 735/2377/611 733/2378/611 737/2379/611 739/2380/611
f 738/2381/612 734/2382/612 736/2383/612 740/2384/612
usemtl m_980034eb-2d55-576c-b6c9-096ec077141f
f 741/2385/613 742/2386/613 743/2387/613
f 745/2388/614 744/2389/614 746/2390/614
f 741/2391/615 745/2392/615 746/2393/615 742/2394/615
f 746/2395/616 744/2396/616 743/2397/616 742/2398/616
f 741/2399/617 743/2400/617 744/2401/617 745/2402/617
f 747/2403/618 748/2404/618 749/2405/618
f 751/2406/619 750/2407/619 752/2408/619
f 747/2409/620 751/2410/620 752/2411/620 748/2412/620
f 752/2413/621 750/2414/621 749/2415/621 748/2416/621
f 747/2417/622 749/2418/622 750/2419/622 751/2420/622
f 753/2421/623 754/2422/623 755/2423/623
f 757/2424/624 756/2425/624 758/2426/624
f 753/2427/625 757/2428/625 758/2429/625 754/2430/625
f 758/2431/626 756/2432/626 755/2433/626 754/2434/626
f 753/2435/627 755/2436/627 756/2437/627 757/2438/627
usemtl m_7c6aab4a-f50e-4807-a152-81f7092118e5
f 759/2439/628 760/2440/628 761/2441/628 762/2442/628
f 763/2443/629 759/2444/629 762/2445/629 764/2446/629
f 765/2447/630 763/2448/630 764/2449/630 766/2450/630
f 760/2451/631 765/2452/631 766/2453/631 761/2454/631
usemtl m_dffce1a3-9427-9411-6bc7-a281d292efe4
f 766/2455/632 764/2456/632 762/2457/632 761/2458/632
f 760/2459/633 759/2460/633 763/2461/633 765/2462/633
usemtl m_52c6fc1f-ab7d-6711-6bca-3d39441590b0
f 768/2463/634 767/2464/634 769/2465/634 770/2466/634
f 773/2467/635 771/2468/635 772/2469/635 774/2470/635
f 771/2471/636 767/2472/636 768/2473/636 772/2474/636
f 770/2475/637 769/2476/637 773/2477/637 774/2478/637
f 769/2479/638 767/2480/638 771/2481/638 773/2482/638
f 772/2483/639 768/2484/639 770/2485/639 774/2486/639
f 776/2487/640 775/2488/640 777/2489/640 778/2490/640
f 781/2491/641 779/2492/641 780/2493/641 782/2494/641
f 779/2495/642 775/2496/642 776/2497/642 780/2498/642
f 778/2499/643 777/2500/643 781/2501/643 782/2502/643
f 777/2503/644 775/2504/644 779/2505/644 781/2506/644
f 780/2507/645 776/2508/645 778/2509/645 782/2510/645
f 784/2511/646 783/2512/646 785/2513/646 786/2514/646
f 789/2515/647 787/2516/647 788/2517/647 790/2518/647
f 787/2519/648 783/2520/648 784/2521/648 788/2522/648
f 786/2523/649 785/2524/649 789/2525/649 790/2526/649
f 785/2527/650 783/2528/650 787/2529/650 789/2530/650
f 788/2531/651 784/2532/651 786/2533/651 790/2534/651
usemtl m_980034eb-2d55-576c-b6c9-096ec077141f
f 791/2535/652 792/2536/652 793/2537/652
f 795/2538/653 794/2539/653 796/2540/653
f 791/2541/654 795/2542/654 796/2543/654 792/2544/654
f 796/2545/655 794/2546/655 793/2547/655 792/2548/655
f 791/2549/656 793/2550/656 794/2551/656 795/2552/656
usemtl m_7c6aab4a-f50e-4807-a152-81f7092118e5
f 797/2553/657 798/2554/657 799/2555/657 800/2556/657
f 801/2557/658 797/2558/658 800/2559/658 802/2560/658
f 803/2561/659 801/2562/659 802/2563/659 804/2564/659
f 798/2565/660 803/2566/660 804/2567/660 799/2568/660
usemtl m_dffce1a3-9427-9411-6bc7-a281d292efe4
f 804/2569/661 802/2570/661 800/2571/661 799/2572/661
f 798/2573/662 797/2574/662 801/2575/662 803/2576/662
usemtl m_52c6fc1f-ab7d-6711-6bca-3d39441590b0
f 806/2577/663 805/2578/663 807/2579/663 808/2580/663
f 811/2581/664 809/2582/664 810/2583/664 812/2584/664
f 809/2585/665 805/2586/665 806/2587/665 810/2588/665
f 808/2589/666 807/2590/666 811/2591/666 812/2592/666
f 807/2593/667 805/2594/667 809/2595/667 811/2596/667
f 810/2597/668 806/2598/668 808/2599/668 812/2600/668
f 814/2601/669 813/2602/669 815/2603/669 816/2604/669
f 819/2605/670 817/2606/670 818/2607/670 820/2608/670
f 817/2609/671 813/2610/671 814/2611/671 818/2612/671
f 816/2613/672 815/2614/672 819/2615/672 820/2616/672
f 815/2617/673 813/2618/673 817/2619/673 819/2620/673
f 818/2621/674 814/2622/674 816/2623/674 820/2624/674
f 822/2625/675 821/2626/675 823/2627/675 824/2628/675
f 827/2629/676 825/2630/676 826/2631/676 828/2632/676
f 825/2633/677 821/2634/677 822/2635/677 826/2636/677
f 824/2637/678 823/2638/678 827/2639/678 828/2640/678
f 823/2641/679 821/2642/679 825/2643/679 827/2644/679
f 826/2645/680 822/2646/680 824/2647/680 828/2648/680
usemtl m_980034eb-2d55-576c-b6c9-096ec077141f
f 829/2649/681 830/2650/681 831/2651/681
f 833/2652/682 832/2653/682 834/2654/682
f 829/2655/683 833/2656/683 834/2657/683 830/2658/683
f 834/2659/684 832/2660/684 831/2661/684 830/2662/684
f 829/2663/685 831/2664/685 832/2665/685 833/2666/685
f 835/2667/686 836/2668/686 837/2669/686
f 839/2670/687 838/2671/687 840/2672/687
f 835/2673/688 839/2674/688 840/2675/688 836/2676/688
f 840/2677/689 838/2678/689 837/2679/689 836/2680/689
f 835/2681/690 837/2682/690 838/2683/690 839/2684/690
f 841/2685/691 842/2686/691 843/2687/691
f 845/2688/692 844/2689/692 846/2690/692
f 841/2691/693 845/2692/693 846/2693/693 842/2694/693
f 846/2695/694 844/2696/694 843/2697/694 842/2698/694
f 841/2699/695 843/2700/695 844/2701/695 845/2702/695
usemtl m_7c6aab4a-f50e-4807-a152-81f7092118e5
f 847/2703/696 848/2704/696 849/2705/696 850/2706/696
f 851/2707/697 847/2708/697 850/2709/697 852/2710/697
f 853/2711/698 851/2712/698 852/2713/698 854/2714/698
f 848/2715/699 853/2716/699 854/2717/699 849/2718/699
usemtl m_dffce1a3-9427-9411-6bc7-a281d292efe4
f 854/2719/700 852/2720/700 850/2721/700 849/2722/700
f 848/2723/701 847/2724/701 851/2725/701 853/2726/701
usemtl m_52c6fc1f-ab7d-6711-6bca-3d39441590b0
f 856/2727/702 855/2728/702 857/2729/702 858/2730/702
f 861/2731/703 859/2732/703 860/2733/703 862/2734/703
f 859/2735/704 855/2736/704 856/2737/704 860/2738/704
f 858/2739/705 857/2740/705 861/2741/705 862/2742/705
f 857/2743/706 855/2744/706 859/2745/706 861/2746/706
f 860/2747/707 856/2748/707 858/2749/707 862/2750/707
f 864/2751/708 863/2752/708 865/2753/708 866/2754/708
f 869/2755/709 867/2756/709 868/2757/709 870/2758/709
f 867/2759/710 863/2760/710 864/2761/710 868/2762/710
f 866/2763/711 865/2764/711 869/2765/711 870/2766/711
f 865/2767/712 863/2768/712 867/2769/712 869/2770/712
f 868/2771/713 864/2772/713 866/2773/713 870/2774/713
f 872/2775/714 871/2776/714 873/2777/714 874/2778/714
f 877/2779/715 875/2780/715 876/2781/715 878/2782/715
f 875/2783/716 871/2784/716 872/2785/716 876/2786/716
f 874/2787/717 873/2788/717 877/2789/717 878/2790/717
f 873/2791/718 871/2792/718 875/2793/718 877/2794/718
f 876/2795/719 872/2796/719 874/2797/719 878/2798/719
usemtl m_980034eb-2d55-576c-b6c9-096ec077141f
f 879/2799/720 880/2800/720 881/2801/720
f 883/2802/721 882/2803/721 884/2804/721
f 879/2805/722 883/2806/722 884/2807/722 880/2808/722
f 884/2809/723 882/2810/723 881/2811/723 880/2812/723
f 879/2813/724 881/2814/724 882/2815/724 883/2816/724
usemtl m_7c6aab4a-f50e-4807-a152-81f7092118e5
f 885/2817/725 886/2818/725 887/2819/725 888/2820/725
f 889/2821/726 885/2822/726 888/2823/726 890/2824/726
f 891/2825/727 889/2826/727 890/2827/727 892/2828/727
f 886/2829/728 891/2830/728 892/2831/728 887/2832/728
usemtl m_dffce1a3-9427-9411-6bc7-a281d292efe4
f 892/2833/729 890/2834/729 888/2835/729 887/2836/729
f 886/2837/730 885/2838/730 889/2839/730 891/2840/730
usemtl m_52c6fc1f-ab7d-6711-6bca-3d39441590b0
f 894/2841/731 893/2842/731 895/2843/731 896/2844/731
f 899/2845/732 897/2846/732 898/2847/732 900/2848/732
f 897/2849/733 893/2850/733 894/2851/733 898/2852/733
f 896/2853/734 895/2854/734 899/2855/734 900/2856/734
f 895/2857/735 893/2858/735 897/2859/735 899/2860/735
f 898/2861/736 894/2862/736 896/2863/736 900/2864/736
f 902/2865/737 901/2866/737 903/2867/737 904/2868/737
f 907/2869/738 905/2870/738 906/2871/738 908/2872/738
f 905/2873/739 901/2874/739 902/2875/739 906/2876/739
f 904/2877/740 903/2878/740 907/2879/740 908/2880/740
f 903/2881/741 901/2882/741 905/2883/741 907/2884/741
f 906/2885/742 902/2886/742 904/2887/742 908/2888/742
f 910/2889/743 909/2890/743 911/2891/743 912/2892/743
f 915/2893/744 913/2894/744 914/2895/744 916/2896/744
f 913/2897/745 909/2898/745 910/2899/745 914/2900/745
f 912/2901/746 911/2902/746 915/2903/746 916/2904/746
f 911/2905/747 909/2906/747 913/2907/747 915/2908/747
f 914/2909/748 910/2910/748 912/2911/748 916/2912/748
usemtl m_980034eb-2d55-576c-b6c9-096ec077141f
f 917/2913/749 918/2914/749 919/2915/749
f 921/2916/750 920/2917/750 922/2918/750
f 917/2919/751 921/2920/751 922/2921/751 918/2922/751
f 922/2923/752 920/2924/752 919/2925/752 918/2926/752
f 917/2927/753 919/2928/753 920/2929/753 921/2930/753
f 923/2931/754 924/2932/754 925/2933/754
f 927/2934/755 926/2935/755 928/2936/755
f 923/2937/756 927/2938/756 928/2939/756 924/2940/756
f 928/2941/757 926/2942/757 925/2943/757 924/2944/757
f 923/2945/758 925/2946/758 926/2947/758 927/2948/758
f 929/2949/759 930/2950/759 931/2951/759
f 933/2952/760 932/2953/760 934/2954/760
f 929/2955/761 933/2956/761 934/2957/761 930/2958/761
f 934/2959/762 932/2960/762 931/2961/762 930/2962/762
f 929/2963/763 931/2964/763 932/2965/763 933/2966/763
usemtl m_7c6aab4a-f50e-4807-a152-81f7092118e5
f 935/2967/764 936/2968/764 937/2969/764 938/2970/764
f 939/2971/765 935/2972/765 938/2973/765 940/2974/765
f 941/2975/766 939/2976/766 940/2977/766 942/2978/766
f 936/2979/767 941/2980/767 942/2981/767 937/2982/767
usemtl m_dffce1a3-9427-9411-6bc7-a281d292efe4
f 942/2983/768 940/2984/768 938/2985/768 937/2986/768
f 936/2987/769 935/2988/769 939/2989/769 941/2990/769
usemtl m_52c6fc1f-ab7d-6711-6bca-3d39441590b0
f 944/2991/770 943/2992/770 945/2993/770 946/2994/770
f 949/2995/771 947/2996/771 948/2997/771 950/2998/771
f 947/2999/772 943/3000/772 944/3001/772 948/3002/772
f 946/3003/773 945/3004/773 949/3005/773 950/3006/773
f 945/3007/774 943/3008/774 947/3009/774 949/3010/774
f 948/3011/775 944/3012/775 946/3013/775 950/3014/775
f 952/3015/776 951/3016/776 953/3017/776 954/3018/776
f 957/3019/777 955/3020/777 956/3021/777 958/3022/777
f 955/3023/778 951/3024/778 952/3025/778 956/3026/778
f 954/3027/779 953/3028/779 957/3029/779 958/3030/779
f 953/3031/780 951/3032/780 955/3033/780 957/3034/780
f 956/3035/781 952/3036/781 954/3037/781 958/3038/781
f 960/3039/782 959/3040/782 961/3041/782 962/3042/782
f 965/3043/783 963/3044/783 964/3045/783 966/3046/783
f 963/3047/784 959/3048/784 960/3049/784 964/3050/784
f 962/3051/785 961/3052/785 965/3053/785 966/3054/785
f 961/3055/786 959/3056/786 963/3057/786 965/3058/786
f 964/3059/787 960/3060/787 962/3061/787 966/3062/787
usemtl m_980034eb-2d55-576c-b6c9-096ec077141f
f 967/3063/788 968/3064/788 969/3065/788
f 971/3066/789 970/3067/789 972/3068/789
f 967/3069/790 971/3070/790 972/3071/790 968/3072/790
f 972/3073/791 970/3074/791 969/3075/791 968/3076/791
f 967/3077/792 969/3078/792 970/3079/792 971/3080/792
usemtl m_7c6aab4a-f50e-4807-a152-81f7092118e5
f 973/3081/793 974/3082/793 975/3083/793 976/3084/793
f 977/3085/794 973/3086/794 976/3087/794 978/3088/794
f 979/3089/795 977/3090/795 978/3091/795 980/3092/795
f 974/3093/796 979/3094/796 980/3095/796 975/3096/796
usemtl m_dffce1a3-9427-9411-6bc7-a281d292efe4
f 980/3097/797 978/3098/797 976/3099/797 975/3100/797
f 974/3101/798 973/3102/798 977/3103/798 979/3104/798
usemtl m_52c6fc1f-ab7d-6711-6bca-3d39441590b0
f 982/3105/799 981/3106/799 983/3107/799 984/3108/799
f 987/3109/800 985/3110/800 986/3111/800 988/3112/800
f 985/3113/801 981/3114/801 982/3115/801 986/3116/801
f 984/3117/802 983/3118/802 987/3119/802 988/3120/802
f 983/3121/803 981/3122/803 985/3123/803 987/3124/803
f 986/3125/804 982/3126/804 984/3127/804 988/3128/804
f 990/3129/805 989/3130/805 991/3131/805 992/3132/805
f 995/3133/806 993/3134/806 994/3135/806 996/3136/806
f 993/3137/807 989/3138/807 990/3139/807 994/3140/807
f 992/3141/808 991/3142/808 995/3143/808 996/3144/808
f 991/3145/809 989/3146/809 993/3147/809 995/3148/809
f 994/3149/810 990/3150/810 992/3151/810 996/3152/810
f 998/3153/811 997/3154/811 999/3155/811 1000/3156/811
f 1003/3157/812 1001/3158/812 1002/3159/812 1004/3160/812
f 1001/3161/813 997/3162/813 998/3163/813 1002/3164/813
f 1000/3165/814 999/3166/814 1003/3167/814 1004/3168/814
f 999/3169/815 997/3170/815 1001/3171/815 1003/3172/815
f 1002/3173/816 998/3174/816 1000/3175/816 1004/3176/816
usemtl m_980034eb-2d55-576c-b6c9-096ec077141f
f 1005/3177/817 1006/3178/817 1007/3179/817
f 1009/3180/818 1008/3181/818 1010/3182/818
f 1005/3183/819 1009/3184/819 1010/3185/819 1006/3186/819
f 1010/3187/820 1008/3188/820 1007/3189/820 1006/3190/820
f 1005/3191/821 1007/3192/821 1008/3193/821 1009/3194/821
f 1011/3195/822 1012/3196/822 1013/3197/822
f 1015/3198/823 1014/3199/823 1016/3200/823
f 1011/3201/824 1015/3202/824 1016/3203/824 1012/3204/824
f 1016/3205/825 1014/3206/825 1013/3207/825 1012/3208/825
f 1011/3209/826 1013/3210/826 1014/3211/826 1015/3212/826
f 1017/3213/827 1018/3214/827 1019/3215/827
f 1021/3216/828 1020/3217/828 1022/3218/828
f 1017/3219/829 1021/3220/829 1022/3221/829 1018/3222/829
f 1022/3223/830 1020/3224/830 1019/3225/830 1018/3226/830
f 1017/3227/831 1019/3228/831 1020/3229/831 1021/3230/831
usemtl m_7c6aab4a-f50e-4807-a152-81f7092118e5
f 1023/3231/832 1024/3232/832 1025/3233/832 1026/3234/832
f 1027/3235/833 1023/3236/833 1026/3237/833 1028/3238/833
f 1029/3239/834 1027/3240/834 1028/3241/834 1030/3242/834
f 1024/3243/835 1029/3244/835 1030/3245/835 1025/3246/835
usemtl m_dffce1a3-9427-9411-6bc7-a281d292efe4
f 1030/3247/836 1028/3248/836 1026/3249/836 1025/3250/836
f 1024/3251/837 1023/3252/837 1027/3253/837 1029/3254/837
usemtl m_52c6fc1f-ab7d-6711-6bca-3d39441590b0
f 1032/3255/838 1031/3256/838 1033/3257/838 1034/3258/838
f 1037/3259/839 1035/3260/839 1036/3261/839 1038/3262/839
f 1035/3263/840 1031/3264/840 1032/3265/840 1036/3266/840
f 1034/3267/841 1033/3268/841 1037/3269/841 1038/3270/841
f 1033/3271/842 1031/3272/842 1035/3273/842 1037/3274/842
f 1036/3275/843 1032/3276/843 1034/3277/843 1038/3278/843
f 1040/3279/844 1039/3280/844 1041/3281/844 1042/3282/844
f 1045/3283/845 1043/3284/845 1044/3285/845 1046/3286/845
f 1043/3287/846 1039/3288/846 1040/3289/846 1044/3290/846
f 1042/3291/847 1041/3292/847 1045/3293/847 1046/3294/847
f 1041/3295/848 1039/3296/848 1043/3297/848 1045/3298/848
f 1044/3299/849 1040/3300/849 1042/3301/849 1046/3302/849
f 1048/3303/850 1047/3304/850 1049/3305/850 1050/3306/850
f 1053/3307/851 1051/3308/851 1052/3309/851 1054/3310/851
f 1051/3311/852 1047/3312/852 1048/3313/852 1052/3314/852
f 1050/3315/853 1049/3316/853 1053/3317/853 1054/3318/853
f 1049/3319/854 1047/3320/854 1051/3321/854 1053/3322/854
f 1052/3323/855 1048/3324/855 1050/3325/855 1054/3326/855
usemtl m_980034eb-2d55-576c-b6c9-096ec077141f
f 1055/3327/856 1056/3328/856 1057/3329/856
f 1059/3330/857 1058/3331/857 1060/3332/857
f 1055/3333/858 1059/3334/858 1060/3335/858 1056/3336/858
f 1060/3337/859 1058/3338/859 1057/3339/859 1056/3340/859
f 1055/3341/860 1057/3342/860 1058/3343/860 1059/3344/860