# Made in Blockbench 4.12.0-beta.3
mtllib block.mtl

o shaft
v 0.3750000000000002 1 0.375
v 0.6250000000000002 1 0.375
v 0.6249999999999998 0 0.375
v 0.3749999999999998 5.551115123125783e-17 0.375
v 0.3750000000000002 1 0.625
v 0.3749999999999998 5.551115123125783e-17 0.625
v 0.6250000000000002 1 0.625
v 0.6249999999999998 0 0.625
vt 0.375 0
vt 0.625 0
vt 0.625 1
vt 0.375 1
vt 0.375 0
vt 0.625 0
vt 0.625 1
vt 0.375 1
vt 0.375 0
vt 0.625 0
vt 0.625 1
vt 0.375 1
vt 0.375 0
vt 0.625 0
vt 0.625 1
vt 0.375 1
vt 0.375 0.375
vt 0.625 0.375
vt 0.625 0.625
vt 0.375 0.625
vt 0.375 0.375
vt 0.625 0.375
vt 0.625 0.625
vt 0.375 0.625
vn 0 0 -1
vn -1 4.440892098500626e-16 0
vn 0 0 1
vn 1 -4.440892098500626e-16 0
vn -2.220446049250313e-16 -1 0
vn 0 1 0
usemtl m_b994c0c1-7d5c-0a1f-d7c4-2adbbeb493eb
f 1/1/1 2/2/1 3/3/1 4/4/1
f 5/5/2 1/6/2 4/7/2 6/8/2
f 7/9/3 5/10/3 6/11/3 8/12/3
f 2/13/4 7/14/4 8/15/4 3/16/4
usemtl m_5d8b2f8e-ebcc-b5b7-5eeb-e4049157f6c5
f 8/17/5 6/18/5 4/19/5 3/20/5
f 2/21/6 1/22/6 5/23/6 7/24/6
o core
v 0.1875000000000001 0.9375000000000002 0.4375
v 0.06250000000000011 0.9375000000000002 0.4375
v 0.06250000000000011 0.9375000000000002 0.5625
v 0.1875000000000001 0.9375000000000002 0.5625
v 0.1874999999999999 0.06250000000000011 0.5625
v 0.06249999999999989 0.06250000000000022 0.5625
v 0.06249999999999989 0.06250000000000022 0.4375
v 0.1874999999999999 0.06250000000000011 0.4375
v -0.31249999999999967 0.875 0.6874999999999998
v 0.06250000000000044 0.875 0.6874999999999998
v 0.06250000000000056 0.875 0.3124999999999998
v -0.31249999999999944 0.875 0.3124999999999998
v -0.31249999999999933 0.125 0.3125
v 0.06250000000000044 0.12500000000000022 0.3125
v 0.06250000000000044 0.12500000000000022 0.6875
v -0.31249999999999956 0.125 0.6875
v 0.06250000000000044 0.875 0.6875
v 0.06250000000000044 0.875 0.3125
v 0.06250000000000022 0.12500000000000022 0.3125
v 0.06250000000000022 0.12500000000000022 0.6875
v 0.31250000000000044 0.875 0.0625
v 0.3125000000000002 0.12500000000000022 0.0625
v 0.13541687500000021 0.12500000000000022 0.6510156249999999
v 0.13541687500000021 0.12500000000000022 0.3489849999999999
v 0.6875000000000007 0.8750000000000002 0.0625
v 0.6875000000000002 0.125 0.0625
v 0.3489850000000003 0.12500000000000022 0.135416875
v 0.9375000000000007 0.8750000000000002 0.3125
v 0.9375000000000002 0.125 0.3125
v 0.6510156250000003 0.125 0.135416875
v 0.9375000000000007 0.8750000000000002 0.6875
v 0.9375000000000002 0.125 0.6875
v 0.8645831250000002 0.125 0.3489849999999999
v 0.6875000000000007 0.8750000000000002 0.9375
v 0.6875000000000002 0.125 0.9375
v 0.8645831250000002 0.125 0.6510156249999999
v 0.31250000000000044 0.875 0.9375
v 0.3125000000000002 0.12500000000000022 0.9375
v 0.6510150000000003 0.125 0.864583125
v 0.34898437500000035 0.12500000000000022 0.864583125
v 0.5 0.125 0.5
v 0.5000000000000002 0.8750000000000002 0.5
v 0.13541687500000044 0.875 0.3489843750000001
v 0.13541687500000044 0.875 0.6510150000000001
v 0.34898500000000043 0.875 0.864583125
v 0.6510156250000005 0.8750000000000002 0.864583125
v 0.8645831250000005 0.8750000000000002 0.6510150000000001
v 0.8645831250000005 0.8750000000000002 0.3489843750000001
v 0.6510156250000005 0.8750000000000002 0.135416875
v 0.34898500000000043 0.875 0.135416875
v 0.31250000000000044 0.875 -0.3125
v 0.31250000000000044 0.875 0.0625
v 0.6875000000000007 0.8750000000000002 0.0625
v 0.6875000000000007 0.8750000000000002 -0.3125
v 0.6875000000000002 0.125 -0.3125
v 0.6875000000000002 0.125 0.0625
v 0.31250000000000044 0.12500000000000022 0.0625
v 0.31250000000000044 0.12500000000000022 -0.3125
v 0.5625 0.9375000000000002 0.0625
v 0.43750000000000017 0.9374999999999998 0.0625
v 0.43750000000000017 0.9374999999999998 0.1875
v 0.5625 0.9375000000000002 0.1875
v 0.5625 0.06250000000000011 0.1875
v 0.4375 0.06250000000000011 0.1875
v 0.4375 0.06250000000000011 0.0625
v 0.5625 0.06250000000000011 0.0625
v 0.75 0.9375000000000002 0.25
v 0.25000000000000056 0.9375 0.25
v 0.25000000000000056 0.9375 0.75
v 0.75 0.9375000000000002 0.75
v 0.75 0.0625 0.75
v 0.25000000000000033 0.06250000000000011 0.75
v 0.25000000000000033 0.06250000000000011 0.25
v 0.75 0.0625 0.25
v 0.9375 0.9375000000000002 0.4375
v 0.8125 0.9375000000000002 0.4375
v 0.8125 0.9375000000000002 0.5625
v 0.9375 0.9375000000000002 0.5625
v 0.9375 0.0625 0.5625
v 0.8125 0.0625 0.5625
v 0.8125 0.0625 0.4375
v 0.9375 0.0625 0.4375
v 1.3125000000000007 0.8750000000000002 0.3125000000000009
v 0.9375000000000007 0.8750000000000002 0.31250000000000067
v 0.9375000000000002 0.8750000000000002 0.6875000000000007
v 1.3125000000000002 0.8750000000000002 0.6875000000000009
v 1.3125000000000002 0.12500000000000022 0.6875000000000007
v 0.9375000000000002 0.125 0.6875000000000004
v 0.9375000000000007 0.125 0.31250000000000044
v 1.3125000000000007 0.12500000000000022 0.31250000000000067
v 0.5625 0.9375000000000002 0.8125
v 0.43750000000000017 0.9374999999999998 0.8125
v 0.43750000000000017 0.9374999999999998 0.9375
v 0.5625 0.9375000000000002 0.9375
v 0.5625 0.06250000000000011 0.9375
v 0.4375 0.06250000000000011 0.9375
v 0.4375 0.06250000000000011 0.8125
v 0.5625 0.06250000000000011 0.8125
v 0.6874999999999998 0.8750000000000002 1.3125000000000002
v 0.6875000000000002 0.8750000000000002 0.9375000000000002
v 0.3125 0.875 0.9374999999999998
v 0.3124999999999999 0.875 1.3124999999999998
v 0.3125 0.12500000000000022 1.3124999999999998
v 0.3125000000000002 0.12500000000000022 0.9374999999999998
v 0.6875000000000002 0.125 0.9375000000000002
v 0.6875 0.125 1.3125000000000002
vt 0.8125 0.375
vt 0.8125 0.4375
vt 0.75 0.4375
vt 0.75 0.375
vt 0.75 0.375
vt 0.75 0.4375
vt 0.8125 0.4375
vt 0.8125 0.375
vt 0.8125 0.4375
vt 0.8125 0.375
vt 0.75 0.375
vt 0.75 0.4375
vt 0.8125 0.375
vt 0.8125 0.4375
vt 0.75 0.4375
vt 0.75 0.375
vt 0.8125 0.375
vt 0.8125 0.4375
vt 0.75 0.4375
vt 0.75 0.375
vt 0.8125 0.375
vt 0.8125 0.4375
vt 0.75 0.4375
vt 0.75 0.375
vt 0.71875 1
vt 0.71875 0.8125
vt 0.90625 0.8125
vt 0.90625 1
vt 0.71875 1
vt 0.71875 0.8125
vt 0.90625 0.8125
vt 0.90625 1
vt 0.5625 0
vt 0.625 0
vt 0.625 0.375
vt 0.5625 0.375
vt 0.5625 0
vt 0.625 0
vt 0.625 0.375
vt 0.5625 0.375
vt 0.5625 0
vt 0.625 0
vt 0.625 0.375
vt 0.5625 0.375
vt 0.5625 0
vt 0.625 0
vt 0.625 0.375
vt 0.5625 0.375
vt 0.5625 0
vt 0.625 0
vt 0.625 0.375
vt 0.5625 0.375
vt 0.5625 0
vt 0.625 0
vt 0.625 0.375
vt 0.5625 0.375
vt 0.981759375 0.375
vt 1 0.40625
vt 0.8125 0.40625
vt 0.83074375 0.375
vt 0.5625 0
vt 0.625 0
vt 0.625 0.375
vt 0.5625 0.375
vt 0.981759375 0.4375
vt 1 0.46875
vt 0.8125 0.46875
vt 0.83074375 0.4375
vt 0.5625 0
vt 0.625 0
vt 0.625 0.375
vt 0.5625 0.375
vt 0.981759375 0.375
vt 1 0.40625
vt 0.8125 0.40625
vt 0.83074375 0.375
vt 0.5625 0
vt 0.625 0
vt 0.625 0.375
vt 0.5625 0.375
vt 0.981759375 0.4375
vt 1 0.46875
vt 0.8125 0.46875
vt 0.83074375 0.4375
vt 0.5625 0
vt 0.625 0
vt 0.625 0.375
vt 0.5625 0.375
vt 0.981759375 0.375
vt 1 0.40625
vt 0.8125 0.40625
vt 0.83074375 0.375
vt 0.5625 0
vt 0.625 0
vt 0.625 0.375
vt 0.5625 0.375
vt 0.981759375 0.4375
vt 1 0.46875
vt 0.8125 0.46875
vt 0.83074375 0.4375
vt 0.5625 0
vt 0.625 0
vt 0.625 0.375
vt 0.5625 0.375
vt 0.981759375 0.375
vt 1 0.40625
vt 0.8125 0.40625
vt 0.83074375 0.375
vt 0.981759375 0.4375
vt 1 0.46875
vt 0.8125 0.46875
vt 0.83074375 0.4375
vt 0.8125 0.1875
vt 1 0.26249999999999996
vt 0.8875 0.375
vt 0.8125 0.1875
vt 1 0.11250000000000004
vt 1 0.26249999999999996
vt 0.8125 0.1875
vt 0.8875 0
vt 1 0.11250000000000004
vt 0.8125 0.1875
vt 0.7375 0
vt 0.8875 0
vt 0.8125 0.1875
vt 0.8875 0.375
vt 0.7375 0.375
vt 0.8125 0.1875
vt 0.7375 0.375
vt 0.625 0.26249999999999996
vt 0.8125 0.1875
vt 0.625 0.26249999999999996
vt 0.625 0.11250000000000004
vt 0.8125 0.1875
vt 0.625 0.11250000000000004
vt 0.7375 0
vt 0.8125 0.1875
vt 0.7375 0
vt 0.8875 0
vt 0.8125 0.1875
vt 0.625 0.11250000000000004
vt 0.7375 0
vt 0.8125 0.1875
vt 0.8875 0
vt 1 0.11250000000000004
vt 0.8125 0.1875
vt 1 0.11250000000000004
vt 1 0.26249999999999996
vt 0.8125 0.1875
vt 0.625 0.26249999999999996
vt 0.625 0.11250000000000004
vt 0.981759375 0.4375
vt 1 0.46875
vt 0.8125 0.46875
vt 0.83074375 0.4375
vt 0.8125 0.1875
vt 1 0.26249999999999996
vt 0.8875 0.375
vt 0.981759375 0.375
vt 1 0.40625
vt 0.8125 0.40625
vt 0.83074375 0.375
vt 0.981759375 0.4375
vt 1 0.46875
vt 0.8125 0.46875
vt 0.83074375 0.4375
vt 0.8125 0.1875
vt 0.7375 0.375
vt 0.625 0.26249999999999996
vt 0.981759375 0.4375
vt 1 0.46875
vt 0.8125 0.46875
vt 0.83074375 0.4375
vt 0.981759375 0.375
vt 1 0.40625
vt 0.8125 0.40625
vt 0.83074375 0.375
vt 0.981759375 0.375
vt 1 0.40625
vt 0.8125 0.40625
vt 0.83074375 0.375
vt 0.981759375 0.4375
vt 1 0.46875
vt 0.8125 0.46875
vt 0.83074375 0.4375
vt 0.8125 0.1875
vt 0.8875 0.375
vt 0.7375 0.375
vt 0.981759375 0.375
vt 1 0.40625
vt 0.8125 0.40625
vt 0.83074375 0.375
vt 0.71875 1
vt 0.71875 0.8125
vt 0.90625 0.8125
vt 0.90625 1
vt 0.71875 1
vt 0.71875 0.8125
vt 0.90625 0.8125
vt 0.90625 1
vt 0.5625 0
vt 0.625 0
vt 0.625 0.375
vt 0.5625 0.375
vt 0.5625 0
vt 0.625 0
vt 0.625 0.375
vt 0.5625 0.375
vt 0.5625 0
vt 0.625 0
vt 0.625 0.375
vt 0.5625 0.375
vt 0.5625 0
vt 0.625 0
vt 0.625 0.375
vt 0.5625 0.375
vt 0.8125 0.375
vt 0.8125 0.4375
vt 0.75 0.4375
vt 0.75 0.375
vt 0.75 0.375
vt 0.75 0.4375
vt 0.8125 0.4375
vt 0.8125 0.375
vt 0.8125 0.4375
vt 0.8125 0.375
vt 0.75 0.375
vt 0.75 0.4375
vt 0.8125 0.375
vt 0.8125 0.4375
vt 0.75 0.4375
vt 0.75 0.375
vt 0.8125 0.375
vt 0.8125 0.4375
vt 0.75 0.4375
vt 0.75 0.375
vt 0.8125 0.375
vt 0.8125 0.4375
vt 0.75 0.4375
vt 0.75 0.375
vt 0.9375 0.0625
vt 0.9375 0.3125
vt 0.6875 0.3125
vt 0.6875 0.0625
vt 0.9375 0.0625
vt 0.9375 0.3125
vt 0.6875 0.3125
vt 0.6875 0.0625
vt 0.5625 0.34375
vt 0.625 0.34375
vt 0.625 0.375
vt 0.5625 0.375
vt 0.5625 0.34375
vt 0.625 0.34375
vt 0.625 0.375
vt 0.5625 0.375
vt 0.5625 0.34375
vt 0.625 0.34375
vt 0.625 0.375
vt 0.5625 0.375
vt 0.5625 0.34375
vt 0.625 0.34375
vt 0.625 0.375
vt 0.5625 0.375
vt 0.8125 0.375
vt 0.8125 0.4375
vt 0.75 0.4375
vt 0.75 0.375
vt 0.75 0.375
vt 0.75 0.4375
vt 0.8125 0.4375
vt 0.8125 0.375
vt 0.8125 0.4375
vt 0.8125 0.375
vt 0.75 0.375
vt 0.75 0.4375
vt 0.8125 0.375
vt 0.8125 0.4375
vt 0.75 0.4375
vt 0.75 0.375
vt 0.8125 0.375
vt 0.8125 0.4375
vt 0.75 0.4375
vt 0.75 0.375
vt 0.8125 0.375
vt 0.8125 0.4375
vt 0.75 0.4375
vt 0.75 0.375
vt 0.71875 1
vt 0.71875 0.8125
vt 0.90625 0.8125
vt 0.90625 1
vt 0.71875 1
vt 0.71875 0.8125
vt 0.90625 0.8125
vt 0.90625 1
vt 0.5625 0
vt 0.625 0
vt 0.625 0.375
vt 0.5625 0.375
vt 0.5625 0
vt 0.625 0
vt 0.625 0.375
vt 0.5625 0.375
vt 0.5625 0
vt 0.625 0
vt 0.625 0.375
vt 0.5625 0.375
vt 0.5625 0
vt 0.625 0
vt 0.625 0.375
vt 0.5625 0.375
vt 0.8125 0.375
vt 0.8125 0.4375
vt 0.75 0.4375
vt 0.75 0.375
vt 0.75 0.375
vt 0.75 0.4375
vt 0.8125 0.4375
vt 0.8125 0.375
vt 0.8125 0.4375
vt 0.8125 0.375
vt 0.75 0.375
vt 0.75 0.4375
vt 0.8125 0.375
vt 0.8125 0.4375
vt 0.75 0.4375
vt 0.75 0.375
vt 0.8125 0.375
vt 0.8125 0.4375
vt 0.75 0.4375
vt 0.75 0.375
vt 0.8125 0.375
vt 0.8125 0.4375
vt 0.75 0.4375
vt 0.75 0.375
vt 0.71875 1
vt 0.71875 0.8125
vt 0.90625 0.8125
vt 0.90625 1
vt 0.71875 1
vt 0.71875 0.8125
vt 0.90625 0.8125
vt 0.90625 1
vt 0.5625 0
vt 0.625 0
vt 0.625 0.375
vt 0.5625 0.375
vt 0.5625 0
vt 0.625 0
vt 0.625 0.375
vt 0.5625 0.375
vt 0.5625 0
vt 0.625 0
vt 0.625 0.375
vt 0.5625 0.375
vt 0.5625 0
vt 0.625 0
vt 0.625 0.375
vt 0.5625 0.375
vn 0 1 0
vn -8.881784197001252e-16 -1 0
vn -1 2.5376526277146434e-16 0
vn 1 -2.5376526277146434e-16 0
vn 0 0 1
vn 0 0 -1
vn 0 1 0
vn 5.921189464667505e-16 -1 0
vn 1 8.765121169122357e-32 2.960594732333751e-16
vn -1 -1.480297366166877e-16 -5.921189464667501e-16
vn 0 -2.960594732333752e-16 -1
vn -1.7530242338244715e-31 2.960594732333752e-16 1
vn -1 2.960594732333752e-16 0
vn -0.7071067811865476 2.0934566115783675e-16 -0.7071067811865476
vn 0 -1 0
vn 0 0 -1
vn 0 -1 0
vn 0.7071067811865476 -4.186913223156733e-16 -0.7071067811865476
vn -5.921189464667501e-16 -1 2.9627517309044635e-16
vn 1 -5.921189464667499e-16 0
vn 0 -1 0
vn 0.7071067811865476 -4.186913223156733e-16 0.7071067811865476
vn 0 -1 0
vn 0 0 1
vn 0 -1 0
vn -0.7071067811865476 2.0934566115783675e-16 0.7071067811865476
vn -5.921189464667501e-16 -1 2.9627517309044457e-16
vn 0 -1 0
vn -4.306538852645229e-16 -1 4.306538852645229e-16
vn -7.351724843301281e-16 -1 3.0451785918811945e-16
vn 0 -1 0
vn 0 -1 0
vn -6.090369786726456e-16 1 0
vn -4.30654407296441e-16 1 4.306544072964412e-16
vn -7.351724843301278e-16 1 3.0451911948452686e-16
vn 0 -1 0
vn 0 1 0
vn 0 1 0
vn 0 1 0
vn -7.351724843301278e-16 1 -3.0451911948452686e-16
vn -7.351724843301281e-16 -1 -3.04519119484527e-16
vn 0 1 0
vn -4.306535161315169e-16 1 -4.3065477642836696e-16
vn -5.921189464667498e-16 1 -2.9627009779969177e-16
vn 0 1 0
vn -4.3065440729644095e-16 -1 -4.306544072964414e-16
vn 0 1 0
vn 0 1 0
vn -5.921189464667498e-16 1 -2.9627517309044527e-16
vn 0 1 0
vn -6.090369786726456e-16 -1 0
vn 0 1 0
vn -5.921189464667498e-16 1 0
vn -5.921189464667505e-16 -1 0
vn 0 0 1
vn 0 0 -1
vn 1 -5.921189464667499e-16 0
vn -1 0 0
vn -3.552713678800506e-15 1 0
vn 0 -1 0
vn -1 1.9032394707859833e-16 0
vn 1 0 0
vn 0 0 1
vn 0 0 -1
vn -4.440892098500631e-16 1 0
vn -2.2204460492503146e-16 -1 0
vn -1 2.537652627714644e-16 0
vn 1 0 0
vn 0 0 1
vn 0 0 -1
vn 0 1 0
vn 0 -1 0
vn -1 0 0
vn 1 0 0
vn 0 0 1
vn 0 0 -1
vn 0 1 0
vn 5.921189464667501e-16 -1 7.012096935297882e-31
vn -1 3.50604846764894e-31 -1.1842378929335002e-15
vn 1 -3.506048467648941e-31 1.1842378929335002e-15
vn -5.921189464667501e-16 -2.9605947323337496e-16 1
vn 5.921189464667499e-16 2.9605947323337496e-16 -1
vn -3.552713678800506e-15 1 0
vn 0 -1 0
vn -1 1.9032394707859833e-16 0
vn 1 0 0
vn 0 0 1
vn 0 0 -1
vn -5.921189464667498e-16 1 -7.012096935297879e-31
vn -5.921189464667501e-16 -1 -3.506048467648941e-31
vn 1.1842378929334995e-15 0 -1
vn -1.1842378929335006e-15 -1.7530242338244717e-31 1
vn -1 -2.960594732333752e-16 -2.960594732333751e-16
vn 1 0 5.921189464667501e-16
usemtl m_34518951-18c4-980b-d1be-439301ab62d6
f 9/25/7 10/26/7 11/27/7 12/28/7
f 13/29/8 14/30/8 15/31/8 16/32/8
f 11/33/9 10/34/9 15/35/9 14/36/9
f 9/37/10 12/38/10 13/39/10 16/40/10
f 12/41/11 11/42/11 14/43/11 13/44/11
f 16/45/12 15/46/12 10/47/12 9/48/12
f 17/49/13 18/50/13 19/51/13 20/52/13
f 21/53/14 22/54/14 23/55/14 24/56/14
f 19/57/15 18/58/15 23/59/15 22/60/15
f 17/61/16 20/62/16 21/63/16 24/64/16
f 20/65/17 19/66/17 22/67/17 21/68/17
f 24/69/18 23/70/18 18/71/18 17/72/18
f 25/73/19 26/74/19 27/75/19 28/76/19
f 26/77/20 29/78/20 30/79/20 27/80/20
f 31/81/21 28/82/21 27/83/21 32/84/21
f 29/85/22 33/86/22 34/87/22 30/88/22
f 32/89/23 27/90/23 30/91/23 35/92/23
f 33/93/24 36/94/24 37/95/24 34/96/24
f 35/97/25 30/98/25 34/99/25 38/100/25
f 36/101/26 39/102/26 40/103/26 37/104/26
f 38/105/27 34/106/27 37/107/27 41/108/27
f 39/109/28 42/110/28 43/111/28 40/112/28
f 41/113/29 37/114/29 40/115/29 44/116/29
f 42/117/30 45/118/30 46/119/30 43/120/30
f 44/121/31 40/122/31 43/123/31 47/124/31
f 45/125/32 25/126/32 28/127/32 46/128/32
f 47/129/33 43/130/33 46/131/33 48/132/33
f 48/133/34 46/134/34 28/135/34 31/136/34
f 49/137/35 48/138/35 31/139/35
f 49/140/36 47/141/36 48/142/36
f 49/143/37 44/144/37 47/145/37
f 49/146/38 41/147/38 44/148/38
f 50/149/39 51/150/39 52/151/39
f 50/152/40 52/153/40 53/154/40
f 50/155/41 53/156/41 54/157/41
f 49/158/42 38/159/42 41/160/42
f 50/161/43 55/162/43 56/163/43
f 50/164/44 54/165/44 55/166/44
f 50/167/45 56/168/45 57/169/45
f 50/170/46 57/171/46 58/172/46
f 49/173/47 35/174/47 38/175/47
f 58/176/48 29/177/48 26/178/48 51/179/48
f 50/180/49 58/181/49 51/182/49
f 57/183/50 33/184/50 29/185/50 58/186/50
f 56/187/51 36/188/51 33/189/51 57/190/51
f 49/191/52 32/192/52 35/193/52
f 54/194/53 42/195/53 39/196/53 55/197/53
f 55/198/54 39/199/54 36/200/54 56/201/54
f 53/202/55 45/203/55 42/204/55 54/205/55
f 52/206/56 25/207/56 45/208/56 53/209/56
f 49/210/57 31/211/57 32/212/57
f 51/213/58 26/214/58 25/215/58 52/216/58
f 59/217/59 60/218/59 61/219/59 62/220/59
f 63/221/60 64/222/60 65/223/60 66/224/60
f 61/225/61 60/226/61 65/227/61 64/228/61
f 59/229/62 62/230/62 63/231/62 66/232/62
f 62/233/63 61/234/63 64/235/63 63/236/63
f 66/237/64 65/238/64 60/239/64 59/240/64
f 67/241/65 68/242/65 69/243/65 70/244/65
f 71/245/66 72/246/66 73/247/66 74/248/66
f 69/249/67 68/250/67 73/251/67 72/252/67
f 67/253/68 70/254/68 71/255/68 74/256/68
f 70/257/69 69/258/69 72/259/69 71/260/69
f 74/261/70 73/262/70 68/263/70 67/264/70
f 75/265/71 76/266/71 77/267/71 78/268/71
f 79/269/72 80/270/72 81/271/72 82/272/72
f 77/273/73 76/274/73 81/275/73 80/276/73
f 75/277/74 78/278/74 79/279/74 82/280/74
f 78/281/75 77/282/75 80/283/75 79/284/75
f 82/285/76 81/286/76 76/287/76 75/288/76
f 83/289/77 84/290/77 85/291/77 86/292/77
f 87/293/78 88/294/78 89/295/78 90/296/78
f 85/297/79 84/298/79 89/299/79 88/300/79
f 83/301/80 86/302/80 87/303/80 90/304/80
f 86/305/81 85/306/81 88/307/81 87/308/81
f 90/309/82 89/310/82 84/311/82 83/312/82
f 91/313/83 92/314/83 93/315/83 94/316/83
f 95/317/84 96/318/84 97/319/84 98/320/84
f 93/321/85 92/322/85 97/323/85 96/324/85
f 91/325/86 94/326/86 95/327/86 98/328/86
f 94/329/87 93/330/87 96/331/87 95/332/87
f 98/333/88 97/334/88 92/335/88 91/336/88
f 99/337/89 100/338/89 101/339/89 102/340/89
f 103/341/90 104/342/90 105/343/90 106/344/90
f 101/345/91 100/346/91 105/347/91 104/348/91
f 99/349/92 102/350/92 103/351/92 106/352/92
f 102/353/93 101/354/93 104/355/93 103/356/93
f 106/357/94 105/358/94 100/359/94 99/360/94
f 107/361/95 108/362/95 109/363/95 110/364/95
f 111/365/96 112/366/96 113/367/96 114/368/96
f 109/369/97 108/370/97 113/371/97 112/372/97
f 107/373/98 110/374/98 111/375/98 114/376/98
f 110/377/99 109/378/99 112/379/99 111/380/99
f 114/381/100 113/382/100 108/383/100 107/384/100
o spokes
v -0.3749999999999998 0.75 0.8624368670764583
v 0.13756313292354205 0.75 1.375
v 0.5000000000000002 0.75 0.5
v -0.3749999999999998 0.25 0.8624368670764583
v 0.13756313292354205 0.25 1.375
v 0.5000000000000002 0.25 0.5
v -0.3749999999999998 0.75 0.1375631329235419
v -0.3749999999999998 0.25 0.1375631329235419
v 0.13756313292354194 0.75 -0.37500000000000006
v 0.13756313292354194 0.25 -0.37500000000000006
v 0.8624368670764584 0.75 -0.37500000000000006
v 0.8624368670764584 0.25 -0.37500000000000006
v 1.3750000000000002 0.75 0.13756313292354133
v 1.3750000000000002 0.25 0.13756313292354133
v 1.3750000000000002 0.75 0.8624368670764584
v 1.3750000000000002 0.25 0.8624368670764584
v 0.8624368670764591 0.75 1.375
v 0.8624368670764591 0.25 1.375
vt 0.953125 0.9375
vt 0.671875 0.9375
vt 0.8125 0.59375
vt 0.671875 0.90625
vt 0.953125 0.90625
vt 0.953125 0.9375
vt 0.671875 0.9375
vt 0.953125 0.9375
vt 0.671875 0.9375
vt 0.8125 0.59375
vt 0.953125 0.9375
vt 0.671875 0.9375
vt 0.8125 0.59375
vt 0.671875 0.90625
vt 0.953125 0.90625
vt 0.953125 0.9375
vt 0.671875 0.9375
vt 0.953125 0.9375
vt 0.671875 0.9375
vt 0.8125 0.59375
vt 0.953125 0.9375
vt 0.671875 0.9375
vt 0.8125 0.59375
vt 0.671875 0.90625
vt 0.953125 0.90625
vt 0.953125 0.9375
vt 0.671875 0.9375
vt 0.953125 0.9375
vt 0.671875 0.9375
vt 0.8125 0.59375
vt 0.953125 0.9375
vt 0.671875 0.9375
vt 0.8125 0.59375
vt 0.671875 0.90625
vt 0.953125 0.90625
vt 0.953125 0.9375
vt 0.671875 0.9375
vt 0.953125 0.9375
vt 0.671875 0.9375
vt 0.8125 0.59375
vt 0.953125 0.9375
vt 0.671875 0.9375
vt 0.8125 0.59375
vt 0.671875 0.90625
vt 0.953125 0.90625
vt 0.953125 0.9375
vt 0.671875 0.9375
vt 0.953125 0.9375
vt 0.671875 0.9375
vt 0.8125 0.59375
vt 0.953125 0.9375
vt 0.671875 0.9375
vt 0.8125 0.59375
vt 0.671875 0.90625
vt 0.953125 0.90625
vt 0.953125 0.9375
vt 0.671875 0.9375
vt 0.953125 0.9375
vt 0.671875 0.9375
vt 0.8125 0.59375
vt 0.953125 0.9375
vt 0.671875 0.9375
vt 0.8125 0.59375
vt 0.671875 0.90625
vt 0.953125 0.90625
vt 0.953125 0.9375
vt 0.671875 0.9375
vt 0.953125 0.9375
vt 0.671875 0.9375
vt 0.8125 0.59375
vt 0.953125 0.9375
vt 0.671875 0.9375
vt 0.8125 0.59375
vt 0.671875 0.90625
vt 0.953125 0.90625
vt 0.953125 0.9375
vt 0.671875 0.9375
vt 0.953125 0.9375
vt 0.671875 0.9375
vt 0.8125 0.59375
vn 0 1 0
vn -0.7071067811865475 0 0.7071067811865477
vn 0 -1 0
vn 0 1 0
vn -1 0 0
vn 0 -1 0
vn 0 1 0
vn -0.7071067811865477 0 -0.7071067811865474
vn 0 -1 0
vn 0 1 0
vn 0 0 -1
vn 0 -1 0
vn 0 1 0
vn 0.7071067811865472 0 -0.7071067811865478
vn 0 -1 0
vn 0 1 0
vn 1 0 0
vn 0 -1 0
vn 0 1 0
vn 0.7071067811865479 0 0.7071067811865472
vn 0 -1 0
vn 0 1 0
vn 0 0 1
vn 0 -1 0
usemtl m_34518951-18c4-980b-d1be-439301ab62d6
f 115/385/101 116/386/101 117/387/101
f 116/388/102 115/389/102 118/390/102 119/391/102
f 119/392/103 118/393/103 120/394/103
f 121/395/104 115/396/104 117/397/104
f 115/398/105 121/399/105 122/400/105 118/401/105
f 118/402/106 122/403/106 120/404/106
f 123/405/107 121/406/107 117/407/107
f 121/408/108 123/409/108 124/410/108 122/411/108
f 122/412/109 124/413/109 120/414/109
f 125/415/110 123/416/110 117/417/110
f 123/418/111 125/419/111 126/420/111 124/421/111
f 124/422/112 126/423/112 120/424/112
f 127/425/113 125/426/113 117/427/113
f 125/428/114 127/429/114 128/430/114 126/431/114
f 126/432/115 128/433/115 120/434/115
f 129/435/116 127/436/116 117/437/116
f 127/438/117 129/439/117 130/440/117 128/441/117
f 128/442/118 130/443/118 120/444/118
f 131/445/119 129/446/119 117/447/119
f 129/448/120 131/449/120 132/450/120 130/451/120
f 130/452/121 132/453/121 120/454/121
f 116/455/122 131/456/122 117/457/122
f 131/458/123 116/459/123 119/460/123 132/461/123
f 132/462/124 119/463/124 120/464/124
o rim
v 0.07692307692307732 0.8749997818384466 1.4999966660403947
v -0.5 0.8749999999999998 0.9230769230769231
v -0.5 0.1250000000000004 0.9230769230769231
v 0.07692307692307732 0.12499978156683417 1.5
v 0.15384615384615413 0.1250002181615536 1.3461538461538463
v -0.34615384615384615 0.12500000000000006 0.8461538461538463
v -0.34615384615384615 0.8749999999999998 0.8461538461538463
v 0.15384615384615413 0.8750002184331658 1.3461538461538463
v -0.5 0.8749999999999998 0.07692307692307693
v -0.5 0.12500000000000006 0.07692307692307693
v -0.34615384615384615 0.12500000000000006 0.15384615384615385
v -0.34615384615384615 0.8749999999999998 0.15384615384615385
v 0.07692307692307682 0.8749997818384466 -0.4999966660403955
v 0.07692307692307682 0.12499978156683417 -0.49999999999999944
v 0.1538461538461538 0.1250002181615536 -0.34615384615384615
v 0.1538461538461538 0.875000218433166 -0.34615384615384615
v 0.9230769230769229 0.8749997818384466 -0.49999666604039594
v 0.9230769230769228 0.12499978156683417 -0.4999999999999999
v 0.846153846153846 0.1250002181615536 -0.34615384615384615
v 0.8461538461538463 0.875000218433166 -0.34615384615384615
v 1.5 0.8749999999999998 0.07692307692307665
v 1.5 0.12500000000000006 0.07692307692307665
v 1.3461538461538463 0.12500000000000006 0.15384615384615358
v 1.3461538461538463 0.8750000000000002 0.15384615384615358
v 1.5 0.8749999999999998 0.9230769230769229
v 1.5 0.12500000000000006 0.9230769230769229
v 1.3461538461538463 0.12500000000000006 0.8461538461538458
v 1.3461538461538463 0.8749999999999998 0.8461538461538458
v 0.9230769230769236 0.8749997818384466 1.4999966660403947
v 0.9230769230769236 0.12499978156683417 1.5
v 0.8461538461538465 0.1250002181615536 1.3461538461538463
v 0.8461538461538465 0.8750002184331658 1.3461538461538463
vt 0.625 0
vt 0.5625 0
vt 0.5625 0.375
vt 0.625 0.375
vt 0.625 0.375
vt 0.5625 0.375
vt 0.5625 0
vt 0.625 0
vt 0.6661273183925804 0.9375
vt 0.9588726816074182 0.9375
vt 0.9843749999999993 1
vt 0.6406249999999993 1
vt 0.984375 1
vt 0.640625 1
vt 0.6661279202570197 0.9375
vt 0.9588720797429803 0.9375
vt 0.625 0
vt 0.5625 0
vt 0.5625 0.375
vt 0.625 0.375
vt 0.625 0.375
vt 0.5625 0.375
vt 0.5625 0
vt 0.625 0
vt 0.6661273183925804 0.9375
vt 0.9588726816074182 0.9375
vt 0.9843749999999993 1
vt 0.6406249999999993 1
vt 0.984375 1
vt 0.640625 1
vt 0.6661279202570197 0.9375
vt 0.9588720797429803 0.9375
vt 0.625 0
vt 0.5625 0
vt 0.5625 0.375
vt 0.625 0.375
vt 0.625 0.375
vt 0.5625 0.375
vt 0.5625 0
vt 0.625 0
vt 0.6661273183925804 0.9375
vt 0.9588726816074182 0.9375
vt 0.9843749999999993 1
vt 0.6406249999999993 1
vt 0.984375 1
vt 0.640625 1
vt 0.6661279202570197 0.9375
vt 0.9588720797429803 0.9375
vt 0.625 0
vt 0.5625 0
vt 0.5625 0.375
vt 0.625 0.375
vt 0.625 0.375
vt 0.5625 0.375
vt 0.5625 0
vt 0.625 0
vt 0.6661273183925804 0.9375
vt 0.9588726816074182 0.9375
vt 0.9843749999999993 1
vt 0.6406249999999993 1
vt 0.984375 1
vt 0.640625 1
vt 0.6661279202570197 0.9375
vt 0.9588720797429803 0.9375
vt 0.625 0
vt 0.5625 0
vt 0.5625 0.375
vt 0.625 0.375
vt 0.625 0.375
vt 0.5625 0.375
vt 0.5625 0
vt 0.625 0
vt 0.6661273183925804 0.9375
vt 0.9588726816074182 0.9375
vt 0.9843749999999993 1
vt 0.6406249999999993 1
vt 0.984375 1
vt 0.640625 1
vt 0.6661279202570197 0.9375
vt 0.9588720797429803 0.9375
vt 0.625 0
vt 0.5625 0
vt 0.5625 0.375
vt 0.625 0.375
vt 0.625 0.375
vt 0.5625 0.375
vt 0.5625 0
vt 0.625 0
vt 0.6661273183925804 0.9375
vt 0.9588726816074182 0.9375
vt 0.9843749999999993 1
vt 0.6406249999999993 1
vt 0.984375 1
vt 0.640625 1
vt 0.6661279202570197 0.9375
vt 0.9588720797429803 0.9375
vt 0.625 0
vt 0.5625 0
vt 0.5625 0.375
vt 0.625 0.375
vt 0.625 0.375
vt 0.5625 0.375
vt 0.5625 0
vt 0.625 0
vt 0.6661273183925804 0.9375
vt 0.9588726816074182 0.9375
vt 0.9843749999999993 1
vt 0.6406249999999993 1
vt 0.984375 1
vt 0.640625 1
vt 0.6661279202570197 0.9375
vt 0.9588720797429803 0.9375
vt 0.625 0
vt 0.5625 0
vt 0.5625 0.375
vt 0.625 0.375
vt 0.625 0.375
vt 0.5625 0.375
vt 0.5625 0
vt 0.625 0
vt 0.6661273183925804 0.9375
vt 0.9588726816074182 0.9375
vt 0.9843749999999993 1
vt 0.6406249999999993 1
vt 0.984375 1
vt 0.640625 1
vt 0.6661279202570197 0.9375
vt 0.9588720797429803 0.9375
vn -0.7071047380409728 0 0.7071088243262187
vn 0.7071067811865474 0 -0.7071067811865477
vn -1.4562211066622101e-7 0.9999999999999472 -2.9124422133244224e-7
vn -1.2620583081564233e-7 -0.9999999999999604 -2.52411657301415e-7
vn -1 0 0
vn 1 0 0
vn 0 1 0
vn -1.9681226345627777e-16 -1 3.9362452691255545e-16
vn -0.7071047380368862 0.0000031432963400942027 -0.7071088243233189
vn 0.7071067811865476 0 0.7071067811865475
vn -0.0000021831799015239495 0.9999999999960921 -0.000001746313569082881
vn 0.0000016394987925105874 -0.9999999999966198 0.000002018116280049065
vn -5.248327025448886e-16 0.000004445279470274372 -0.9999999999901199
vn 0 0 1
vn 0 0.9999999999959731 -0.0000028379271759163583
vn 1.4894047123679455e-21 -0.9999999999959734 0.00000283786567630252
vn 0.7071047380409736 0 -0.7071088243262179
vn -0.7071067811865471 0 0.707106781186548
vn 1.4562211244257804e-7 0.9999999999999472 2.9124421911199635e-7
vn 1.2620582917991395e-7 -0.9999999999999604 2.524116583598276e-7
vn 1 0 0
vn -1 0 0
vn -3.2073109600282393e-16 1 6.41462192005646e-16
vn 0 -1 0
vn 0.7071047380368861 0.0000031432963412735224 0.707108824323319
vn -0.7071067811865479 0 -0.7071067811865471
vn 0.0000021831799002656927 0.9999999999960922 0.000001746313568268711
vn -0.0000016394987925105845 -0.9999999999966198 -0.000002018116280049059
vn 0 0.000004445279472050729 0.9999999999901199
vn 0 0 -1
vn 0 0.9999999999959731 0.0000028379271744730616
vn 0 -0.9999999999959734 -0.0000028378656763025195
usemtl m_34518951-18c4-980b-d1be-439301ab62d6
f 133/465/125 134/466/125 135/467/125 136/468/125
f 137/469/126 138/470/126 139/471/126 140/472/126
f 140/473/127 139/474/127 134/475/127 133/476/127
f 136/477/128 135/478/128 138/479/128 137/480/128
f 134/481/129 141/482/129 142/483/129 135/484/129
f 138/485/130 143/486/130 144/487/130 139/488/130
f 139/489/131 144/490/131 141/491/131 134/492/131
f 135/493/132 142/494/132 143/495/132 138/496/132
f 141/497/133 145/498/133 146/499/133 142/500/133
f 143/501/134 147/502/134 148/503/134 144/504/134
f 144/505/135 148/506/135 145/507/135 141/508/135
f 142/509/136 146/510/136 147/511/136 143/512/136
f 145/513/137 149/514/137 150/515/137 146/516/137
f 147/517/138 151/518/138 152/519/138 148/520/138
f 148/521/139 152/522/139 149/523/139 145/524/139
f 146/525/140 150/526/140 151/527/140 147/528/140
f 149/529/141 153/530/141 154/531/141 150/532/141
f 151/533/142 155/534/142 156/535/142 152/536/142
f 152/537/143 156/538/143 153/539/143 149/540/143
f 150/541/144 154/542/144 155/543/144 151/544/144
f 153/545/145 157/546/145 158/547/145 154/548/145
f 155/549/146 159/550/146 160/551/146 156/552/146
f 156/553/147 160/554/147 157/555/147 153/556/147
f 154/557/148 158/558/148 159/559/148 155/560/148
f 157/561/149 161/562/149 162/563/149 158/564/149
f 159/565/150 163/566/150 164/567/150 160/568/150
f 160/569/151 164/570/151 161/571/151 157/572/151
f 158/573/152 162/574/152 163/575/152 159/576/152
f 161/577/153 133/578/153 136/579/153 162/580/153
f 163/581/154 137/582/154 140/583/154 164/584/154
f 164/585/155 140/586/155 133/587/155 161/588/155
f 162/589/156 136/590/156 137/591/156 163/592/156
o cuboid
v 0.5625 0.9375 -0.25
v 0.4375 0.9375 -0.25
v 0.5625 0.0625 -0.25
v 0.4375 0.0625 -0.25
v 0.5625 0.9375 -0.125
v 0.4375 0.9375 -0.125
v 0.5625 0.0625 -0.125
v 0.4375 0.0625 -0.125
vt 0.8125 0.375
vt 0.8125 0.4375
vt 0.75 0.4375
vt 0.75 0.375
vt 0.8125 0.375
vt 0.8125 0.4375
vt 0.75 0.4375
vt 0.75 0.375
vt 0.75 0.375
vt 0.8125 0.375
vt 0.8125 0.4375
vt 0.75 0.4375
vt 0.8125 0.375
vt 0.8125 0.4375
vt 0.75 0.4375
vt 0.75 0.375
vt 0.8125 0.375
vt 0.8125 0.4375
vt 0.75 0.4375
vt 0.75 0.375
vt 0.8125 0.375
vt 0.8125 0.4375
vt 0.75 0.4375
vt 0.75 0.375
vn 2.220446049250313e-16 0 -1
vn -2.220446049250313e-16 0 1
vn 0 1 0
vn 0 -1 0
vn 1 0 2.220446049250313e-16
vn -1 0 -2.220446049250313e-16
usemtl m_34518951-18c4-980b-d1be-439301ab62d6
f 166/593/157 165/594/157 167/595/157 168/596/157
f 171/597/158 169/598/158 170/599/158 172/600/158
f 169/601/159 165/602/159 166/603/159 170/604/159
f 168/605/160 167/606/160 171/607/160 172/608/160
f 167/609/161 165/610/161 169/611/161 171/612/161
f 170/613/162 166/614/162 168/615/162 172/616/162
o cuboid
v 1.25 0.9375 0.5625
v 1.25 0.9375 0.43750000000000006
v 1.25 0.0625 0.5625
v 1.25 0.0625 0.43750000000000006
v 1.125 0.9375 0.5625
v 1.125 0.9375 0.4375
v 1.125 0.0625 0.5625
v 1.125 0.0625 0.4375
vt 0.8125 0.375
vt 0.8125 0.4375
vt 0.75 0.4375
vt 0.75 0.375
vt 0.8125 0.375
vt 0.8125 0.4375
vt 0.75 0.4375
vt 0.75 0.375
vt 0.75 0.375
vt 0.8125 0.375
vt 0.8125 0.4375
vt 0.75 0.4375
vt 0.8125 0.375
vt 0.8125 0.4375
vt 0.75 0.4375
vt 0.75 0.375
vt 0.8125 0.375
vt 0.8125 0.4375
vt 0.75 0.4375
vt 0.75 0.375
vt 0.8125 0.375
vt 0.8125 0.4375
vt 0.75 0.4375
vt 0.75 0.375
vn 1 0 2.7755575615628914e-16
vn -1 0 -2.7755575615628914e-16
vn 0 1 0
vn 0 -1 0
vn -2.7755575615628914e-16 0 1
vn 2.7755575615628914e-16 0 -1
usemtl m_34518951-18c4-980b-d1be-439301ab62d6
f 174/617/163 173/618/163 175/619/163 176/620/163
f 179/621/164 177/622/164 178/623/164 180/624/164
f 177/625/165 173/626/165 174/627/165 178/628/165
f 176/629/166 175/630/166 179/631/166 180/632/166
f 175/633/167 173/634/167 177/635/167 179/636/167
f 178/637/168 174/638/168 176/639/168 180/640/168
o cuboid
v 0.4375000000000003 0.9375 1.25
v 0.5625000000000003 0.9375 1.25
v 0.4375000000000003 0.0625 1.25
v 0.5625000000000003 0.0625 1.25
v 0.4375000000000003 0.9375 1.125
v 0.5625000000000002 0.9375 1.125
v 0.4375000000000003 0.0625 1.125
v 0.5625000000000002 0.0625 1.125
vt 0.8125 0.375
vt 0.8125 0.4375
vt 0.75 0.4375
vt 0.75 0.375
vt 0.8125 0.375
vt 0.8125 0.4375
vt 0.75 0.4375
vt 0.75 0.375
vt 0.75 0.375
vt 0.8125 0.375
vt 0.8125 0.4375
vt 0.75 0.4375
vt 0.8125 0.375
vt 0.8125 0.4375
vt 0.75 0.4375
vt 0.75 0.375
vt 0.8125 0.375
vt 0.8125 0.4375
vt 0.75 0.4375
vt 0.75 0.375
vt 0.8125 0.375
vt 0.8125 0.4375
vt 0.75 0.4375
vt 0.75 0.375
vn 2.220446049250313e-16 0 1
vn -2.220446049250313e-16 0 -1
vn 0 1 0
vn 0 -1 0
vn -1 0 2.220446049250313e-16
vn 1 0 -2.220446049250313e-16
usemtl m_34518951-18c4-980b-d1be-439301ab62d6
f 182/641/169 181/642/169 183/643/169 184/644/169
f 187/645/170 185/646/170 186/647/170 188/648/170
f 185/649/171 181/650/171 182/651/171 186/652/171
f 184/653/172 183/654/172 187/655/172 188/656/172
f 183/657/173 181/658/173 185/659/173 187/660/173
f 186/661/174 182/662/174 184/663/174 188/664/174
o cuboid
v -0.25 0.9374999999999999 0.4375000000000001
v -0.25 0.9374999999999999 0.5625000000000001
v -0.25 0.06249999999999989 0.4375000000000002
v -0.25 0.06249999999999989 0.5625000000000002
v -0.125 0.9375 0.4375000000000001
v -0.125 0.9375 0.5625000000000001
v -0.125 0.062499999999999944 0.4375000000000002
v -0.125 0.062499999999999944 0.5625000000000002
vt 0.8125 0.375
vt 0.8125 0.4375
vt 0.75 0.4375
vt 0.75 0.375
vt 0.8125 0.375
vt 0.8125 0.4375
vt 0.75 0.4375
vt 0.75 0.375
vt 0.75 0.375
vt 0.8125 0.375
vt 0.8125 0.4375
vt 0.75 0.4375
vt 0.8125 0.375
vt 0.8125 0.4375
vt 0.75 0.4375
vt 0.75 0.375
vt 0.8125 0.375
vt 0.8125 0.4375
vt 0.75 0.4375
vt 0.75 0.375
vt 0.8125 0.375
vt 0.8125 0.4375
vt 0.75 0.4375
vt 0.75 0.375
vn -1 -1.2246467991473532e-16 1.07208367733719e-32
vn 1 1.2246467991473532e-16 -1.07208367733719e-32
vn -1.2246467991473532e-16 1 -1.2246467991473532e-16
vn 1.2246467991473532e-16 -1 1.2246467991473532e-16
vn 4.276761053246676e-33 -1.2246467991473532e-16 -1
vn -4.276761053246676e-33 1.2246467991473532e-16 1
usemtl m_34518951-18c4-980b-d1be-439301ab62d6
f 190/665/175 189/666/175 191/667/175 192/668/175
f 195/669/176 193/670/176 194/671/176 196/672/176
f 193/673/177 189/674/177 190/675/177 194/676/177
f 192/677/178 191/678/178 195/679/178 196/680/178
f 191/681/179 189/682/179 193/683/179 195/684/179
f 194/685/180 190/686/180 192/687/180 196/688/180
o cuboid
v 0.9062499999999998 0.8749997818384466 -0.749996666040396
v 0.9062499999999998 0.6249997818384466 -0.749996666040396
v 0.6562499999999998 0.8749997818384466 -0.749996666040396
v 0.9062499999999998 0.8749997818384466 -0.49999666604039594
v 0.9062499999999998 0.6249997818384466 -0.49999666604039594
v 0.6562499999999998 0.8749997818384466 -0.49999666604039605
vt 0.90625 0.25
vt 0.84375 0.25
vt 0.90625 0.1875
vt 0.84375 0.90625
vt 0.78125 0.90625
vt 0.84375 0.84375
vt 0.84375 0.1875
vt 0.90625 0.1875
vt 0.90625 0.25
vt 0.84375 0.25
vt 0.9375 0.375
vt 0.9375 0.4375
vt 0.875 0.4375
vt 0.875 0.375
vt 0.90625 0.1875
vt 0.90625 0.25
vt 0.84375 0.25
vt 0.84375 0.1875
vn 2.220446049250313e-16 0 -1
vn -2.220446049250313e-16 0 1
vn 0 1 0
vn -0.7071067811865476 -0.7071067811865476 -1.5700924586837752e-16
vn 1 0 2.220446049250313e-16
usemtl m_34518951-18c4-980b-d1be-439301ab62d6
f 197/689/181 198/690/181 199/691/181
f 200/692/182 202/693/182 201/694/182
f 200/695/183 197/696/183 199/697/183 202/698/183
f 199/699/184 198/700/184 201/701/184 202/702/184
f 198/703/185 197/704/185 200/705/185 201/706/185
o cuboid
v 0.7971087502361516 0.5331456303681193 -0.8125
v 0.5319437072911964 0.7983106733130749 -0.8125
v 0.4656524465549574 0.20168932668692552 -0.8125
v 0.20048740361000228 0.4668543696318811 -0.8125
v 0.7971087502361515 0.5331456303681192 -0.4374999999999999
v 0.5319437072911962 0.7983106733130748 -0.4374999999999999
v 0.4656524465549573 0.20168932668692552 -0.4375000000000001
v 0.20048740361000206 0.466854369631881 -0.4375000000000001
v 0.7971087502361514 0.7099223256647558 -0.6875
v 0.7087204025878331 0.7983106733130743 -0.6874999999999996
v 0.7971087502361516 0.5331456303681193 -0.8125000000000002
v 0.5319437072911964 0.7983106733130749 -0.8124999999999998
v 0.7971087502361514 0.7099223256647558 -0.5625
v 0.7087204025878329 0.7983106733130744 -0.5624999999999996
v 0.7971087502361516 0.5331456303681191 -0.4375000000000001
v 0.5319437072911962 0.7983106733130748 -0.43749999999999967
v 0.2888757512583203 0.20168932668692535 -0.5625000000000004
v 0.200487403610002 0.2900776743352438 -0.5625
v 0.46565244655495724 0.20168932668692519 -0.43750000000000033
v 0.20048740361000206 0.46685436963188065 -0.4374999999999999
v 0.2888757512583203 0.20168932668692563 -0.6875000000000004
v 0.200487403610002 0.29007767433524406 -0.6875
v 0.4656524465549575 0.20168932668692563 -0.8125000000000002
v 0.20048740361000233 0.4668543696318811 -0.8124999999999998
vt 0.24999999999999997 1
vt 0.03125 1
vt 0.03125 0.65625
vt 0.24999999999999997 0.65625
vt 0.24999999999999997 0.65625
vt 0.24999999999999997 1
vt 0.03125 1
vt 0.03125 0.65625
vt 0.6875 0.0625
vt 0.9375 0.0625
vt 0.9375 0.3125
vt 0.6875 0.3125
vt 0.9375 0.0625
vt 0.9375 0.3125
vt 0.6875 0.3125
vt 0.6875 0.0625
vt 0.24999999999999997 0.65625
vt 0.24999999999999997 1
vt 0.03125 1
vt 0.03125 0.65625
vt 0.25 1
vt 0.03125 1
vt 0.03125 0.65625
vt 0.25 0.65625
vt 0.20833333333333331 0.5312500000000032
vt 0.13541666666666666 0.5312500000000032
vt 0.0625 0.4169727903482443
vt 0.28125 0.4169727903482443
vt 0.28125 0.4169687500000031
vt 0.20833333333333331 0.5312500000000031
vt 0.13541666666666666 0.5312500000000031
vt 0.0625 0.4169687500000031
vt 0.03125 0.625
vt 0.09375 0.625
vt 0.09375 0.6875
vt 0.03125 0.6875
vt 0.9375 0.0625
vt 0.9375 0.3125
vt 0.6875 0.3125
vt 0.6875 0.0625
vt 0.28125 0.4169727903482443
vt 0.20833333333333331 0.5312500000000031
vt 0.13541666666666666 0.5312500000000031
vt 0.0625 0.4169727903482443
vt 0.20833333333333331 0.5312500000000031
vt 0.13541666666666666 0.5312500000000031
vt 0.0625 0.4169727903482443
vt 0.28125 0.4169727903482443
vt 0.20833333333333331 0.5312500000000032
vt 0.13541666666666666 0.5312500000000032
vt 0.0625 0.4169727903482443
vt 0.28125 0.4169727903482443
vt 0.28125 0.4169687500000031
vt 0.20833333333333331 0.5312500000000031
vt 0.13541666666666666 0.5312500000000031
vt 0.0625 0.4169687500000031
vt 0.03125 0.625
vt 0.09375 0.625
vt 0.09375 0.6875
vt 0.03125 0.6875
vt 0.9375 0.0625
vt 0.9375 0.3125
vt 0.6875 0.3125
vt 0.6875 0.0625
vt 0.28125 0.4169727903482443
vt 0.20833333333333331 0.5312500000000031
vt 0.13541666666666666 0.5312500000000031
vt 0.0625 0.4169727903482443
vt 0.20833333333333331 0.5312500000000031
vt 0.13541666666666666 0.5312500000000031
vt 0.0625 0.4169727903482443
vt 0.28125 0.4169727903482443
vn 4.710277376051326e-16 1.570092458683772e-16 -1
vn -4.710277376051326e-16 -1.570092458683772e-16 1
vn 0.707106781186548 0.7071067811865471 4.3177542613803832e-16
vn -0.707106781186548 -0.7071067811865471 -4.3177542613803832e-16
vn 0.7071067811865471 -0.7071067811865479 1.9626155733547164e-16
vn -0.7071067811865471 0.7071067811865479 -1.9626155733547164e-16
vn 0.499999999999999 0.5000000000000018 -0.7071067811865471
vn 0.5000000000000037 0.49999999999999967 0.7071067811865452
vn 0.707106781186548 0.7071067811865471 4.3177542613803832e-16
vn -0.707106781186548 -0.7071067811865471 -4.3177542613803832e-16
vn 1 9.992007221626409e-16 4.440892098500628e-16
vn 4.163336342344337e-15 1 -1.0895405132532403e-15
vn -0.49999999999999967 -0.5000000000000023 0.7071067811865461
vn -0.5000000000000003 -0.4999999999999963 -0.7071067811865499
vn -0.707106781186548 -0.7071067811865471 -1.3199538458381637e-15
vn 0.707106781186548 0.7071067811865471 1.3199538458381637e-15
vn 4.440892098500627e-16 -1 -2.050644404114303e-15
vn -1 5.551115123125783e-16 1.8394777362344723e-16
usemtl m_34518951-18c4-980b-d1be-439301ab62d6
f 204/707/186 203/708/186 205/709/186 206/710/186
f 209/711/187 207/712/187 208/713/187 210/714/187
f 207/715/188 203/716/188 204/717/188 208/718/188
f 206/719/189 205/720/189 209/721/189 210/722/189
f 205/723/190 203/724/190 207/725/190 209/726/190
f 208/727/191 204/728/191 206/729/191 210/730/191
f 212/731/192 211/732/192 213/733/192 214/734/192
f 217/735/193 215/736/193 216/737/193 218/738/193
f 215/739/194 211/740/194 212/741/194 216/742/194
f 214/743/195 213/744/195 217/745/195 218/746/195
f 213/747/196 211/748/196 215/749/196 217/750/196
f 216/751/197 212/752/197 214/753/197 218/754/197
f 220/755/198 219/756/198 221/757/198 222/758/198
f 225/759/199 223/760/199 224/761/199 226/762/199
f 223/763/200 219/764/200 220/765/200 224/766/200
f 222/767/201 221/768/201 225/769/201 226/770/201
f 221/771/202 219/772/202 223/773/202 225/774/202
f 224/775/203 220/776/203 222/777/203 226/778/203
o cuboid
v 0.09375000000000072 0.1249997818384499 -0.749996666040396
v 0.09375000000000072 0.3749997818384499 -0.749996666040396
v 0.3437500000000007 0.1249997818384499 -0.749996666040396
v 0.09375000000000067 0.12499978183844984 -0.49999666604039616
v 0.09375000000000067 0.37499978183844984 -0.49999666604039616
v 0.34375000000000067 0.12499978183844984 -0.49999666604039605
vt 0.90625 0.25
vt 0.84375 0.25
vt 0.90625 0.1875
vt 0.84375 0.90625
vt 0.78125 0.90625
vt 0.84375 0.84375
vt 0.84375 0.1875
vt 0.90625 0.1875
vt 0.90625 0.25
vt 0.84375 0.25
vt 0.9375 0.375
vt 0.9375 0.4375
vt 0.875 0.4375
vt 0.875 0.375
vt 0.90625 0.1875
vt 0.90625 0.25
vt 0.84375 0.25
vt 0.84375 0.1875
vn 2.220446049250313e-16 1.2246467991473532e-16 -1
vn -2.220446049250313e-16 -1.2246467991473532e-16 1
vn 2.5407181807812022e-33 -1 -1.2246467991473532e-16
vn 0.7071067811865476 0.7071067811865476 2.4360485149192685e-16
vn -1 2.719262146893782e-32 -2.220446049250313e-16
usemtl m_34518951-18c4-980b-d1be-439301ab62d6
f 227/779/204 228/780/204 229/781/204
f 230/782/205 232/783/205 231/784/205
f 230/785/206 227/786/206 229/787/206 232/788/206
f 229/789/207 228/790/207 231/791/207 232/792/207
f 228/793/208 227/794/208 230/795/208 231/796/208
o cuboid
v 1.3536797126135203 0.8749997818384466 -0.4993810641724685
v 1.3536797126135203 0.6249997818384466 -0.4993810641724685
v 1.1227098294856985 0.8749997818384466 -0.5950519222637412
v 1.2221322827380205 0.8749997818384466 -0.18179747487171372
v 1.2221322827380205 0.6249997818384466 -0.18179747487171372
v 1.027038971394426 0.8749997818384466 -0.3640820391359193
vt 0.90625 0.25
vt 0.84375 0.25
vt 0.90625 0.1875
vt 0.84375 0.90625
vt 0.78125 0.90625
vt 0.84375 0.84375
vt 0.84375 0.1875
vt 0.90625 0.1875
vt 0.90625 0.25
vt 0.84375 0.25
vt 0.9375 0.375
vt 0.9375 0.4375
vt 0.875 0.4375
vt 0.875 0.375
vt 0.90625 0.1875
vt 0.90625 0.25
vt 0.84375 0.25
vt 0.84375 0.1875
vn 0.38268343236509017 0 -0.9238795325112866
vn -0.6827134245641413 0 0.7306862390382775
vn 0 1 0
vn -0.6532814824381882 -0.7071067811865476 -0.2705980500730988
vn 0.9238795325112866 0 0.38268343236509017
usemtl m_34518951-18c4-980b-d1be-439301ab62d6
f 233/797/209 234/798/209 235/799/209
f 236/800/210 238/801/210 237/802/210
f 236/803/211 233/804/211 235/805/211 238/806/211
f 235/807/212 234/808/212 237/809/212 238/810/212
f 234/811/213 233/812/213 236/813/213 237/814/213
o cuboid
v 1.2767653361779217 0.5331456303681191 -0.5988931632037089
v 1.0317847802636013 0.7983106733130746 -0.7003674319811211
v 0.9705396412850209 0.20168932668692535 -0.7257359991754739
v 0.7255590853707006 0.4668543696318808 -0.8272102679528861
v 1.1332590490410126 0.5331456303681191 -0.2524383385119764
v 0.8882784931266923 0.7983106733130746 -0.35391260728938856
v 0.8270333541481119 0.20168932668692535 -0.37928117448374155
v 0.5820527982337916 0.4668543696318808 -0.4807554432611537
v 1.2289299071322852 0.7099223256647555 -0.48340822163979846
v 1.1472697218275116 0.798310673313074 -0.5172329778989353
v 1.2767653361779217 0.5331456303681191 -0.5988931632037091
v 1.0317847802636013 0.7983106733130746 -0.7003674319811208
v 1.1810944780866488 0.7099223256647555 -0.3679232800758875
v 1.0994342927818752 0.7983106733130743 -0.4017480363350244
v 1.1332590490410128 0.533145630368119 -0.2524383385119766
v 0.8882784931266922 0.7983106733130746 -0.35391260728938834
v 0.7115484125842012 0.20168932668692519 -0.5624156285659272
v 0.6298882272794277 0.2900776743352436 -0.5962403848250641
v 0.8270333541481121 0.20168932668692502 -0.37928117448374177
v 0.5820527982337915 0.4668543696318805 -0.4807554432611535
v 0.7593838416298375 0.2016893266869254 -0.6779005701298384
v 0.6777236563250639 0.29007767433524384 -0.7117253263889753
v 0.9705396412850211 0.2016893266869254 -0.7257359991754742
v 0.7255590853707007 0.46685436963188087 -0.8272102679528859
vt 0.24999999999999997 1
vt 0.03125 1
vt 0.03125 0.65625
vt 0.24999999999999997 0.65625
vt 0.24999999999999997 0.65625
vt 0.24999999999999997 1
vt 0.03125 1
vt 0.03125 0.65625
vt 0.6875 0.0625
vt 0.9375 0.0625
vt 0.9375 0.3125
vt 0.6875 0.3125
vt 0.9375 0.0625
vt 0.9375 0.3125
vt 0.6875 0.3125
vt 0.6875 0.0625
vt 0.24999999999999997 0.65625
vt 0.24999999999999997 1
vt 0.03125 1
vt 0.03125 0.65625
vt 0.25 1
vt 0.03125 1
vt 0.03125 0.65625
vt 0.25 0.65625
vt 0.20833333333333331 0.5312500000000032
vt 0.13541666666666666 0.5312500000000032
vt 0.0625 0.4169727903482443
vt 0.28125 0.4169727903482443
vt 0.28125 0.4169687500000031
vt 0.20833333333333331 0.5312500000000031
vt 0.13541666666666666 0.5312500000000031
vt 0.0625 0.4169687500000031
vt 0.03125 0.625
vt 0.09375 0.625
vt 0.09375 0.6875
vt 0.03125 0.6875
vt 0.9375 0.0625
vt 0.9375 0.3125
vt 0.6875 0.3125
vt 0.6875 0.0625
vt 0.28125 0.4169727903482443
vt 0.20833333333333331 0.5312500000000031
vt 0.13541666666666666 0.5312500000000031
vt 0.0625 0.4169727903482443
vt 0.20833333333333331 0.5312500000000031
vt 0.13541666666666666 0.5312500000000031
vt 0.0625 0.4169727903482443
vt 0.28125 0.4169727903482443
vt 0.20833333333333331 0.5312500000000032
vt 0.13541666666666666 0.5312500000000032
vt 0.0625 0.4169727903482443
vt 0.28125 0.4169727903482443
vt 0.28125 0.4169687500000031
vt 0.20833333333333331 0.5312500000000031
vt 0.13541666666666666 0.5312500000000031
vt 0.0625 0.4169687500000031
vt 0.03125 0.625
vt 0.09375 0.625
vt 0.09375 0.6875
vt 0.03125 0.6875
vt 0.9375 0.0625
vt 0.9375 0.3125
vt 0.6875 0.3125
vt 0.6875 0.0625
vt 0.28125 0.4169727903482443
vt 0.20833333333333331 0.5312500000000031
vt 0.13541666666666666 0.5312500000000031
vt 0.0625 0.4169727903482443
vt 0.20833333333333331 0.5312500000000031
vt 0.13541666666666666 0.5312500000000031
vt 0.0625 0.4169727903482443
vt 0.28125 0.4169727903482443
vn 0.38268343236509067 -1.942890293094025e-16 -0.9238795325112865
vn -0.38268343236509067 1.942890293094025e-16 0.9238795325112865
vn 0.6532814824381885 0.7071067811865471 0.2705980500730994
vn -0.6532814824381885 -0.7071067811865471 -0.2705980500730994
vn 0.6532814824381876 -0.7071067811865479 0.270598050073099
vn -0.6532814824381876 0.7071067811865479 -0.270598050073099
vn 0.732537816328741 0.5000000000000016 -0.46193976625564304
vn 0.19134171618254878 0.4999999999999999 0.8446231986207323
vn 0.6532814824381885 0.7071067811865471 0.2705980500730994
vn -0.6532814824381885 -0.7071067811865471 -0.2705980500730994
vn 0.9238795325112863 8.881784197001248e-16 0.38268343236509067
vn 4.218847493575594e-15 1 4.163336342344336e-16
vn -0.7325378163287414 -0.5000000000000022 0.4619397662556419
vn -0.19134171618254395 -0.4999999999999966 -0.8446231986207355
vn -0.6532814824381882 -0.7071067811865471 -0.2705980500731002
vn 0.6532814824381882 0.7071067811865471 0.2705980500731002
vn 1.2767564783189298e-15 -1 -1.5543122344752188e-15
vn -0.9238795325112865 6.661338147750936e-16 -0.3826834323650901
usemtl m_34518951-18c4-980b-d1be-439301ab62d6
f 240/815/214 239/816/214 241/817/214 242/818/214
f 245/819/215 243/820/215 244/821/215 246/822/215
f 243/823/216 239/824/216 240/825/216 244/826/216
f 242/827/217 241/828/217 245/829/217 246/830/217
f 241/831/218 239/832/218 243/833/218 245/834/218
f 244/835/219 240/836/219 242/837/219 246/838/219
f 248/839/220 247/840/220 249/841/220 250/842/220
f 253/843/221 251/844/221 252/845/221 254/846/221
f 251/847/222 247/848/222 248/849/222 252/850/222
f 250/851/223 249/852/223 253/853/223 254/854/223
f 249/855/224 247/856/224 251/857/224 253/858/224
f 252/859/225 248/860/225 250/861/225 254/862/225
f 256/863/226 255/864/226 257/865/226 258/866/226
f 261/867/227 259/868/227 260/869/227 262/870/227
f 259/871/228 255/872/228 256/873/228 260/874/228
f 258/875/229 257/876/229 261/877/229 262/878/229
f 257/879/230 255/880/230 259/881/230 261/882/230
f 260/883/231 256/884/231 258/885/231 262/886/231
o cuboid
v 0.6030275924481006 0.12499978183845001 -0.810311352969104
v 0.6030275924481006 0.37499978183845006 -0.810311352969104
v 0.8339974755759223 0.12499978183845001 -0.7146404948778313
v 0.47267604829874177 0.12499978183844995 -0.49561488720744706
v 0.507356734356828 0.37499978183844995 -0.5793414698412822
v 0.7383266174846497 0.12499978183844995 -0.4836706117500098
vt 0.90625 0.25
vt 0.84375 0.25
vt 0.90625 0.1875
vt 0.84375 0.90625
vt 0.78125 0.90625
vt 0.84375 0.84375
vt 0.84375 0.1875
vt 0.90625 0.1875
vt 0.90625 0.25
vt 0.84375 0.25
vt 0.9375 0.375
vt 0.9375 0.4375
vt 0.875 0.4375
vt 0.875 0.375
vt 0.90625 0.1875
vt 0.90625 0.25
vt 0.84375 0.25
vt 0.84375 0.1875
vn 0.38268343236509006 2.356072911435053e-16 -0.9238795325112866
vn -0.04251580101220165 0.32258084472856624 0.9455865932205763
vn 4.686520405326299e-17 -1 -2.356072911435053e-16
vn 0.6532814824381882 0.7071067811865476 0.27059805007309895
vn -0.9238795325112866 4.686520405326303e-17 -0.38268343236509017
usemtl m_34518951-18c4-980b-d1be-439301ab62d6
f 263/887/232 264/888/232 265/889/232
f 266/890/233 268/891/233 267/892/233
f 266/893/234 263/894/234 265/895/234 268/896/234
f 265/897/235 264/898/235 267/899/235 268/900/235
f 264/901/236 263/902/236 266/903/236 267/904/236
o cuboid
v 1.6711444276074972 0.8749997818384466 -0.09661850091362545
v 1.6711444276074972 0.6249997818384466 -0.09661850091362545
v 1.4943677323108604 0.8749997818384466 -0.2733951962102624
v 1.4943677323108602 0.8749997818384466 0.08015819438301142
v 1.4943677323108602 0.6249997818384466 0.08015819438301142
v 1.3175910370142234 0.8749997818384466 -0.09661850091362556
vt 0.90625 0.25
vt 0.84375 0.25
vt 0.90625 0.1875
vt 0.84375 0.90625
vt 0.78125 0.90625
vt 0.84375 0.84375
vt 0.84375 0.1875
vt 0.90625 0.1875
vt 0.90625 0.25
vt 0.84375 0.25
vt 0.9375 0.375
vt 0.9375 0.4375
vt 0.875 0.4375
vt 0.875 0.375
vt 0.90625 0.1875
vt 0.90625 0.25
vt 0.84375 0.25
vt 0.84375 0.1875
vn 0.7071067811865477 0 -0.7071067811865474
vn -0.7071067811865477 0 0.7071067811865474
vn 0 1 0
vn -0.49999999999999994 -0.7071067811865476 -0.5000000000000002
vn 0.7071067811865474 0 0.7071067811865477
usemtl m_34518951-18c4-980b-d1be-439301ab62d6
f 269/905/237 270/906/237 271/907/237
f 272/908/238 274/909/238 273/910/238
f 272/911/239 269/912/239 271/913/239 274/914/239
f 271/915/240 270/916/240 273/917/240 274/918/240
f 270/919/241 269/920/241 272/921/241 273/922/241
o cuboid
v 1.6381664410819095 0.5331456303681189 -0.21798955001841946
v 1.4506664410819097 0.7983106733130743 -0.4054895500184198
v 1.4037914410819097 0.20168932668692496 -0.45236455001841946
v 1.2162914410819101 0.4668543696318803 -0.6398645500184199
v 1.3730013981369535 0.533145630368119 0.0471754929265355
v 1.185501398136954 0.7983106733130744 -0.1403245070734649
v 1.138626398136954 0.20168932668692507 -0.18719950707346467
v 0.9511263981369544 0.46685436963188043 -0.374699507073465
v 1.5497780934335907 0.7099223256647554 -0.12960120237010153
v 1.4872780934335905 0.7983106733130738 -0.1921012023701013
v 1.6381664410819095 0.5331456303681189 -0.21798955001841946
v 1.4506664410819097 0.7983106733130743 -0.4054895500184196
v 1.4613897457852723 0.7099223256647554 -0.041212854721783154
v 1.398889745785272 0.798310673313074 -0.10371285472178315
v 1.373001398136954 0.5331456303681189 0.0471754929265355
v 1.185501398136954 0.7983106733130744 -0.14032450707346467
v 1.102014745785273 0.20168932668692474 -0.40058785472178327
v 1.0395147457852727 0.2900776743352432 -0.46308785472178315
v 1.1386263981369542 0.20168932668692474 -0.18719950707346467
v 0.9511263981369542 0.4668543696318801 -0.3746995070734648
v 1.1904030934335914 0.20168932668692496 -0.48897620237010164
v 1.1279030934335914 0.2900776743352434 -0.5514762023701014
v 1.40379144108191 0.20168932668692502 -0.45236455001841946
v 1.2162914410819101 0.46685436963188043 -0.6398645500184197
vt 0.24999999999999997 1
vt 0.03125 1
vt 0.03125 0.65625
vt 0.24999999999999997 0.65625
vt 0.24999999999999997 0.65625
vt 0.24999999999999997 1
vt 0.03125 1
vt 0.03125 0.65625
vt 0.6875 0.0625
vt 0.9375 0.0625
vt 0.9375 0.3125
vt 0.6875 0.3125
vt 0.9375 0.0625
vt 0.9375 0.3125
vt 0.6875 0.3125
vt 0.6875 0.0625
vt 0.24999999999999997 0.65625
vt 0.24999999999999997 1
vt 0.03125 1
vt 0.03125 0.65625
vt 0.25 1
vt 0.03125 1
vt 0.03125 0.65625
vt 0.25 0.65625
vt 0.20833333333333331 0.5312500000000032
vt 0.13541666666666666 0.5312500000000032
vt 0.0625 0.4169727903482443
vt 0.28125 0.4169727903482443
vt 0.28125 0.4169687500000031
vt 0.20833333333333331 0.5312500000000031
vt 0.13541666666666666 0.5312500000000031
vt 0.0625 0.4169687500000031
vt 0.03125 0.625
vt 0.09375 0.625
vt 0.09375 0.6875
vt 0.03125 0.6875
vt 0.9375 0.0625
vt 0.9375 0.3125
vt 0.6875 0.3125
vt 0.6875 0.0625
vt 0.28125 0.4169727903482443
vt 0.20833333333333331 0.5312500000000031
vt 0.13541666666666666 0.5312500000000031
vt 0.0625 0.4169727903482443
vt 0.20833333333333331 0.5312500000000031
vt 0.13541666666666666 0.5312500000000031
vt 0.0625 0.4169727903482443
vt 0.28125 0.4169727903482443
vt 0.20833333333333331 0.5312500000000032
vt 0.13541666666666666 0.5312500000000032
vt 0.0625 0.4169727903482443
vt 0.28125 0.4169727903482443
vt 0.28125 0.4169687500000031
vt 0.20833333333333331 0.5312500000000031
vt 0.13541666666666666 0.5312500000000031
vt 0.0625 0.4169687500000031
vt 0.03125 0.625
vt 0.09375 0.625
vt 0.09375 0.6875
vt 0.03125 0.6875
vt 0.9375 0.0625
vt 0.9375 0.3125
vt 0.6875 0.3125
vt 0.6875 0.0625
vt 0.28125 0.4169727903482443
vt 0.20833333333333331 0.5312500000000031
vt 0.13541666666666666 0.5312500000000031
vt 0.0625 0.4169727903482443
vt 0.20833333333333331 0.5312500000000031
vt 0.13541666666666666 0.5312500000000031
vt 0.0625 0.4169727903482443
vt 0.28125 0.4169727903482443
vn 0.7071067811865487 -3.053113317719181e-16 -0.7071067811865465
vn -0.7071067811865487 3.053113317719181e-16 0.7071067811865465
vn 0.49999999999999944 0.7071067811865475 0.5000000000000007
vn -0.49999999999999944 -0.7071067811865475 -0.5000000000000007
vn 0.49999999999999917 -0.7071067811865476 0.5000000000000009
vn -0.49999999999999917 0.7071067811865476 -0.5000000000000009
vn 0.853553390593273 0.5000000000000017 -0.14644660940672596
vn -0.14644660940672288 0.5000000000000003 0.8535533905932741
vn 0.49999999999999944 0.7071067811865475 0.5000000000000007
vn -0.49999999999999944 -0.7071067811865475 -0.5000000000000007
vn 0.7071067811865465 1.6653345369377344e-15 0.7071067811865486
vn 3.719247132494274e-15 1 1.6098233857064766e-15
vn -0.8535533905932727 -0.5000000000000023 0.14644660940672483
vn 0.14644660940672857 -0.499999999999997 -0.8535533905932752
vn -0.49999999999999883 -0.7071067811865475 -0.5000000000000013
vn 0.49999999999999883 0.7071067811865475 0.5000000000000013
vn 1.7763568394002505e-15 -1 -5.551115123125783e-16
vn -0.707106781186547 -1.1102230246251565e-16 -0.7071067811865482
usemtl m_34518951-18c4-980b-d1be-439301ab62d6
f 276/923/242 275/924/242 277/925/242 278/926/242
f 281/927/243 279/928/243 280/929/243 282/930/243
f 279/931/244 275/932/244 276/933/244 280/934/244
f 278/935/245 277/936/245 281/937/245 282/938/245
f 277/939/246 275/940/246 279/941/246 281/942/246
f 280/943/247 276/944/247 278/945/247 282/946/247
f 284/947/248 283/948/248 285/949/248 286/950/248
f 289/951/249 287/952/249 288/953/249 290/954/249
f 287/955/250 283/956/250 284/957/250 288/958/250
f 286/959/251 285/960/251 289/961/251 290/962/251
f 285/963/252 283/964/252 287/965/252 289/966/252
f 288/967/253 284/968/253 286/969/253 290/970/253
f 292/971/254 291/972/254 293/973/254 294/974/254
f 297/975/255 295/976/255 296/977/255 298/978/255
f 295/979/256 291/980/256 292/981/256 296/982/256
f 294/983/257 293/984/257 297/985/257 298/986/257
f 293/987/258 291/988/258 295/989/258 297/990/258
f 296/991/259 292/992/259 294/993/259 298/994/259
o cuboid
v 1.096620167893428 0.12499978183845012 -0.671142760627695
v 1.096620167893428 0.37499978183845006 -0.671142760627695
v 1.2733968631900647 0.12499978183845006 -0.4943660653310581
v 0.919843472596791 0.12499978183845006 -0.4943660653310582
v 0.919843472596791 0.37499978183845006 -0.494366065331058
v 1.0966201678934278 0.12499978183845001 -0.3175893700344212
vt 0.90625 0.25
vt 0.84375 0.25
vt 0.90625 0.1875
vt 0.84375 0.90625
vt 0.78125 0.90625
vt 0.84375 0.84375
vt 0.84375 0.1875
vt 0.90625 0.1875
vt 0.90625 0.25
vt 0.84375 0.25
vt 0.9375 0.375
vt 0.9375 0.4375
vt 0.875 0.4375
vt 0.875 0.375
vt 0.90625 0.1875
vt 0.90625 0.25
vt 0.84375 0.25
vt 0.84375 0.1875
vn 0.7071067811865478 2.597868168706479e-16 -0.7071067811865472
vn -0.7071067811865478 -2.597868168706479e-16 0.7071067811865472
vn 1.2246467991473535e-16 -1 -2.4492935982947054e-16
vn 0.49999999999999983 0.7071067811865475 0.5000000000000004
vn -0.7071067811865474 8.659560562354933e-17 -0.7071067811865477
usemtl m_34518951-18c4-980b-d1be-439301ab62d6
f 299/995/260 300/996/260 301/997/260
f 302/998/261 304/999/261 303/1000/261
f 302/1001/262 299/1002/262 301/1003/262 304/1004/262
f 301/1005/263 300/1006/263 303/1007/263 304/1008/263
f 300/1009/264 299/1010/264 302/1011/264 303/1012/264
o cuboid
v 1.7499983330201978 0.8749997818384466 0.9062516669798019
v 1.7499983330201978 0.6249997818384466 0.9062516669798019
v 1.749998333020198 0.8749997818384466 0.6562516669798019
v 1.4999983330201978 0.8749997818384466 0.9062516669798018
v 1.4999983330201978 0.6249997818384466 0.9062516669798018
v 1.499998333020198 0.8749997818384466 0.6562516669798018
vt 0.90625 0.25
vt 0.84375 0.25
vt 0.90625 0.1875
vt 0.84375 0.90625
vt 0.78125 0.90625
vt 0.84375 0.84375
vt 0.84375 0.1875
vt 0.90625 0.1875
vt 0.90625 0.25
vt 0.84375 0.25
vt 0.9375 0.375
vt 0.9375 0.4375
vt 0.875 0.4375
vt 0.875 0.375
vt 0.90625 0.1875
vt 0.90625 0.25
vt 0.84375 0.25
vt 0.84375 0.1875
vn 1 0 2.7755575615628914e-16
vn -1 0 -2.7755575615628914e-16
vn 0 1 0
vn 1.9626155733547191e-16 -0.7071067811865476 -0.7071067811865476
vn -2.7755575615628914e-16 0 1
usemtl m_34518951-18c4-980b-d1be-439301ab62d6
f 305/1013/265 306/1014/265 307/1015/265
f 308/1016/266 310/1017/266 309/1018/266
f 308/1019/267 305/1020/267 307/1021/267 310/1022/267
f 307/1023/268 306/1024/268 309/1025/268 310/1026/268
f 306/1027/269 305/1028/269 308/1029/269 309/1030/269
o cuboid
v 1.7499983330201982 0.12499978183845012 0.0937516669798028
v 1.7499983330201982 0.3749997818384501 0.0937516669798028
v 1.749998333020198 0.12499978183845006 0.34375166697980275
v 1.4999983330201982 0.12499978183845006 0.0937516669798027
v 1.4999983330201982 0.37499978183845006 0.09375166697980275
v 1.4999983330201982 0.12499978183845001 0.3437516669798027
vt 0.90625 0.25
vt 0.84375 0.25
vt 0.90625 0.1875
vt 0.84375 0.90625
vt 0.78125 0.90625
vt 0.84375 0.84375
vt 0.84375 0.1875
vt 0.90625 0.1875
vt 0.90625 0.25
vt 0.84375 0.25
vt 0.9375 0.375
vt 0.9375 0.4375
vt 0.875 0.4375
vt 0.875 0.375
vt 0.90625 0.1875
vt 0.90625 0.25
vt 0.84375 0.25
vt 0.84375 0.1875
vn 1 2.7078294663272474e-16 3.33066907387547e-16
vn -1 -2.7078294663272474e-16 -3.33066907387547e-16
vn 2.7078294663272484e-16 -1 -1.2246467991473522e-16
vn -4.2698632659624104e-16 0.7071067811865475 0.7071067811865477
vn 3.330669073875469e-16 1.2246467991473532e-16 -1
usemtl m_34518951-18c4-980b-d1be-439301ab62d6
f 311/1031/270 312/1032/270 313/1033/270
f 314/1034/271 316/1035/271 315/1036/271
f 314/1037/272 311/1038/272 313/1039/272 316/1040/272
f 313/1041/273 312/1042/273 315/1043/273 316/1044/273
f 312/1045/274 311/1046/274 314/1047/274 315/1048/274
o cuboid
v 1.8125016669798015 0.533145630368119 0.7971104172159552
v 1.812501666979802 0.7983106733130745 0.5319453742709999
v 1.812501666979802 0.20168932668692507 0.46565411353476116
v 1.8125016669798024 0.46685436963188043 0.2004890705898058
v 1.4375016669798015 0.5331456303681191 0.7971104172159545
v 1.437501666979802 0.7983106733130745 0.5319453742709992
v 1.437501666979802 0.20168932668692513 0.46565411353476055
v 1.4375016669798024 0.46685436963188054 0.2004890705898052
v 1.6875016669798018 0.7099223256647555 0.7971104172159547
v 1.6875016669798013 0.7983106733130739 0.7087220695676363
v 1.8125016669798018 0.533145630368119 0.7971104172159552
v 1.8125016669798018 0.7983106733130745 0.5319453742709999
v 1.5625016669798018 0.7099223256647555 0.7971104172159545
v 1.5625016669798013 0.7983106733130741 0.708722069567636
v 1.4375016669798018 0.533145630368119 0.7971104172159547
v 1.4375016669798018 0.7983106733130745 0.5319453742709992
v 1.5625016669798026 0.20168932668692485 0.28887741823812374
v 1.5625016669798022 0.2900776743352433 0.20048907058980536
v 1.4375016669798022 0.20168932668692485 0.4656541135347605
v 1.4375016669798022 0.4668543696318802 0.2004890705898052
v 1.6875016669798026 0.20168932668692507 0.28887741823812385
v 1.6875016669798022 0.2900776743352435 0.20048907058980542
v 1.8125016669798022 0.20168932668692519 0.46565411353476127
v 1.8125016669798022 0.46685436963188054 0.20048907058980592
vt 0.24999999999999997 1
vt 0.03125 1
vt 0.03125 0.65625
vt 0.24999999999999997 0.65625
vt 0.24999999999999997 0.65625
vt 0.24999999999999997 1
vt 0.03125 1
vt 0.03125 0.65625
vt 0.6875 0.0625
vt 0.9375 0.0625
vt 0.9375 0.3125
vt 0.6875 0.3125
vt 0.9375 0.0625
vt 0.9375 0.3125
vt 0.6875 0.3125
vt 0.6875 0.0625
vt 0.24999999999999997 0.65625
vt 0.24999999999999997 1
vt 0.03125 1
vt 0.03125 0.65625
vt 0.25 1
vt 0.03125 1
vt 0.03125 0.65625
vt 0.25 0.65625
vt 0.20833333333333331 0.5312500000000032
vt 0.13541666666666666 0.5312500000000032
vt 0.0625 0.4169727903482443
vt 0.28125 0.4169727903482443
vt 0.28125 0.4169687500000031
vt 0.20833333333333331 0.5312500000000031
vt 0.13541666666666666 0.5312500000000031
vt 0.0625 0.4169687500000031
vt 0.03125 0.625
vt 0.09375 0.625
vt 0.09375 0.6875
vt 0.03125 0.6875
vt 0.9375 0.0625
vt 0.9375 0.3125
vt 0.6875 0.3125
vt 0.6875 0.0625
vt 0.28125 0.4169727903482443
vt 0.20833333333333331 0.5312500000000031
vt 0.13541666666666666 0.5312500000000031
vt 0.0625 0.4169727903482443
vt 0.20833333333333331 0.5312500000000031
vt 0.13541666666666666 0.5312500000000031
vt 0.0625 0.4169727903482443
vt 0.28125 0.4169727903482443
vt 0.20833333333333331 0.5312500000000032
vt 0.13541666666666666 0.5312500000000032
vt 0.0625 0.4169727903482443
vt 0.28125 0.4169727903482443
vt 0.28125 0.4169687500000031
vt 0.20833333333333331 0.5312500000000031
vt 0.13541666666666666 0.5312500000000031
vt 0.0625 0.4169687500000031
vt 0.03125 0.625
vt 0.09375 0.625
vt 0.09375 0.6875
vt 0.03125 0.6875
vt 0.9375 0.0625
vt 0.9375 0.3125
vt 0.6875 0.3125
vt 0.6875 0.0625
vt 0.28125 0.4169727903482443
vt 0.20833333333333331 0.5312500000000031
vt 0.13541666666666666 0.5312500000000031
vt 0.0625 0.4169727903482443
vt 0.20833333333333331 0.5312500000000031
vt 0.13541666666666666 0.5312500000000031
vt 0.0625 0.4169727903482443
vt 0.28125 0.4169727903482443
vn 1 -1.6523779027760706e-16 1.6549932812517798e-15
vn -1 1.6523779027760706e-16 -1.6549932812517798e-15
vn -1.053416209977732e-15 0.7071067811865475 0.7071067811865476
vn 1.053416209977732e-15 -0.7071067811865475 -0.7071067811865476
vn -1.287097734004885e-15 -0.7071067811865476 0.7071067811865475
vn 1.287097734004885e-15 0.7071067811865476 -0.7071067811865475
vn 0.7071067811865466 0.5000000000000018 0.49999999999999956
vn -0.7071067811865457 0.5000000000000002 0.5000000000000026
vn -1.053416209977732e-15 0.7071067811865475 0.7071067811865476
vn 1.053416209977732e-15 -0.7071067811865475 -0.7071067811865476
vn -1.6549932812517794e-15 1.5543122344752192e-15 1
vn 1.4213117572246166e-15 1 3.7192471324942744e-15
vn -0.7071067811865457 -0.5000000000000024 -0.5000000000000003
vn 0.7071067811865503 -0.49999999999999684 -0.49999999999999917
vn 1.9415946296778572e-15 -0.7071067811865475 -0.7071067811865476
vn -1.9415946296778572e-15 0.7071067811865475 0.7071067811865476
vn 1.718873160142921e-15 -1 9.43689570931383e-16
vn 1.0269562977782698e-15 0 -1
usemtl m_34518951-18c4-980b-d1be-439301ab62d6
f 318/1049/275 317/1050/275 319/1051/275 320/1052/275
f 323/1053/276 321/1054/276 322/1055/276 324/1056/276
f 321/1057/277 317/1058/277 318/1059/277 322/1060/277
f 320/1061/278 319/1062/278 323/1063/278 324/1064/278
f 319/1065/279 317/1066/279 321/1067/279 323/1068/279
f 322/1069/280 318/1070/280 320/1071/280 324/1072/280
f 326/1073/281 325/1074/281 327/1075/281 328/1076/281
f 331/1077/282 329/1078/282 330/1079/282 332/1080/282
f 329/1081/283 325/1082/283 326/1083/283 330/1084/283
f 328/1085/284 327/1086/284 331/1087/284 332/1088/284
f 327/1089/285 325/1090/285 329/1091/285 331/1092/285
f 330/1093/286 326/1094/286 328/1095/286 332/1096/286
f 334/1097/287 333/1098/287 335/1099/287 336/1100/287
f 339/1101/288 337/1102/288 338/1103/288 340/1104/288
f 337/1105/289 333/1106/289 334/1107/289 338/1108/289
f 336/1109/290 335/1110/290 339/1111/290 340/1112/290
f 335/1113/291 333/1114/291 337/1115/291 339/1116/291
f 338/1117/292 334/1118/292 336/1119/292 340/1120/292
o cuboid
v 1.810313019948906 0.8749997818384466 0.39697407453170225
v 1.810313019948906 0.6249997818384466 0.39697407453170225
v 1.7146421618576335 0.8749997818384466 0.16600419140388056
v 1.492729430648151 0.8749997818384466 0.5285215044072018
v 1.492729430648151 0.6249997818384466 0.5285215044072018
v 1.4836722787298118 0.8749997818384466 0.26167504949515297
vt 0.90625 0.25
vt 0.84375 0.25
vt 0.90625 0.1875
vt 0.84375 0.90625
vt 0.78125 0.90625
vt 0.84375 0.84375
vt 0.84375 0.1875
vt 0.90625 0.1875
vt 0.90625 0.25
vt 0.84375 0.25
vt 0.9375 0.375
vt 0.9375 0.4375
vt 0.875 0.4375
vt 0.875 0.375
vt 0.90625 0.1875
vt 0.90625 0.25
vt 0.84375 0.25
vt 0.84375 0.1875
vn 0.9238795325112868 0 -0.3826834323650895
vn -0.9994244866600553 0 0.03392190242726584
vn 0 1 0
vn -0.27059805007309834 -0.7071067811865476 -0.6532814824381884
vn 0.3826834323650895 0 0.9238795325112868
usemtl m_34518951-18c4-980b-d1be-439301ab62d6
f 341/1121/293 342/1122/293 343/1123/293
f 344/1124/294 346/1125/294 345/1126/294
f 344/1127/295 341/1128/295 343/1129/295 346/1130/295
f 343/1131/296 342/1132/296 345/1133/296 346/1134/296
f 342/1135/297 341/1136/297 344/1137/297 345/1138/297
o cuboid
v 1.826292022835657 0.5331456303681189 0.2722217173482592
v 1.7248177540582454 0.7983106733130743 0.027241161433938343
v 1.6994491868638923 0.20168932668692496 -0.03400397754464157
v 1.5979749180864808 0.4668543696318803 -0.27898453345896235
v 1.479837198143924 0.533145630368119 0.4157280044851672
v 1.3783629293665125 0.7983106733130744 0.17074744857084645
v 1.3529943621721596 0.20168932668692507 0.10950230959226659
v 1.2515200933947481 0.46685436963188043 -0.13547824632205419
v 1.710807081271746 0.7099223256647553 0.3200571463938948
v 1.6769823250126084 0.7983106733130738 0.2383969610891214
v 1.8262920228356572 0.5331456303681189 0.27222171734825906
v 1.7248177540582452 0.7983106733130743 0.027241161433938343
v 1.595322139707835 0.7099223256647554 0.3678925754395308
v 1.5614973834486976 0.798310673313074 0.2862323901347573
v 1.4798371981439242 0.5331456303681189 0.41572800448516734
v 1.3783629293665123 0.7983106733130744 0.17074744857084656
v 1.400829791217796 0.20168932668692474 -0.1016534900629169
v 1.3670050349586587 0.2900776743352431 -0.18331367536769028
v 1.3529943621721596 0.20168932668692474 0.10950230959226648
v 1.2515200933947477 0.4668543696318801 -0.13547824632205419
v 1.516314732781707 0.2016893266869249 -0.149488919108553
v 1.4824899765225696 0.29007767433524334 -0.23114910441332648
v 1.6994491868638926 0.20168932668692502 -0.03400397754464157
v 1.5979749180864806 0.4668543696318804 -0.27898453345896224
vt 0.24999999999999997 1
vt 0.03125 1
vt 0.03125 0.65625
vt 0.24999999999999997 0.65625
vt 0.24999999999999997 0.65625
vt 0.24999999999999997 1
vt 0.03125 1
vt 0.03125 0.65625
vt 0.6875 0.0625
vt 0.9375 0.0625
vt 0.9375 0.3125
vt 0.6875 0.3125
vt 0.9375 0.0625
vt 0.9375 0.3125
vt 0.6875 0.3125
vt 0.6875 0.0625
vt 0.24999999999999997 0.65625
vt 0.24999999999999997 1
vt 0.03125 1
vt 0.03125 0.65625
vt 0.25 1
vt 0.03125 1
vt 0.03125 0.65625
vt 0.25 0.65625
vt 0.20833333333333331 0.5312500000000032
vt 0.13541666666666666 0.5312500000000032
vt 0.0625 0.4169727903482443
vt 0.28125 0.4169727903482443
vt 0.28125 0.4169687500000031
vt 0.20833333333333331 0.5312500000000031
vt 0.13541666666666666 0.5312500000000031
vt 0.0625 0.4169687500000031
vt 0.03125 0.625
vt 0.09375 0.625
vt 0.09375 0.6875
vt 0.03125 0.6875
vt 0.9375 0.0625
vt 0.9375 0.3125
vt 0.6875 0.3125
vt 0.6875 0.0625
vt 0.28125 0.4169727903482443
vt 0.20833333333333331 0.5312500000000031
vt 0.13541666666666666 0.5312500000000031
vt 0.0625 0.4169727903482443
vt 0.20833333333333331 0.5312500000000031
vt 0.13541666666666666 0.5312500000000031
vt 0.0625 0.4169727903482443
vt 0.28125 0.4169727903482443
vt 0.20833333333333331 0.5312500000000032
vt 0.13541666666666666 0.5312500000000032
vt 0.0625 0.4169727903482443
vt 0.28125 0.4169727903482443
vt 0.28125 0.4169687500000031
vt 0.20833333333333331 0.5312500000000031
vt 0.13541666666666666 0.5312500000000031
vt 0.0625 0.4169687500000031
vt 0.03125 0.625
vt 0.09375 0.625
vt 0.09375 0.6875
vt 0.03125 0.6875
vt 0.9375 0.0625
vt 0.9375 0.3125
vt 0.6875 0.3125
vt 0.6875 0.0625
vt 0.28125 0.4169727903482443
vt 0.20833333333333331 0.5312500000000031
vt 0.13541666666666666 0.5312500000000031
vt 0.0625 0.4169727903482443
vt 0.20833333333333331 0.5312500000000031
vt 0.13541666666666666 0.5312500000000031
vt 0.0625 0.4169727903482443
vt 0.28125 0.4169727903482443
vn 0.9238795325112874 -3.6082248300317597e-16 -0.3826834323650885
vn -0.9238795325112874 3.6082248300317597e-16 0.3826834323650885
vn 0.2705980500730978 0.7071067811865476 0.6532814824381886
vn -0.2705980500730978 -0.7071067811865476 -0.6532814824381886
vn 0.27059805007309734 -0.7071067811865476 0.6532814824381888
vn -0.27059805007309734 0.7071067811865476 -0.6532814824381888
vn 0.8446231986207322 0.5000000000000017 0.1913417161825446
vn -0.46193976625564037 0.5000000000000003 0.7325378163287436
vn 0.2705980500730978 0.7071067811865476 0.6532814824381886
vn -0.2705980500730978 -0.7071067811865476 -0.6532814824381886
vn 0.38268343236508845 1.6653345369377348e-15 0.9238795325112874
vn 2.8588242884097773e-15 1 2.664535259100375e-15
vn -0.8446231986207318 -0.5000000000000024 -0.19134171618254556
vn 0.46193976625564614 -0.49999999999999706 -0.7325378163287423
vn -0.27059805007309695 -0.7071067811865476 -0.653281482438189
vn 0.27059805007309695 0.7071067811865476 0.653281482438189
vn 1.8041124150158794e-15 -1 3.885780586188048e-16
vn -0.38268343236508906 -1.1102230246251565e-16 -0.9238795325112872
usemtl m_34518951-18c4-980b-d1be-439301ab62d6
f 348/1139/298 347/1140/298 349/1141/298 350/1142/298
f 353/1143/299 351/1144/299 352/1145/299 354/1146/299
f 351/1147/300 347/1148/300 348/1149/300 352/1150/300
f 350/1151/301 349/1152/301 353/1153/301 354/1154/301
f 349/1155/302 347/1156/302 351/1157/302 353/1158/302
f 352/1159/303 348/1160/303 350/1161/303 354/1162/303
f 356/1163/304 355/1164/304 357/1165/304 358/1166/304
f 361/1167/305 359/1168/305 360/1169/305 362/1170/305
f 359/1171/306 355/1172/306 356/1173/306 360/1174/306
f 358/1175/307 357/1176/307 361/1177/307 362/1178/307
f 357/1179/308 355/1180/308 359/1181/308 361/1182/308
f 360/1183/309 356/1184/309 358/1185/309 362/1186/309
f 364/1187/310 363/1188/310 365/1189/310 366/1190/310
f 369/1191/311 367/1192/311 368/1193/311 370/1194/311
f 367/1195/312 363/1196/312 364/1197/312 368/1198/312
f 366/1199/313 365/1200/313 369/1201/313 370/1202/313
f 365/1203/314 363/1204/314 367/1205/314 369/1206/314
f 368/1207/315 364/1208/315 366/1209/315 370/1210/315
o cuboid
v 1.499382731152271 0.12499978183845017 -0.3536780456337174
v 1.499382731152271 0.3749997818384502 -0.3536780456337174
v 1.5950535892435433 0.12499978183845012 -0.12270816250589578
v 1.184686265390614 0.12499978183845012 -0.22332650148435884
v 1.2684128480244494 0.37499978183845006 -0.258007187542445
v 1.3640837061157218 0.12499978183845006 -0.027037304414623375
vt 0.90625 0.25
vt 0.84375 0.25
vt 0.90625 0.1875
vt 0.84375 0.90625
vt 0.78125 0.90625
vt 0.84375 0.84375
vt 0.84375 0.1875
vt 0.90625 0.1875
vt 0.90625 0.25
vt 0.84375 0.25
vt 0.9375 0.375
vt 0.9375 0.4375
vt 0.875 0.4375
vt 0.875 0.375
vt 0.90625 0.1875
vt 0.90625 0.25
vt 0.84375 0.25
vt 0.84375 0.1875
vn 0.923879532511287 2.8633382247586866e-16 -0.3826834323650895
vn -0.6986939034686607 0.3225808447285662 0.6385674810620492
vn 2.2124015523940064e-16 -1 -2.1410535275642396e-16
vn 0.2705980500730981 0.7071067811865475 0.6532814824381885
vn -0.3826834323650894 1.1314261122877008e-16 -0.9238795325112868
usemtl m_34518951-18c4-980b-d1be-439301ab62d6
f 371/1211/316 372/1212/316 373/1213/316
f 374/1214/317 376/1215/317 375/1216/317
f 374/1217/318 371/1218/318 373/1219/318 376/1220/318
f 373/1221/319 372/1222/319 375/1223/319 376/1224/319
f 372/1225/320 371/1226/320 374/1227/320 375/1228/320
o cuboid
v 1.0966201678934273 0.8749997818384466 1.6711460945872993
v 1.0966201678934273 0.6249997818384466 1.6711460945872993
v 1.2733968631900643 0.8749997818384466 1.4943693992906626
v 0.9198434725967903 0.8749997818384466 1.4943693992906621
v 0.9198434725967903 0.6249997818384466 1.4943693992906621
v 1.0966201678934273 0.8749997818384466 1.3175927039940256
vt 0.90625 0.25
vt 0.84375 0.25
vt 0.90625 0.1875
vt 0.84375 0.90625
vt 0.78125 0.90625
vt 0.84375 0.84375
vt 0.84375 0.1875
vt 0.90625 0.1875
vt 0.90625 0.25
vt 0.84375 0.25
vt 0.9375 0.375
vt 0.9375 0.4375
vt 0.875 0.4375
vt 0.875 0.375
vt 0.90625 0.1875
vt 0.90625 0.25
vt 0.84375 0.25
vt 0.84375 0.1875
vn 0.7071067811865472 0 0.7071067811865479
vn -0.7071067811865472 0 -0.7071067811865479
vn 0 1 0
vn 0.5000000000000002 -0.7071067811865476 -0.4999999999999998
vn -0.7071067811865479 0 0.7071067811865472
usemtl m_34518951-18c4-980b-d1be-439301ab62d6
f 377/1229/321 378/1230/321 379/1231/321
f 380/1232/322 382/1233/322 381/1234/322
f 380/1235/323 377/1236/323 379/1237/323 382/1238/323
f 379/1239/324 378/1240/324 381/1241/324 382/1242/324
f 378/1243/325 377/1244/325 380/1245/325 381/1246/325
o cuboid
v 1.671144427607497 0.12499978183845023 1.0966218348732304
v 1.6711444276074967 0.3749997818384502 1.0966218348732304
v 1.49436773231086 0.12499978183845017 1.2733985301698674
v 1.49436773231086 0.12499978183845012 0.9198451395765934
v 1.49436773231086 0.3749997818384501 0.9198451395765934
v 1.317591037014223 0.12499978183845006 1.0966218348732304
vt 0.90625 0.25
vt 0.84375 0.25
vt 0.90625 0.1875
vt 0.84375 0.90625
vt 0.78125 0.90625
vt 0.84375 0.84375
vt 0.84375 0.1875
vt 0.90625 0.1875
vt 0.90625 0.25
vt 0.84375 0.25
vt 0.9375 0.375
vt 0.9375 0.4375
vt 0.875 0.4375
vt 0.875 0.375
vt 0.90625 0.1875
vt 0.90625 0.25
vt 0.84375 0.25
vt 0.84375 0.1875
vn 0.7071067811865471 3.01191279517046e-16 0.707106781186548
vn -0.7071067811865471 -3.01191279517046e-16 -0.707106781186548
vn 2.7420673613812357e-16 -1 1.517420562233886e-16
vn -0.5000000000000004 0.7071067811865475 0.49999999999999967
vn 0.7071067811865479 8.659560562354925e-17 -0.7071067811865472
usemtl m_34518951-18c4-980b-d1be-439301ab62d6
f 383/1247/326 384/1248/326 385/1249/326
f 386/1250/327 388/1251/327 387/1252/327
f 386/1253/328 383/1254/328 385/1255/328 388/1256/328
f 385/1257/329 384/1258/329 387/1259/329 388/1260/329
f 384/1261/330 383/1262/330 386/1263/330 387/1264/330
o cuboid
v 1.2179912169982212 0.5331456303681193 1.6381681080617114
v 1.4054912169982217 0.7983106733130747 1.4506681080617119
v 1.4523662169982212 0.2016893266869253 1.403793108061712
v 1.6398662169982217 0.4668543696318806 1.2162931080617123
v 0.9528261740532664 0.5331456303681193 1.3730030651167557
v 1.1403261740532669 0.7983106733130747 1.185503065116756
v 1.1872011740532664 0.2016893266869253 1.1386280651167562
v 1.3747011740532669 0.4668543696318806 0.9511280651167565
v 1.1296028693499034 0.7099223256647558 1.549779760413393
v 1.192102869349903 0.7983106733130743 1.4872797604133927
v 1.2179912169982212 0.5331456303681193 1.6381681080617114
v 1.4054912169982214 0.7983106733130747 1.4506681080617114
v 1.041214521701585 0.7099223256647558 1.4613914127650742
v 1.103714521701585 0.7983106733130744 1.398891412765074
v 0.9528261740532664 0.5331456303681192 1.3730030651167562
v 1.1403261740532664 0.7983106733130747 1.1855030651167557
v 1.4005895217015851 0.20168932668692502 1.1020164127650751
v 1.4630895217015851 0.2900776743352434 1.039516412765075
v 1.1872011740532666 0.20168932668692496 1.1386280651167566
v 1.3747011740532669 0.46685436963188026 0.9511280651167564
v 1.4889778693499036 0.20168932668692519 1.1904047604133936
v 1.5514778693499034 0.29007767433524356 1.1279047604133936
v 1.4523662169982214 0.2016893266869254 1.4037931080617123
v 1.6398662169982217 0.46685436963188065 1.2162931080617123
vt 0.24999999999999997 1
vt 0.03125 1
vt 0.03125 0.65625
vt 0.24999999999999997 0.65625
vt 0.24999999999999997 0.65625
vt 0.24999999999999997 1
vt 0.03125 1
vt 0.03125 0.65625
vt 0.6875 0.0625
vt 0.9375 0.0625
vt 0.9375 0.3125
vt 0.6875 0.3125
vt 0.9375 0.0625
vt 0.9375 0.3125
vt 0.6875 0.3125
vt 0.6875 0.0625
vt 0.24999999999999997 0.65625
vt 0.24999999999999997 1
vt 0.03125 1
vt 0.03125 0.65625
vt 0.25 1
vt 0.03125 1
vt 0.03125 0.65625
vt 0.25 0.65625
vt 0.20833333333333331 0.5312500000000032
vt 0.13541666666666666 0.5312500000000032
vt 0.0625 0.4169727903482443
vt 0.28125 0.4169727903482443
vt 0.28125 0.4169687500000031
vt 0.20833333333333331 0.5312500000000031
vt 0.13541666666666666 0.5312500000000031
vt 0.0625 0.4169687500000031
vt 0.03125 0.625
vt 0.09375 0.625
vt 0.09375 0.6875
vt 0.03125 0.6875
vt 0.9375 0.0625
vt 0.9375 0.3125
vt 0.6875 0.3125
vt 0.6875 0.0625
vt 0.28125 0.4169727903482443
vt 0.20833333333333331 0.5312500000000031
vt 0.13541666666666666 0.5312500000000031
vt 0.0625 0.4169727903482443
vt 0.20833333333333331 0.5312500000000031
vt 0.13541666666666666 0.5312500000000031
vt 0.0625 0.4169727903482443
vt 0.28125 0.4169727903482443
vt 0.20833333333333331 0.5312500000000032
vt 0.13541666666666666 0.5312500000000032
vt 0.0625 0.4169727903482443
vt 0.28125 0.4169727903482443
vt 0.28125 0.4169687500000031
vt 0.20833333333333331 0.5312500000000031
vt 0.13541666666666666 0.5312500000000031
vt 0.0625 0.4169687500000031
vt 0.03125 0.625
vt 0.09375 0.625
vt 0.09375 0.6875
vt 0.03125 0.6875
vt 0.9375 0.0625
vt 0.9375 0.3125
vt 0.6875 0.3125
vt 0.6875 0.0625
vt 0.28125 0.4169727903482443
vt 0.20833333333333331 0.5312500000000031
vt 0.13541666666666666 0.5312500000000031
vt 0.0625 0.4169727903482443
vt 0.20833333333333331 0.5312500000000031
vt 0.13541666666666666 0.5312500000000031
vt 0.0625 0.4169727903482443
vt 0.28125 0.4169727903482443
vn 0.7071067811865464 0 0.7071067811865487
vn -0.7071067811865464 0 -0.7071067811865487
vn -0.5000000000000007 0.7071067811865478 0.49999999999999906
vn 0.5000000000000007 -0.7071067811865478 -0.49999999999999906
vn -0.500000000000001 -0.7071067811865474 0.4999999999999994
vn 0.500000000000001 0.7071067811865474 -0.4999999999999994
vn 0.14644660940672602 0.5000000000000021 0.8535533905932726
vn -0.8535533905932741 0.5000000000000003 -0.14644660940672324
vn -0.5000000000000007 0.7071067811865478 0.49999999999999906
vn 0.5000000000000007 -0.7071067811865478 -0.49999999999999906
vn -0.7071067811865487 2.05391259555654e-15 0.7071067811865465
vn -1.4988010832439613e-15 1 3.2751579226442118e-15
vn -0.1464466094067249 -0.5000000000000028 -0.8535533905932725
vn 0.8535533905932753 -0.49999999999999706 0.14644660940672893
vn 0.5000000000000013 -0.7071067811865478 -0.49999999999999845
vn -0.5000000000000013 0.7071067811865478 0.49999999999999845
vn 4.440892098500626e-16 -1 2.220446049250313e-15
vn 0.7071067811865482 -4.440892098500627e-16 -0.7071067811865469
usemtl m_34518951-18c4-980b-d1be-439301ab62d6
f 390/1265/331 389/1266/331 391/1267/331 392/1268/331
f 395/1269/332 393/1270/332 394/1271/332 396/1272/332
f 393/1273/333 389/1274/333 390/1275/333 394/1276/333
f 392/1277/334 391/1278/334 395/1279/334 396/1280/334
f 391/1281/335 389/1282/335 393/1283/335 395/1284/335
f 394/1285/336 390/1286/336 392/1287/336 396/1288/336
f 398/1289/337 397/1290/337 399/1291/337 400/1292/337
f 403/1293/338 401/1294/338 402/1295/338 404/1296/338
f 401/1297/339 397/1298/339 398/1299/339 402/1300/339
f 400/1301/340 399/1302/340 403/1303/340 404/1304/340
f 399/1305/341 397/1306/341 401/1307/341 403/1308/341
f 402/1309/342 398/1310/342 400/1311/342 404/1312/342
f 406/1313/343 405/1314/343 407/1315/343 408/1316/343
f 411/1317/344 409/1318/344 410/1319/344 412/1320/344
f 409/1321/345 405/1322/345 406/1323/345 410/1324/345
f 408/1325/346 407/1326/346 411/1327/346 412/1328/346
f 407/1329/347 405/1330/347 409/1331/347 411/1332/347
f 410/1333/348 406/1334/348 408/1335/348 412/1336/348
o cuboid
v 1.4993827311522705 0.8749997818384466 1.353681379593322
v 1.4993827311522705 0.6249997818384466 1.353681379593322
v 1.5950535892435431 0.8749997818384466 1.1227114964655005
v 1.1817991418515157 0.8749997818384466 1.2221339497178225
v 1.1817991418515157 0.6249997818384466 1.2221339497178225
v 1.3640837061157214 0.8749997818384466 1.0270406383742279
vt 0.90625 0.25
vt 0.84375 0.25
vt 0.90625 0.1875
vt 0.84375 0.90625
vt 0.78125 0.90625
vt 0.84375 0.84375
vt 0.84375 0.1875
vt 0.90625 0.1875
vt 0.90625 0.25
vt 0.84375 0.25
vt 0.9375 0.375
vt 0.9375 0.4375
vt 0.875 0.4375
vt 0.875 0.375
vt 0.90625 0.1875
vt 0.90625 0.25
vt 0.84375 0.25
vt 0.84375 0.1875
vn 0.9238795325112866 0 0.3826834323650901
vn -0.7306862390382775 0 -0.6827134245641413
vn 0 1 0
vn 0.27059805007309873 -0.7071067811865476 -0.6532814824381882
vn -0.3826834323650901 0 0.9238795325112866
usemtl m_34518951-18c4-980b-d1be-439301ab62d6
f 413/1337/349 414/1338/349 415/1339/349
f 416/1340/350 418/1341/350 417/1342/350
f 416/1343/351 413/1344/351 415/1345/351 418/1346/351
f 415/1347/352 414/1348/352 417/1349/352 418/1350/352
f 414/1351/353 413/1352/353 416/1353/353 417/1354/353
o cuboid
v 1.5988948301835104 0.5331456303681187 1.2767670031577238
v 1.7003690989609228 0.798310673313074 1.0317864472434035
v 1.7257376661552755 0.20168932668692474 0.9705413082648234
v 1.8272119349326879 0.4668543696318801 0.725560752350503
v 1.2524400054917781 0.5331456303681189 1.1332607160208148
v 1.3539142742691905 0.7983106733130743 0.8882801601064945
v 1.3792828414635432 0.2016893266869249 0.8270350211279144
v 1.4807571102409556 0.4668543696318803 0.5820544652135939
v 1.4834098886196 0.7099223256647552 1.2289315741120874
v 1.517234644878737 0.7983106733130736 1.1472713888073138
v 1.5988948301835106 0.5331456303681187 1.276767003157724
v 1.7003690989609226 0.798310673313074 1.0317864472434035
v 1.3679249470556893 0.7099223256647553 1.181096145066451
v 1.4017497033148265 0.7983106733130738 1.0994359597616774
v 1.2524400054917784 0.5331456303681188 1.133260716020815
v 1.3539142742691903 0.7983106733130743 0.8882801601064942
v 1.5624172955457292 0.20168932668692457 0.7115500795640037
v 1.5962420518048663 0.290077674335243 0.6298898942592301
v 1.3792828414635436 0.20168932668692463 0.8270350211279145
v 1.4807571102409556 0.46685436963188 0.5820544652135938
v 1.6779022371096401 0.2016893266869248 0.7593855086096402
v 1.711726993368777 0.29007767433524323 0.6777253233048666
v 1.7257376661552757 0.20168932668692485 0.9705413082648237
v 1.8272119349326876 0.4668543696318802 0.7255607523505032
vt 0.24999999999999997 1
vt 0.03125 1
vt 0.03125 0.65625
vt 0.24999999999999997 0.65625
vt 0.24999999999999997 0.65625
vt 0.24999999999999997 1
vt 0.03125 1
vt 0.03125 0.65625
vt 0.6875 0.0625
vt 0.9375 0.0625
vt 0.9375 0.3125
vt 0.6875 0.3125
vt 0.9375 0.0625
vt 0.9375 0.3125
vt 0.6875 0.3125
vt 0.6875 0.0625
vt 0.24999999999999997 0.65625
vt 0.24999999999999997 1
vt 0.03125 1
vt 0.03125 0.65625
vt 0.25 1
vt 0.03125 1
vt 0.03125 0.65625
vt 0.25 0.65625
vt 0.20833333333333331 0.5312500000000032
vt 0.13541666666666666 0.5312500000000032
vt 0.0625 0.4169727903482443
vt 0.28125 0.4169727903482443
vt 0.28125 0.4169687500000031
vt 0.20833333333333331 0.5312500000000031
vt 0.13541666666666666 0.5312500000000031
vt 0.0625 0.4169687500000031
vt 0.03125 0.625
vt 0.09375 0.625
vt 0.09375 0.6875
vt 0.03125 0.6875
vt 0.9375 0.0625
vt 0.9375 0.3125
vt 0.6875 0.3125
vt 0.6875 0.0625
vt 0.28125 0.4169727903482443
vt 0.20833333333333331 0.5312500000000031
vt 0.13541666666666666 0.5312500000000031
vt 0.0625 0.4169727903482443
vt 0.20833333333333331 0.5312500000000031
vt 0.13541666666666666 0.5312500000000031
vt 0.0625 0.4169727903482443
vt 0.28125 0.4169727903482443
vt 0.20833333333333331 0.5312500000000032
vt 0.13541666666666666 0.5312500000000032
vt 0.0625 0.4169727903482443
vt 0.28125 0.4169727903482443
vt 0.28125 0.4169687500000031
vt 0.20833333333333331 0.5312500000000031
vt 0.13541666666666666 0.5312500000000031
vt 0.0625 0.4169687500000031
vt 0.03125 0.625
vt 0.09375 0.625
vt 0.09375 0.6875
vt 0.03125 0.6875
vt 0.9375 0.0625
vt 0.9375 0.3125
vt 0.6875 0.3125
vt 0.6875 0.0625
vt 0.28125 0.4169727903482443
vt 0.20833333333333331 0.5312500000000031
vt 0.13541666666666666 0.5312500000000031
vt 0.0625 0.4169727903482443
vt 0.20833333333333331 0.5312500000000031
vt 0.13541666666666666 0.5312500000000031
vt 0.0625 0.4169727903482443
vt 0.28125 0.4169727903482443
vn 0.9238795325112863 -3.053113317719181e-16 0.38268343236509117
vn -0.9238795325112863 3.053113317719181e-16 -0.38268343236509117
vn -0.27059805007309917 0.7071067811865475 0.6532814824381882
vn 0.27059805007309917 -0.7071067811865475 -0.6532814824381882
vn -0.2705980500730997 -0.7071067811865476 0.6532814824381878
vn 0.2705980500730997 0.7071067811865476 -0.6532814824381878
vn 0.461939766255643 0.5000000000000017 0.7325378163287412
vn -0.8446231986207323 0.5000000000000003 0.19134171618254822
vn -0.27059805007309917 0.7071067811865475 0.6532814824381882
vn 0.27059805007309917 -0.7071067811865475 -0.6532814824381882
vn -0.382683432365091 1.5543122344752188e-15 0.9238795325112862
vn 1.6653345369377348e-16 1 4.107825191113079e-15
vn -0.4619397662556418 -0.5000000000000022 -0.7325378163287414
vn 0.8446231986207353 -0.49999999999999695 -0.19134171618254334
vn 0.2705980500731 -0.7071067811865475 -0.6532814824381878
vn -0.2705980500731 0.7071067811865475 0.6532814824381878
vn 9.71445146547012e-16 -1 1.4432899320127035e-15
vn 0.38268343236509045 0 -0.9238795325112864
usemtl m_34518951-18c4-980b-d1be-439301ab62d6
f 420/1355/354 419/1356/354 421/1357/354 422/1358/354
f 425/1359/355 423/1360/355 424/1361/355 426/1362/355
f 423/1363/356 419/1364/356 420/1365/356 424/1366/356
f 422/1367/357 421/1368/357 425/1369/357 426/1370/357
f 421/1371/358 419/1372/358 423/1373/358 425/1374/358
f 424/1375/359 420/1376/359 422/1377/359 426/1378/359
f 428/1379/360 427/1380/360 429/1381/360 430/1382/360
f 433/1383/361 431/1384/361 432/1385/361 434/1386/361
f 431/1387/362 427/1388/362 428/1389/362 432/1390/362
f 430/1391/363 429/1392/363 433/1393/363 434/1394/363
f 429/1395/364 427/1396/364 431/1397/364 433/1398/364
f 432/1399/365 428/1400/365 430/1401/365 434/1402/365
f 436/1403/366 435/1404/366 437/1405/366 438/1406/366
f 441/1407/367 439/1408/367 440/1409/367 442/1410/367
f 439/1411/368 435/1412/368 436/1413/368 440/1414/368
f 438/1415/369 437/1416/369 441/1417/369 442/1418/369
f 437/1419/370 435/1420/370 439/1421/370 441/1422/370
f 440/1423/371 436/1424/371 438/1425/371 442/1426/371
o cuboid
v 1.8103130199489061 0.12499978183845017 0.6030292594279025
v 1.810313019948906 0.3749997818384501 0.6030292594279025
v 1.7146421618576335 0.12499978183845012 0.8339991425557242
v 1.495616554187249 0.12499978183845006 0.4726777152785437
v 1.5793431368210842 0.37499978183845006 0.5073584013366299
v 1.4836722787298118 0.12499978183845001 0.7383282844644516
vt 0.90625 0.25
vt 0.84375 0.25
vt 0.90625 0.1875
vt 0.84375 0.90625
vt 0.78125 0.90625
vt 0.84375 0.84375
vt 0.84375 0.1875
vt 0.90625 0.1875
vt 0.90625 0.25
vt 0.84375 0.25
vt 0.9375 0.375
vt 0.9375 0.4375
vt 0.875 0.4375
vt 0.875 0.375
vt 0.90625 0.1875
vt 0.90625 0.25
vt 0.84375 0.25
vt 0.84375 0.1875
vn 0.9238795325112867 2.9019514975496895e-16 0.3826834323650901
vn -0.9455865932205765 0.3225808447285662 -0.04251580101220171
vn 3.114031621044383e-16 -1 6.5227331947905306e-18
vn -0.270598050073099 0.7071067811865475 0.6532814824381882
vn 0.3826834323650901 1.1314261122877003e-16 -0.9238795325112866
usemtl m_34518951-18c4-980b-d1be-439301ab62d6
f 443/1427/372 444/1428/372 445/1429/372
f 446/1430/373 448/1431/373 447/1432/373
f 446/1433/374 443/1434/374 445/1435/374 448/1436/374
f 445/1437/375 444/1438/375 447/1439/375 448/1440/375
f 444/1441/376 443/1442/376 446/1443/376 447/1444/376
o cuboid
v 0.09375000000000072 0.8749997818384466 1.75
v 0.09375000000000072 0.6249997818384466 1.75
v 0.3437500000000007 0.8749997818384466 1.75
v 0.09375000000000067 0.8749997818384466 1.5
v 0.09375000000000067 0.6249997818384466 1.5
v 0.34375000000000067 0.8749997818384466 1.5
vt 0.90625 0.25
vt 0.84375 0.25
vt 0.90625 0.1875
vt 0.84375 0.90625
vt 0.78125 0.90625
vt 0.84375 0.84375
vt 0.84375 0.1875
vt 0.90625 0.1875
vt 0.90625 0.25
vt 0.84375 0.25
vt 0.9375 0.375
vt 0.9375 0.4375
vt 0.875 0.4375
vt 0.875 0.375
vt 0.90625 0.1875
vt 0.90625 0.25
vt 0.84375 0.25
vt 0.84375 0.1875
vn 2.220446049250313e-16 0 1
vn -2.220446049250313e-16 0 -1
vn 0 1 0
vn 0.7071067811865476 -0.7071067811865476 -1.5700924586837752e-16
vn -1 0 2.220446049250313e-16
usemtl m_34518951-18c4-980b-d1be-439301ab62d6
f 449/1445/377 450/1446/377 451/1447/377
f 452/1448/378 454/1449/378 453/1450/378
f 452/1451/379 449/1452/379 451/1453/379 454/1454/379
f 451/1455/380 450/1456/380 453/1457/380 454/1458/380
f 450/1459/381 449/1460/381 452/1461/381 453/1462/381
o cuboid
v 0.9062499999999998 0.12499978183845101 1.7500000000000004
v 0.9062499999999998 0.374999781838451 1.7500000000000002
v 0.6562499999999998 0.12499978183845101 1.7500000000000004
v 0.9062499999999998 0.12499978183845073 1.5000000000000002
v 0.9062499999999998 0.37499978183845073 1.5
v 0.6562499999999998 0.12499978183845073 1.5000000000000004
vt 0.90625 0.25
vt 0.84375 0.25
vt 0.90625 0.1875
vt 0.84375 0.90625
vt 0.78125 0.90625
vt 0.84375 0.84375
vt 0.84375 0.1875
vt 0.90625 0.1875
vt 0.90625 0.25
vt 0.84375 0.25
vt 0.9375 0.375
vt 0.9375 0.4375
vt 0.875 0.4375
vt 0.875 0.375
vt 0.90625 0.1875
vt 0.90625 0.25
vt 0.84375 0.25
vt 0.84375 0.1875
vn 2.220446049250313e-16 1.0106430996148606e-15 1
vn -2.220446049250313e-16 -1.0106430996148606e-15 -1
vn 2.7192621468937827e-32 -1 1.0106430996148606e-15
vn -0.7071067811865476 0.7071067811865476 -5.576233432286819e-16
vn 1 -2.2440784777419078e-31 -2.220446049250313e-16
usemtl m_34518951-18c4-980b-d1be-439301ab62d6
f 455/1463/382 456/1464/382 457/1465/382
f 458/1466/383 460/1467/383 459/1468/383
f 458/1469/384 455/1470/384 457/1471/384 460/1472/384
f 457/1473/385 456/1474/385 459/1475/385 460/1476/385
f 456/1477/386 455/1478/386 458/1479/386 459/1480/386
o cuboid
v 0.20289124976384543 0.533145630368119 1.812503333959603
v 0.4680562927088008 0.7983106733130744 1.812503333959604
v 0.5343475534450395 0.20168932668692496 1.812503333959604
v 0.7995125963899948 0.4668543696318804 1.8125033339596048
v 0.20289124976384643 0.533145630368119 1.437503333959603
v 0.4680562927088018 0.7983106733130745 1.437503333959604
v 0.5343475534450405 0.20168932668692507 1.437503333959604
v 0.7995125963899958 0.46685436963188043 1.4375033339596048
v 0.20289124976384604 0.7099223256647554 1.6875033339596033
v 0.29127959741216447 0.7983106733130738 1.6875033339596033
v 0.20289124976384543 0.533145630368119 1.8125033339596033
v 0.4680562927088008 0.7983106733130744 1.8125033339596037
v 0.20289124976384637 0.7099223256647555 1.5625033339596033
v 0.29127959741216497 0.798310673313074 1.5625033339596033
v 0.20289124976384632 0.5331456303681189 1.4375033339596033
v 0.4680562927088018 0.7983106733130745 1.4375033339596037
v 0.7111242487416771 0.2016893266869248 1.5625033339596046
v 0.7995125963899956 0.29007767433524323 1.5625033339596046
v 0.5343475534450405 0.20168932668692474 1.4375033339596042
v 0.7995125963899958 0.46685436963188015 1.4375033339596046
v 0.7111242487416769 0.20168932668692502 1.6875033339596046
v 0.7995125963899954 0.29007767433524345 1.6875033339596046
v 0.5343475534450394 0.20168932668692507 1.8125033339596042
v 0.7995125963899947 0.46685436963188043 1.8125033339596046
vt 0.24999999999999997 1
vt 0.03125 1
vt 0.03125 0.65625
vt 0.24999999999999997 0.65625
vt 0.24999999999999997 0.65625
vt 0.24999999999999997 1
vt 0.03125 1
vt 0.03125 0.65625
vt 0.6875 0.0625
vt 0.9375 0.0625
vt 0.9375 0.3125
vt 0.6875 0.3125
vt 0.9375 0.0625
vt 0.9375 0.3125
vt 0.6875 0.3125
vt 0.6875 0.0625
vt 0.24999999999999997 0.65625
vt 0.24999999999999997 1
vt 0.03125 1
vt 0.03125 0.65625
vt 0.25 1
vt 0.03125 1
vt 0.03125 0.65625
vt 0.25 0.65625
vt 0.20833333333333331 0.5312500000000032
vt 0.13541666666666666 0.5312500000000032
vt 0.0625 0.4169727903482443
vt 0.28125 0.4169727903482443
vt 0.28125 0.4169687500000031
vt 0.20833333333333331 0.5312500000000031
vt 0.13541666666666666 0.5312500000000031
vt 0.0625 0.4169687500000031
vt 0.03125 0.625
vt 0.09375 0.625
vt 0.09375 0.6875
vt 0.03125 0.6875
vt 0.9375 0.0625
vt 0.9375 0.3125
vt 0.6875 0.3125
vt 0.6875 0.0625
vt 0.28125 0.4169727903482443
vt 0.20833333333333331 0.5312500000000031
vt 0.13541666666666666 0.5312500000000031
vt 0.0625 0.4169727903482443
vt 0.20833333333333331 0.5312500000000031
vt 0.13541666666666666 0.5312500000000031
vt 0.0625 0.4169727903482443
vt 0.28125 0.4169727903482443
vt 0.20833333333333331 0.5312500000000032
vt 0.13541666666666666 0.5312500000000032
vt 0.0625 0.4169727903482443
vt 0.28125 0.4169727903482443
vt 0.28125 0.4169687500000031
vt 0.20833333333333331 0.5312500000000031
vt 0.13541666666666666 0.5312500000000031
vt 0.0625 0.4169687500000031
vt 0.03125 0.625
vt 0.09375 0.625
vt 0.09375 0.6875
vt 0.03125 0.6875
vt 0.9375 0.0625
vt 0.9375 0.3125
vt 0.6875 0.3125
vt 0.6875 0.0625
vt 0.28125 0.4169727903482443
vt 0.20833333333333331 0.5312500000000031
vt 0.13541666666666666 0.5312500000000031
vt 0.0625 0.4169727903482443
vt 0.20833333333333331 0.5312500000000031
vt 0.13541666666666666 0.5312500000000031
vt 0.0625 0.4169727903482443
vt 0.28125 0.4169727903482443
vn -2.7476618026966065e-15 -3.925231146709438e-16 1
vn 2.7476618026966065e-15 3.925231146709438e-16 -1
vn -0.7071067811865476 0.7071067811865476 -1.7271017045521527e-15
vn 0.7071067811865476 -0.7071067811865476 1.7271017045521527e-15
vn -0.7071067811865475 -0.7071067811865476 -2.0411201962889075e-15
vn 0.7071067811865475 0.7071067811865476 2.0411201962889075e-15
vn -0.5000000000000003 0.5000000000000018 0.7071067811865462
vn -0.5000000000000018 0.5000000000000003 -0.707106781186546
vn -0.7071067811865476 0.7071067811865476 -1.7271017045521527e-15
vn 0.7071067811865476 -0.7071067811865476 1.7271017045521527e-15
vn -1 1.6653345369377348e-15 -2.6645352591003757e-15
vn -3.719247132494274e-15 1 1.4781185718720368e-15
vn 0.500000000000001 -0.5000000000000024 -0.7071067811865452
vn 0.4999999999999984 -0.49999999999999706 0.7071067811865508
vn 0.7071067811865476 -0.7071067811865476 2.615280124252278e-15
vn -0.7071067811865476 0.7071067811865476 -2.615280124252278e-15
vn -9.43689570931383e-16 -1 1.6620663454954956e-15
vn 1 -1.1102230246251565e-16 2.036498275626866e-15
usemtl m_34518951-18c4-980b-d1be-439301ab62d6
f 462/1481/387 461/1482/387 463/1483/387 464/1484/387
f 467/1485/388 465/1486/388 466/1487/388 468/1488/388
f 465/1489/389 461/1490/389 462/1491/389 466/1492/389
f 464/1493/390 463/1494/390 467/1495/390 468/1496/390
f 463/1497/391 461/1498/391 465/1499/391 467/1500/391
f 466/1501/392 462/1502/392 464/1503/392 468/1504/392
f 470/1505/393 469/1506/393 471/1507/393 472/1508/393
f 475/1509/394 473/1510/394 474/1511/394 476/1512/394
f 473/1513/395 469/1514/395 470/1515/395 474/1516/395
f 472/1517/396 471/1518/396 475/1519/396 476/1520/396
f 471/1521/397 469/1522/397 473/1523/397 475/1524/397
f 474/1525/398 470/1526/398 472/1527/398 476/1528/398
f 478/1529/399 477/1530/399 479/1531/399 480/1532/399
f 483/1533/400 481/1534/400 482/1535/400 484/1536/400
f 481/1537/401 477/1538/401 478/1539/401 482/1540/401
f 480/1541/402 479/1542/402 483/1543/402 484/1544/402
f 479/1545/403 477/1546/403 481/1547/403 483/1548/403
f 482/1549/404 478/1550/404 480/1551/404 484/1552/404
o cuboid
v 0.6030275924480988 0.8749997818384466 1.810314686928708
v 0.6030275924480988 0.6249997818384466 1.810314686928708
v 0.8339974755759205 0.8749997818384466 1.7146438288374355
v 0.4714801625725995 0.8749997818384466 1.4927310976279529
v 0.4714801625725995 0.6249997818384466 1.4927310976279529
v 0.7383266174846483 0.8749997818384466 1.4836739457096138
vt 0.90625 0.25
vt 0.84375 0.25
vt 0.90625 0.1875
vt 0.84375 0.90625
vt 0.78125 0.90625
vt 0.84375 0.84375
vt 0.84375 0.1875
vt 0.90625 0.1875
vt 0.90625 0.25
vt 0.84375 0.25
vt 0.9375 0.375
vt 0.9375 0.4375
vt 0.875 0.4375
vt 0.875 0.375
vt 0.90625 0.1875
vt 0.90625 0.25
vt 0.84375 0.25
vt 0.84375 0.1875
vn 0.38268343236508884 0 0.9238795325112871
vn -0.03392190242726523 0 -0.9994244866600555
vn 0 1 0
vn 0.6532814824381886 -0.7071067811865475 -0.2705980500730979
vn -0.9238795325112871 0 0.38268343236508884
usemtl m_34518951-18c4-980b-d1be-439301ab62d6
f 485/1553/405 486/1554/405 487/1555/405
f 488/1556/406 490/1557/406 489/1558/406
f 488/1559/407 485/1560/407 487/1561/407 490/1562/407
f 487/1563/408 486/1564/408 489/1565/408 490/1566/408
f 486/1567/409 485/1568/409 488/1569/409 489/1570/409
o cuboid
v 0.7277799496315429 0.5331456303681191 1.8262936898154585
v 0.9727605055458639 0.7983106733130744 1.724819421038047
v 1.0340056445244437 0.20168932668692496 1.699450853843694
v 1.2789862004387644 0.4668543696318802 1.5979765850662826
v 0.5842736624946347 0.5331456303681192 1.479838865123726
v 0.8292542184089557 0.7983106733130745 1.3783645963463143
v 0.8904993573875353 0.20168932668692507 1.3529960291519614
v 1.1354799133018563 0.4668543696318803 1.2515217603745499
v 0.6799445205859074 0.7099223256647555 1.7108087482515477
v 0.7616047058906807 0.798310673313074 1.67698399199241
v 0.7277799496315431 0.5331456303681191 1.8262936898154587
v 0.9727605055458638 0.7983106733130744 1.7248194210380468
v 0.6321090915402713 0.7099223256647557 1.595323806687637
v 0.7137692768450448 0.7983106733130741 1.5614990504284993
v 0.5842736624946347 0.533145630368119 1.4798388651237262
v 0.8292542184089555 0.7983106733130745 1.378364596346314
v 1.1016551570427189 0.20168932668692474 1.4008314581975982
v 1.1833153423474922 0.2900776743352431 1.3670067019384606
v 0.8904993573875355 0.20168932668692474 1.3529960291519618
v 1.135479913301856 0.46685436963188 1.2515217603745497
v 1.1494905860883549 0.20168932668692496 1.516316399761509
v 1.2311507713931285 0.29007767433524334 1.4824916435023714
v 1.0340056445244437 0.20168932668692507 1.6994508538436943
v 1.2789862004387644 0.4668543696318803 1.5979765850662824
vt 0.24999999999999997 1
vt 0.03125 1
vt 0.03125 0.65625
vt 0.24999999999999997 0.65625
vt 0.24999999999999997 0.65625
vt 0.24999999999999997 1
vt 0.03125 1
vt 0.03125 0.65625
vt 0.6875 0.0625
vt 0.9375 0.0625
vt 0.9375 0.3125
vt 0.6875 0.3125
vt 0.9375 0.0625
vt 0.9375 0.3125
vt 0.6875 0.3125
vt 0.6875 0.0625
vt 0.24999999999999997 0.65625
vt 0.24999999999999997 1
vt 0.03125 1
vt 0.03125 0.65625
vt 0.25 1
vt 0.03125 1
vt 0.03125 0.65625
vt 0.25 0.65625
vt 0.20833333333333331 0.5312500000000032
vt 0.13541666666666666 0.5312500000000032
vt 0.0625 0.4169727903482443
vt 0.28125 0.4169727903482443
vt 0.28125 0.4169687500000031
vt 0.20833333333333331 0.5312500000000031
vt 0.13541666666666666 0.5312500000000031
vt 0.0625 0.4169687500000031
vt 0.03125 0.625
vt 0.09375 0.625
vt 0.09375 0.6875
vt 0.03125 0.6875
vt 0.9375 0.0625
vt 0.9375 0.3125
vt 0.6875 0.3125
vt 0.6875 0.0625
vt 0.28125 0.4169727903482443
vt 0.20833333333333331 0.5312500000000031
vt 0.13541666666666666 0.5312500000000031
vt 0.0625 0.4169727903482443
vt 0.20833333333333331 0.5312500000000031
vt 0.13541666666666666 0.5312500000000031
vt 0.0625 0.4169727903482443
vt 0.28125 0.4169727903482443
vt 0.20833333333333331 0.5312500000000032
vt 0.13541666666666666 0.5312500000000032
vt 0.0625 0.4169727903482443
vt 0.28125 0.4169727903482443
vt 0.28125 0.4169687500000031
vt 0.20833333333333331 0.5312500000000031
vt 0.13541666666666666 0.5312500000000031
vt 0.0625 0.4169687500000031
vt 0.03125 0.625
vt 0.09375 0.625
vt 0.09375 0.6875
vt 0.03125 0.6875
vt 0.9375 0.0625
vt 0.9375 0.3125
vt 0.6875 0.3125
vt 0.6875 0.0625
vt 0.28125 0.4169727903482443
vt 0.20833333333333331 0.5312500000000031
vt 0.13541666666666666 0.5312500000000031
vt 0.0625 0.4169727903482443
vt 0.20833333333333331 0.5312500000000031
vt 0.13541666666666666 0.5312500000000031
vt 0.0625 0.4169727903482443
vt 0.28125 0.4169727903482443
vn 0.38268343236508856 -1.6653345369377353e-16 0.9238795325112874
vn -0.38268343236508856 1.6653345369377353e-16 -0.9238795325112874
vn -0.6532814824381883 0.7071067811865479 0.27059805007309773
vn 0.6532814824381883 -0.7071067811865479 -0.27059805007309773
vn -0.6532814824381891 -0.7071067811865472 0.27059805007309756
vn 0.6532814824381891 0.7071067811865472 -0.27059805007309756
vn -0.19134171618254428 0.500000000000002 0.8446231986207322
vn -0.7325378163287434 0.5000000000000006 -0.46193976625564054
vn -0.6532814824381883 0.7071067811865479 0.27059805007309773
vn 0.6532814824381883 -0.7071067811865479 -0.27059805007309773
vn -0.9238795325112874 2.1649348980190553e-15 0.3826834323650886
vn -2.275957200481571e-15 1 2.6645352591003757e-15
vn 0.19134171618254522 -0.5000000000000027 -0.8446231986207315
vn 0.732537816328742 -0.49999999999999717 0.46193976625564614
vn 0.6532814824381886 -0.7071067811865479 -0.2705980500730969
vn -0.6532814824381886 0.7071067811865479 0.2705980500730969
vn -7.771561172376096e-16 -1 2.0261570199409107e-15
vn 0.9238795325112872 -5.551115123125783e-16 -0.38268343236508917
usemtl m_34518951-18c4-980b-d1be-439301ab62d6
f 492/1571/410 491/1572/410 493/1573/410 494/1574/410
f 497/1575/411 495/1576/411 496/1577/411 498/1578/411
f 495/1579/412 491/1580/412 492/1581/412 496/1582/412
f 494/1583/413 493/1584/413 497/1585/413 498/1586/413
f 493/1587/414 491/1588/414 495/1589/414 497/1590/414
f 496/1591/415 492/1592/415 494/1593/415 498/1594/415
f 500/1595/416 499/1596/416 501/1597/416 502/1598/416
f 505/1599/417 503/1600/417 504/1601/417 506/1602/417
f 503/1603/418 499/1604/418 500/1605/418 504/1606/418
f 502/1607/419 501/1608/419 505/1609/419 506/1610/419
f 501/1611/420 499/1612/420 503/1613/420 505/1614/420
f 504/1615/421 500/1616/421 502/1617/421 506/1618/421
f 508/1619/422 507/1620/422 509/1621/422 510/1622/422
f 513/1623/423 511/1624/423 512/1625/423 514/1626/423
f 511/1627/424 507/1628/424 508/1629/424 512/1630/424
f 510/1631/425 509/1632/425 513/1633/425 514/1634/425
f 509/1635/426 507/1636/426 511/1637/426 513/1638/426
f 512/1639/427 508/1640/427 510/1641/427 514/1642/427
o cuboid
v 1.3536797126135194 0.12499978183845023 1.4993843981320736
v 1.3536797126135194 0.3749997818384503 1.4993843981320731
v 1.1227098294856976 0.12499978183845023 1.5950552562233458
v 1.2233281684641608 0.12499978183845012 1.1846879323704163
v 1.258008854522247 0.3749997818384502 1.2684145150042514
v 1.0270389713944252 0.12499978183845012 1.3640853730955238
vt 0.90625 0.25
vt 0.84375 0.25
vt 0.90625 0.1875
vt 0.84375 0.90625
vt 0.78125 0.90625
vt 0.84375 0.84375
vt 0.84375 0.1875
vt 0.90625 0.1875
vt 0.90625 0.25
vt 0.84375 0.25
vt 0.9375 0.375
vt 0.9375 0.4375
vt 0.875 0.4375
vt 0.875 0.375
vt 0.90625 0.1875
vt 0.90625 0.25
vt 0.84375 0.25
vt 0.84375 0.1875
vn 0.3826834323650894 4.1265982966970455e-16 0.923879532511287
vn -0.6385674810620492 0.3225808447285661 -0.6986939034686608
vn 2.0121588282897033e-16 -1 3.63313433375841e-16
vn -0.6532814824381886 0.7071067811865476 0.27059805007309795
vn 0.923879532511287 4.686520405326297e-17 -0.3826834323650894
usemtl m_34518951-18c4-980b-d1be-439301ab62d6
f 515/1643/428 516/1644/428 517/1645/428
f 518/1646/429 520/1647/429 519/1648/429
f 518/1649/430 515/1650/430 517/1651/430 520/1652/430
f 517/1653/431 516/1654/431 519/1655/431 520/1656/431
f 516/1657/432 515/1658/432 518/1659/432 519/1660/432
o cuboid
v -0.6711444276074969 0.8749997818384465 1.0966218348732297
v -0.6711444276074969 0.6249997818384465 1.0966218348732297
v -0.49436773231085995 0.8749997818384465 1.2733985301698665
v -0.49436773231085995 0.8749997818384465 0.9198451395765929
v -0.49436773231085995 0.6249997818384465 0.9198451395765929
v -0.3175910370142231 0.8749997818384465 1.0966218348732297
vt 0.90625 0.25
vt 0.84375 0.25
vt 0.90625 0.1875
vt 0.84375 0.90625
vt 0.78125 0.90625
vt 0.84375 0.84375
vt 0.84375 0.1875
vt 0.90625 0.1875
vt 0.90625 0.25
vt 0.84375 0.25
vt 0.9375 0.375
vt 0.9375 0.4375
vt 0.875 0.4375
vt 0.875 0.375
vt 0.90625 0.1875
vt 0.90625 0.25
vt 0.84375 0.25
vt 0.84375 0.1875
vn -0.7071067811865475 -3.586907429118598e-17 0.7071067811865476
vn 0.7071067811865475 3.586907429118598e-17 -0.7071067811865476
vn -8.65956056235493e-17 1 -3.586907429118598e-17
vn 0.5000000000000002 -0.7071067811865475 0.5
vn -0.7071067811865476 -8.65956056235493e-17 -0.7071067811865475
usemtl m_34518951-18c4-980b-d1be-439301ab62d6
f 521/1661/433 522/1662/433 523/1663/433
f 524/1664/434 526/1665/434 525/1666/434
f 524/1667/435 521/1668/435 523/1669/435 526/1670/435
f 523/1671/436 522/1672/436 525/1673/436 526/1674/436
f 522/1675/437 521/1676/437 524/1677/437 525/1678/437
o cuboid
v -0.09662016789342776 0.12499978183845101 1.6711460945872991
v -0.09662016789342776 0.374999781838451 1.671146094587299
v -0.27339686319006473 0.12499978183845101 1.4943693992906621
v 0.08015652740320905 0.12499978183845073 1.4943693992906621
v 0.08015652740320917 0.37499978183845073 1.4943693992906621
v -0.09662016789342787 0.12499978183845073 1.3175927039940254
vt 0.90625 0.25
vt 0.84375 0.25
vt 0.90625 0.1875
vt 0.84375 0.90625
vt 0.78125 0.90625
vt 0.84375 0.84375
vt 0.84375 0.1875
vt 0.90625 0.1875
vt 0.90625 0.25
vt 0.84375 0.25
vt 0.9375 0.375
vt 0.9375 0.4375
vt 0.875 0.4375
vt 0.875 0.375
vt 0.90625 0.1875
vt 0.90625 0.25
vt 0.84375 0.25
vt 0.84375 0.1875
vn -0.7071067811865475 1.0106430996148602e-15 0.7071067811865476
vn 0.7071067811865475 -1.0106430996148602e-15 -0.7071067811865476
vn -7.146325890970591e-16 -1 7.14632589097059e-16
vn -0.4999999999999996 0.7071067811865476 -0.5000000000000006
vn 0.7071067811865476 -1.9721522630525295e-31 0.7071067811865475
usemtl m_34518951-18c4-980b-d1be-439301ab62d6
f 527/1679/438 528/1680/438 529/1681/438
f 530/1682/439 532/1683/439 531/1684/439
f 530/1685/440 527/1686/440 529/1687/440 532/1688/440
f 529/1689/441 528/1690/441 531/1691/441 532/1692/441
f 528/1693/442 527/1694/442 530/1695/442 531/1696/442
o cuboid
v -0.6381664410819101 0.5331456303681189 1.2179928839780219
v -0.45066644108191056 0.7983106733130743 1.4054928839780223
v -0.4037914410819107 0.20168932668692496 1.4523678839780223
v -0.21629144108191123 0.4668543696318803 1.6398678839780227
v -0.373001398136954 0.533145630368119 0.9528278410330673
v -0.18550139813695465 0.7983106733130745 1.1403278410330677
v -0.13862639813695465 0.20168932668692507 1.1872028410330677
v 0.048873601863044736 0.46685436963188043 1.3747028410330682
v -0.5497780934335914 0.7099223256647554 1.1296045363297038
v -0.4872780934335914 0.7983106733130738 1.1921045363297038
v -0.6381664410819103 0.5331456303681189 1.217992883978022
v -0.45066644108191034 0.7983106733130743 1.4054928839780223
v -0.4613897457852726 0.7099223256647554 1.041216188681386
v -0.3988897457852726 0.798310673313074 1.1037161886813855
v -0.3730013981369542 0.5331456303681189 0.9528278410330674
v -0.18550139813695443 0.7983106733130745 1.1403278410330677
v -0.1020147457852737 0.20168932668692474 1.4005911886813864
v -0.03951474578527381 0.2900776743352432 1.4630911886813862
v -0.13862639813695476 0.20168932668692474 1.187202841033068
v 0.04887360186304485 0.46685436963188015 1.3747028410330682
v -0.1904030934335923 0.20168932668692502 1.4889795363297047
v -0.1279030934335924 0.29007767433524345 1.5514795363297045
v -0.4037914410819109 0.20168932668692507 1.4523678839780223
v -0.21629144108191123 0.46685436963188043 1.6398678839780225
vt 0.24999999999999997 1
vt 0.03125 1
vt 0.03125 0.65625
vt 0.24999999999999997 0.65625
vt 0.24999999999999997 0.65625
vt 0.24999999999999997 1
vt 0.03125 1
vt 0.03125 0.65625
vt 0.6875 0.0625
vt 0.9375 0.0625
vt 0.9375 0.3125
vt 0.6875 0.3125
vt 0.9375 0.0625
vt 0.9375 0.3125
vt 0.6875 0.3125
vt 0.6875 0.0625
vt 0.24999999999999997 0.65625
vt 0.24999999999999997 1
vt 0.03125 1
vt 0.03125 0.65625
vt 0.25 1
vt 0.03125 1
vt 0.03125 0.65625
vt 0.25 0.65625
vt 0.20833333333333331 0.5312500000000032
vt 0.13541666666666666 0.5312500000000032
vt 0.0625 0.4169727903482443
vt 0.28125 0.4169727903482443
vt 0.28125 0.4169687500000031
vt 0.20833333333333331 0.5312500000000031
vt 0.13541666666666666 0.5312500000000031
vt 0.0625 0.4169687500000031
vt 0.03125 0.625
vt 0.09375 0.625
vt 0.09375 0.6875
vt 0.03125 0.6875
vt 0.9375 0.0625
vt 0.9375 0.3125
vt 0.6875 0.3125
vt 0.6875 0.0625
vt 0.28125 0.4169727903482443
vt 0.20833333333333331 0.5312500000000031
vt 0.13541666666666666 0.5312500000000031
vt 0.0625 0.4169727903482443
vt 0.20833333333333331 0.5312500000000031
vt 0.13541666666666666 0.5312500000000031
vt 0.0625 0.4169727903482443
vt 0.28125 0.4169727903482443
vt 0.20833333333333331 0.5312500000000032
vt 0.13541666666666666 0.5312500000000032
vt 0.0625 0.4169727903482443
vt 0.28125 0.4169727903482443
vt 0.28125 0.4169687500000031
vt 0.20833333333333331 0.5312500000000031
vt 0.13541666666666666 0.5312500000000031
vt 0.0625 0.4169687500000031
vt 0.03125 0.625
vt 0.09375 0.625
vt 0.09375 0.6875
vt 0.03125 0.6875
vt 0.9375 0.0625
vt 0.9375 0.3125
vt 0.6875 0.3125
vt 0.6875 0.0625
vt 0.28125 0.4169727903482443
vt 0.20833333333333331 0.5312500000000031
vt 0.13541666666666666 0.5312500000000031
vt 0.0625 0.4169727903482443
vt 0.20833333333333331 0.5312500000000031
vt 0.13541666666666666 0.5312500000000031
vt 0.0625 0.4169727903482443
vt 0.28125 0.4169727903482443
vn -0.7071067811865496 -2.4980018054066027e-16 0.7071067811865457
vn 0.7071067811865496 2.4980018054066027e-16 -0.7071067811865457
vn -0.4999999999999989 0.7071067811865475 -0.5000000000000013
vn 0.4999999999999989 -0.7071067811865475 0.5000000000000013
vn -0.4999999999999985 -0.7071067811865476 -0.5000000000000014
vn 0.4999999999999985 0.7071067811865476 0.5000000000000014
vn -0.8535533905932731 0.5000000000000017 0.1464466094067251
vn 0.14644660940672405 0.5000000000000002 -0.8535533905932741
vn -0.4999999999999989 0.7071067811865475 -0.5000000000000013
vn 0.4999999999999989 -0.7071067811865475 0.5000000000000013
vn -0.7071067811865457 1.4988010832439613e-15 -0.7071067811865496
vn -3.6637359812630166e-15 1 -1.4988010832439613e-15
vn 0.853553390593273 -0.5000000000000022 -0.14644660940672394
vn -0.14644660940672977 -0.4999999999999968 0.853553390593275
vn 0.4999999999999983 -0.7071067811865475 0.500000000000002
vn -0.4999999999999983 0.7071067811865475 -0.500000000000002
vn -1.8318679906315083e-15 -1 4.440892098500626e-16
vn 0.7071067811865461 1.1102230246251565e-16 0.7071067811865491
usemtl m_34518951-18c4-980b-d1be-439301ab62d6
f 534/1697/443 533/1698/443 535/1699/443 536/1700/443
f 539/1701/444 537/1702/444 538/1703/444 540/1704/444
f 537/1705/445 533/1706/445 534/1707/445 538/1708/445
f 536/1709/446 535/1710/446 539/1711/446 540/1712/446
f 535/1713/447 533/1714/447 537/1715/447 539/1716/447
f 538/1717/448 534/1718/448 536/1719/448 540/1720/448
f 542/1721/449 541/1722/449 543/1723/449 544/1724/449
f 547/1725/450 545/1726/450 546/1727/450 548/1728/450
f 545/1729/451 541/1730/451 542/1731/451 546/1732/451
f 544/1733/452 543/1734/452 547/1735/452 548/1736/452
f 543/1737/453 541/1738/453 545/1739/453 547/1740/453
f 546/1741/454 542/1742/454 544/1743/454 548/1744/454
f 550/1745/455 549/1746/455 551/1747/455 552/1748/455
f 555/1749/456 553/1750/456 554/1751/456 556/1752/456
f 553/1753/457 549/1754/457 550/1755/457 554/1756/457
f 552/1757/458 551/1758/458 555/1759/458 556/1760/458
f 551/1761/459 549/1762/459 553/1763/459 555/1764/459
f 554/1765/460 550/1766/460 552/1767/460 556/1768/460
o cuboid
v -0.3536797126135198 0.8749997818384466 1.4993843981320727
v -0.3536797126135198 0.6249997818384466 1.4993843981320727
v -0.12270982948569809 0.8749997818384466 1.5950552562233453
v -0.22213228273802021 0.8749997818384466 1.1818008088313179
v -0.22213228273802021 0.6249997818384466 1.1818008088313179
v -0.02703897139442568 0.8749997818384466 1.3640853730955236
vt 0.90625 0.25
vt 0.84375 0.25
vt 0.90625 0.1875
vt 0.84375 0.90625
vt 0.78125 0.90625
vt 0.84375 0.84375
vt 0.84375 0.1875
vt 0.90625 0.1875
vt 0.90625 0.25
vt 0.84375 0.25
vt 0.9375 0.375
vt 0.9375 0.4375
vt 0.875 0.4375
vt 0.875 0.375
vt 0.90625 0.1875
vt 0.90625 0.25
vt 0.84375 0.25
vt 0.84375 0.1875
vn -0.38268343236508984 -9.322068685965288e-18 0.9238795325112868
vn 0.682713424564141 2.5183996643895967e-17 -0.7306862390382777
vn -4.686520405326297e-17 1 -9.322068685965287e-18
vn 0.6532814824381882 -0.7071067811865476 0.2705980500730985
vn -0.9238795325112868 -4.686520405326298e-17 -0.38268343236508984
usemtl m_34518951-18c4-980b-d1be-439301ab62d6
f 557/1769/461 558/1770/461 559/1771/461
f 560/1772/462 562/1773/462 561/1774/462
f 560/1775/463 557/1776/463 559/1777/463 562/1778/463
f 559/1779/464 558/1780/464 561/1781/464 562/1782/464
f 558/1783/465 557/1784/465 560/1785/465 561/1786/465
o cuboid
v -0.2767653361779213 0.5331456303681186 1.5988964971633124
v -0.031784780263600876 0.7983106733130739 1.7003707659407248
v 0.029460358714979207 0.20168932668692463 1.7257393331350774
v 0.2744409146292996 0.46685436963188 1.8272136019124898
v -0.13325904904101238 0.5331456303681188 1.2524416724715803
v 0.11172150687330801 0.7983106733130741 1.3539159412489925
v 0.17296664585188815 0.2016893266869248 1.3792845084433454
v 0.41794720176620853 0.46685436963188015 1.4807587772207575
v -0.2289299071322849 0.7099223256647551 1.4834115555994023
v -0.1472697218275112 0.7983106733130735 1.517236311858539
v -0.27676533617792143 0.5331456303681186 1.5988964971633126
v -0.031784780263600765 0.7983106733130739 1.7003707659407246
v -0.18109447808664858 0.7099223256647551 1.3679266140354915
v -0.09943429278187477 0.7983106733130737 1.4017513702946283
v -0.1332590490410127 0.5331456303681186 1.2524416724715803
v 0.11172150687330812 0.7983106733130741 1.3539159412489923
v 0.2884515874157988 0.2016893266869244 1.562418962525531
v 0.37011177272057244 0.29007767433524284 1.5962437187846679
v 0.17296664585188803 0.20168932668692452 1.3792845084433454
v 0.41794720176620864 0.4668543696318798 1.4807587772207573
v 0.2406161583701626 0.20168932668692463 1.677903904089442
v 0.3222763436749362 0.290077674335243 1.7117286603485788
v 0.029460358714978985 0.20168932668692469 1.7257393331350777
v 0.2744409146292996 0.46685436963188004 1.8272136019124896
vt 0.24999999999999997 1
vt 0.03125 1
vt 0.03125 0.65625
vt 0.24999999999999997 0.65625
vt 0.24999999999999997 0.65625
vt 0.24999999999999997 1
vt 0.03125 1
vt 0.03125 0.65625
vt 0.6875 0.0625
vt 0.9375 0.0625
vt 0.9375 0.3125
vt 0.6875 0.3125
vt 0.9375 0.0625
vt 0.9375 0.3125
vt 0.6875 0.3125
vt 0.6875 0.0625
vt 0.24999999999999997 0.65625
vt 0.24999999999999997 1
vt 0.03125 1
vt 0.03125 0.65625
vt 0.25 1
vt 0.03125 1
vt 0.03125 0.65625
vt 0.25 0.65625
vt 0.20833333333333331 0.5312500000000032
vt 0.13541666666666666 0.5312500000000032
vt 0.0625 0.4169727903482443
vt 0.28125 0.4169727903482443
vt 0.28125 0.4169687500000031
vt 0.20833333333333331 0.5312500000000031
vt 0.13541666666666666 0.5312500000000031
vt 0.0625 0.4169687500000031
vt 0.03125 0.625
vt 0.09375 0.625
vt 0.09375 0.6875
vt 0.03125 0.6875
vt 0.9375 0.0625
vt 0.9375 0.3125
vt 0.6875 0.3125
vt 0.6875 0.0625
vt 0.28125 0.4169727903482443
vt 0.20833333333333331 0.5312500000000031
vt 0.13541666666666666 0.5312500000000031
vt 0.0625 0.4169727903482443
vt 0.20833333333333331 0.5312500000000031
vt 0.13541666666666666 0.5312500000000031
vt 0.0625 0.4169727903482443
vt 0.28125 0.4169727903482443
vt 0.20833333333333331 0.5312500000000032
vt 0.13541666666666666 0.5312500000000032
vt 0.0625 0.4169727903482443
vt 0.28125 0.4169727903482443
vt 0.28125 0.4169687500000031
vt 0.20833333333333331 0.5312500000000031
vt 0.13541666666666666 0.5312500000000031
vt 0.0625 0.4169687500000031
vt 0.03125 0.625
vt 0.09375 0.625
vt 0.09375 0.6875
vt 0.03125 0.6875
vt 0.9375 0.0625
vt 0.9375 0.3125
vt 0.6875 0.3125
vt 0.6875 0.0625
vt 0.28125 0.4169727903482443
vt 0.20833333333333331 0.5312500000000031
vt 0.13541666666666666 0.5312500000000031
vt 0.0625 0.4169727903482443
vt 0.20833333333333331 0.5312500000000031
vt 0.13541666666666666 0.5312500000000031
vt 0.0625 0.4169727903482443
vt 0.28125 0.4169727903482443
vn -0.38268343236509067 -4.163336342344338e-16 0.9238795325112864
vn 0.38268343236509067 4.163336342344338e-16 -0.9238795325112864
vn -0.6532814824381883 0.7071067811865475 -0.27059805007309873
vn 0.6532814824381883 -0.7071067811865475 0.27059805007309873
vn -0.653281482438188 -0.7071067811865475 -0.27059805007309945
vn 0.653281482438188 0.7071067811865475 0.27059805007309945
vn -0.7325378163287408 0.5000000000000016 0.46193976625564354
vn -0.19134171618254855 0.5000000000000004 -0.8446231986207322
vn -0.6532814824381883 0.7071067811865475 -0.27059805007309873
vn 0.6532814824381883 -0.7071067811865475 0.27059805007309873
vn -0.9238795325112864 1.5543122344752188e-15 -0.3826834323650905
vn -3.9968028886505635e-15 1 3.3306690738754696e-16
vn 0.7325378163287412 -0.5000000000000021 -0.46193976625564237
vn 0.19134171618254367 -0.499999999999997 0.8446231986207352
vn 0.653281482438188 -0.7071067811865475 0.27059805007309956
vn -0.653281482438188 0.7071067811865475 -0.27059805007309956
vn -1.4988010832439613e-15 -1 8.049116928532385e-16
vn 0.9238795325112866 0 0.38268343236508995
usemtl m_34518951-18c4-980b-d1be-439301ab62d6
f 564/1787/466 563/1788/466 565/1789/466 566/1790/466
f 569/1791/467 567/1792/467 568/1793/467 570/1794/467
f 567/1795/468 563/1796/468 564/1797/468 568/1798/468
f 566/1799/469 565/1800/469 569/1801/469 570/1802/469
f 565/1803/470 563/1804/470 567/1805/470 569/1806/470
f 568/1807/471 564/1808/471 566/1809/471 570/1810/471
f 572/1811/472 571/1812/472 573/1813/472 574/1814/472
f 577/1815/473 575/1816/473 576/1817/473 578/1818/473
f 575/1819/474 571/1820/474 572/1821/474 576/1822/474
f 574/1823/475 573/1824/475 577/1825/475 578/1826/475
f 573/1827/476 571/1828/476 575/1829/476 577/1830/476
f 576/1831/477 572/1832/477 574/1833/477 578/1834/477
f 580/1835/478 579/1836/478 581/1837/478 582/1838/478
f 585/1839/479 583/1840/479 584/1841/479 586/1842/479
f 583/1843/480 579/1844/480 580/1845/480 584/1846/480
f 582/1847/481 581/1848/481 585/1849/481 586/1850/481
f 581/1851/482 579/1852/482 583/1853/482 585/1854/482
f 584/1855/483 580/1856/483 582/1857/483 586/1858/483
o cuboid
v 0.3969724075518997 0.12499978183845101 1.8103146869287083
v 0.39697240755189983 0.374999781838451 1.8103146869287081
v 0.16600252442407804 0.12499978183845101 1.714643828837436
v 0.5273239517012585 0.12499978183845067 1.4956182211670512
v 0.4926432656431723 0.37499978183845073 1.5793448038008864
v 0.2616733825153505 0.12499978183845073 1.4836739457096142
vt 0.90625 0.25
vt 0.84375 0.25
vt 0.90625 0.1875
vt 0.84375 0.90625
vt 0.78125 0.90625
vt 0.84375 0.84375
vt 0.84375 0.1875
vt 0.90625 0.1875
vt 0.90625 0.25
vt 0.84375 0.25
vt 0.9375 0.375
vt 0.9375 0.4375
vt 0.875 0.4375
vt 0.875 0.375
vt 0.90625 0.1875
vt 0.90625 0.25
vt 0.84375 0.25
vt 0.84375 0.1875
vn -0.3826834323650896 1.0106430996148604e-15 0.9238795325112868
vn 0.04251580101220132 0.32258084472856563 -0.9455865932205765
vn -3.8675637025670787e-16 -1 9.337124744079347e-16
vn -0.653281482438188 0.7071067811865476 -0.27059805007309917
vn 0.9238795325112868 4.930380657631324e-32 0.38268343236508984
usemtl m_34518951-18c4-980b-d1be-439301ab62d6
f 587/1859/484 588/1860/484 589/1861/484
f 590/1862/485 592/1863/485 591/1864/485
f 590/1865/486 587/1866/486 589/1867/486 592/1868/486
f 589/1869/487 588/1870/487 591/1871/487 592/1872/487
f 588/1873/488 587/1874/488 590/1875/488 591/1876/488
o cuboid
v -0.749998333020198 0.8749997818384464 0.09375166697980236
v -0.749998333020198 0.6249997818384464 0.09375166697980242
v -0.749998333020198 0.8749997818384465 0.34375166697980236
v -0.499998333020198 0.8749997818384465 0.09375166697980236
v -0.499998333020198 0.6249997818384464 0.09375166697980242
v -0.499998333020198 0.8749997818384465 0.34375166697980236
vt 0.90625 0.25
vt 0.84375 0.25
vt 0.90625 0.1875
vt 0.84375 0.90625
vt 0.78125 0.90625
vt 0.84375 0.84375
vt 0.84375 0.1875
vt 0.90625 0.1875
vt 0.90625 0.25
vt 0.84375 0.25
vt 0.9375 0.375
vt 0.9375 0.4375
vt 0.875 0.4375
vt 0.875 0.375
vt 0.90625 0.1875
vt 0.90625 0.25
vt 0.84375 0.25
vt 0.84375 0.1875
vn -1 -1.2246467991473532e-16 1.07208367733719e-32
vn 1 1.2246467991473532e-16 -1.07208367733719e-32
vn -1.2246467991473532e-16 1 -1.2246467991473532e-16
vn 8.659560562354934e-17 -0.7071067811865475 0.7071067811865477
vn 4.276761053246676e-33 -1.2246467991473532e-16 -1
usemtl m_34518951-18c4-980b-d1be-439301ab62d6
f 593/1877/489 594/1878/489 595/1879/489
f 596/1880/490 598/1881/490 597/1882/490
f 596/1883/491 593/1884/491 595/1885/491 598/1886/491
f 595/1887/492 594/1888/492 597/1889/492 598/1890/492
f 594/1891/493 593/1892/493 596/1893/493 597/1894/493
o cuboid
v -0.7499983330201985 0.12499978183845101 0.9062516669798015
v -0.7499983330201982 0.374999781838451 0.9062516669798015
v -0.7499983330201985 0.12499978183845101 0.6562516669798015
v -0.49999833302019836 0.12499978183845073 0.9062516669798015
v -0.49999833302019814 0.37499978183845073 0.9062516669798015
v -0.49999833302019836 0.12499978183845073 0.6562516669798015
vt 0.90625 0.25
vt 0.84375 0.25
vt 0.90625 0.1875
vt 0.84375 0.90625
vt 0.78125 0.90625
vt 0.84375 0.84375
vt 0.84375 0.1875
vt 0.90625 0.1875
vt 0.90625 0.25
vt 0.84375 0.25
vt 0.9375 0.375
vt 0.9375 0.4375
vt 0.875 0.4375
vt 0.875 0.375
vt 0.90625 0.1875
vt 0.90625 0.25
vt 0.84375 0.25
vt 0.84375 0.1875
vn -1 1.0106430996148606e-15 9.965710380219353e-47
vn 1 -1.0106430996148606e-15 -9.965710380219353e-47
vn -1.0106430996148606e-15 -1 -1.9721522630525295e-31
vn 7.146325890970595e-16 0.7071067811865476 -0.7071067811865476
vn -9.96571038021935e-47 -1.9721522630525295e-31 1
usemtl m_34518951-18c4-980b-d1be-439301ab62d6
f 599/1895/494 600/1896/494 601/1897/494
f 602/1898/495 604/1899/495 603/1900/495
f 602/1901/496 599/1902/496 601/1903/496 604/1904/496
f 601/1905/497 600/1906/497 603/1907/497 604/1908/497
f 600/1909/498 599/1910/498 602/1911/498 603/1912/498
o cuboid
v -0.8125016669798009 0.5331456303681186 0.20289291674364773
v -0.8125016669798018 0.7983106733130741 0.46805795968860286
v -0.8125016669798018 0.20168932668692474 0.5343492204248419
v -0.8125016669798026 0.46685436963188026 0.799514263369797
v -0.4375016669798011 0.5331456303681188 0.20289291674364862
v -0.43750166697980175 0.7983106733130743 0.4680579596886038
v -0.43750166697980175 0.2016893266869249 0.5343492204248428
v -0.4375016669798024 0.46685436963188043 0.799514263369798
v -0.6875016669798013 0.7099223256647551 0.20289291674364818
v -0.6875016669798013 0.7983106733130736 0.29128126439196655
v -0.8125016669798011 0.5331456303681186 0.20289291674364773
v -0.8125016669798015 0.7983106733130741 0.46805795968860286
v -0.5625016669798013 0.7099223256647552 0.2028929167436485
v -0.5625016669798013 0.7983106733130738 0.291281264391967
v -0.4375016669798013 0.5331456303681186 0.2028929167436485
v -0.43750166697980153 0.7983106733130743 0.4680579596886038
v -0.5625016669798022 0.20168932668692469 0.7111259157214795
v -0.5625016669798022 0.2900776743352431 0.7995142633697978
v -0.437501666979802 0.20168932668692463 0.5343492204248428
v -0.4375016669798022 0.4668543696318801 0.799514263369798
v -0.6875016669798022 0.20168932668692485 0.7111259157214793
v -0.6875016669798022 0.2900776743352433 0.7995142633697976
v -0.812501666979802 0.20168932668692485 0.5343492204248418
v -0.8125016669798024 0.4668543696318803 0.7995142633697969
vt 0.24999999999999997 1
vt 0.03125 1
vt 0.03125 0.65625
vt 0.24999999999999997 0.65625
vt 0.24999999999999997 0.65625
vt 0.24999999999999997 1
vt 0.03125 1
vt 0.03125 0.65625
vt 0.6875 0.0625
vt 0.9375 0.0625
vt 0.9375 0.3125
vt 0.6875 0.3125
vt 0.9375 0.0625
vt 0.9375 0.3125
vt 0.6875 0.3125
vt 0.6875 0.0625
vt 0.24999999999999997 0.65625
vt 0.24999999999999997 1
vt 0.03125 1
vt 0.03125 0.65625
vt 0.25 1
vt 0.03125 1
vt 0.03125 0.65625
vt 0.25 0.65625
vt 0.20833333333333331 0.5312500000000032
vt 0.13541666666666666 0.5312500000000032
vt 0.0625 0.4169727903482443
vt 0.28125 0.4169727903482443
vt 0.28125 0.4169687500000031
vt 0.20833333333333331 0.5312500000000031
vt 0.13541666666666666 0.5312500000000031
vt 0.0625 0.4169687500000031
vt 0.03125 0.625
vt 0.09375 0.625
vt 0.09375 0.6875
vt 0.03125 0.6875
vt 0.9375 0.0625
vt 0.9375 0.3125
vt 0.6875 0.3125
vt 0.6875 0.0625
vt 0.28125 0.4169727903482443
vt 0.20833333333333331 0.5312500000000031
vt 0.13541666666666666 0.5312500000000031
vt 0.0625 0.4169727903482443
vt 0.20833333333333331 0.5312500000000031
vt 0.13541666666666666 0.5312500000000031
vt 0.0625 0.4169727903482443
vt 0.28125 0.4169727903482443
vt 0.20833333333333331 0.5312500000000032
vt 0.13541666666666666 0.5312500000000032
vt 0.0625 0.4169727903482443
vt 0.28125 0.4169727903482443
vt 0.28125 0.4169687500000031
vt 0.20833333333333331 0.5312500000000031
vt 0.13541666666666666 0.5312500000000031
vt 0.0625 0.4169687500000031
vt 0.03125 0.625
vt 0.09375 0.625
vt 0.09375 0.6875
vt 0.03125 0.6875
vt 0.9375 0.0625
vt 0.9375 0.3125
vt 0.6875 0.3125
vt 0.6875 0.0625
vt 0.28125 0.4169727903482443
vt 0.20833333333333331 0.5312500000000031
vt 0.13541666666666666 0.5312500000000031
vt 0.0625 0.4169727903482443
vt 0.20833333333333331 0.5312500000000031
vt 0.13541666666666666 0.5312500000000031
vt 0.0625 0.4169727903482443
vt 0.28125 0.4169727903482443
vn -1 -4.167105037321076e-16 -2.474012665399735e-15
vn 1 4.167105037321076e-16 2.474012665399735e-15
vn 1.4547323094649242e-15 0.7071067811865471 -0.707106781186548
vn -1.4547323094649242e-15 -0.7071067811865471 0.707106781186548
vn 2.0440499554261925e-15 -0.7071067811865479 -0.7071067811865472
vn -2.0440499554261925e-15 0.7071067811865479 0.7071067811865472
vn -0.7071067811865465 0.5000000000000013 -0.5000000000000003
vn 0.707106781186546 0.5000000000000001 -0.5000000000000022
vn 1.4547323094649242e-15 0.7071067811865471 -0.707106781186548
vn -1.4547323094649242e-15 -0.7071067811865471 0.707106781186548
vn 2.4740126653997352e-15 9.992007221626409e-16 -1
vn -1.6727844706791131e-15 1 -4.107825191113079e-15
vn 0.7071067811865456 -0.5000000000000019 0.5000000000000011
vn -0.7071067811865507 -0.49999999999999667 0.49999999999999883
vn -2.3429107291650494e-15 -0.7071067811865471 0.707106781186548
vn 2.3429107291650494e-15 0.7071067811865471 -0.707106781186548
vn -1.4674004466884217e-15 -1 -5.551115123125784e-16
vn -1.8459756819262256e-15 5.551115123125783e-16 1
usemtl m_34518951-18c4-980b-d1be-439301ab62d6
f 606/1913/499 605/1914/499 607/1915/499 608/1916/499
f 611/1917/500 609/1918/500 610/1919/500 612/1920/500
f 609/1921/501 605/1922/501 606/1923/501 610/1924/501
f 608/1925/502 607/1926/502 611/1927/502 612/1928/502
f 607/1929/503 605/1930/503 609/1931/503 611/1932/503
f 610/1933/504 606/1934/504 608/1935/504 612/1936/504
f 614/1937/505 613/1938/505 615/1939/505 616/1940/505
f 619/1941/506 617/1942/506 618/1943/506 620/1944/506
f 617/1945/507 613/1946/507 614/1947/507 618/1948/507
f 616/1949/508 615/1950/508 619/1951/508 620/1952/508
f 615/1953/509 613/1954/509 617/1955/509 619/1956/509
f 618/1957/510 614/1958/510 616/1959/510 620/1960/510
f 622/1961/511 621/1962/511 623/1963/511 624/1964/511
f 627/1965/512 625/1966/512 626/1967/512 628/1968/512
f 625/1969/513 621/1970/513 622/1971/513 626/1972/513
f 624/1973/514 623/1974/514 627/1975/514 628/1976/514
f 623/1977/515 621/1978/515 625/1979/515 627/1980/515
f 626/1981/516 622/1982/516 624/1983/516 628/1984/516
o cuboid
v -0.8103130199489057 0.8749997818384465 0.6030292594279021
v -0.8103130199489057 0.6249997818384465 0.6030292594279021
v -0.7146421618576333 0.8749997818384465 0.8339991425557237
v -0.4927294306481509 0.8749997818384465 0.4714818295524024
v -0.4927294306481509 0.6249997818384465 0.4714818295524025
v -0.48367227872981167 0.8749997818384465 0.7383282844644512
vt 0.90625 0.25
vt 0.84375 0.25
vt 0.90625 0.1875
vt 0.84375 0.90625
vt 0.78125 0.90625
vt 0.84375 0.84375
vt 0.84375 0.1875
vt 0.90625 0.1875
vt 0.90625 0.25
vt 0.84375 0.25
vt 0.9375 0.375
vt 0.9375 0.4375
vt 0.875 0.4375
vt 0.875 0.375
vt 0.90625 0.1875
vt 0.90625 0.25
vt 0.84375 0.25
vt 0.84375 0.1875
vn -0.9238795325112867 -7.559947586147235e-17 0.3826834323650898
vn 0.9994244866600553 1.105130181029664e-16 -0.03392190242726617
vn -1.1314261122877005e-16 1 -7.559947586147235e-17
vn 0.27059805007309856 -0.7071067811865475 0.6532814824381883
vn -0.3826834323650898 -1.1314261122877005e-16 -0.9238795325112867
usemtl m_34518951-18c4-980b-d1be-439301ab62d6
f 629/1985/517 630/1986/517 631/1987/517
f 632/1988/518 634/1989/518 633/1990/518
f 632/1991/519 629/1992/519 631/1993/519 634/1994/519
f 631/1995/520 630/1996/520 633/1997/520 634/1998/520
f 630/1999/521 629/2000/521 632/2001/521 633/2002/521
o cuboid
v -0.8262920228356561 0.5331456303681185 0.7277816166113453
v -0.7248177540582446 0.7983106733130738 0.972762172525666
v -0.6994491868638915 0.20168932668692463 1.034007311504246
v -0.59797491808648 0.46685436963188 1.2789878674185666
v -0.47983719814392367 0.5331456303681187 0.5842753294744372
v -0.37836292936651217 0.798310673313074 0.8292558853887577
v -0.35299436217215896 0.20168932668692485 0.8905010243673378
v -0.25152009339474746 0.4668543696318802 1.1354815802816582
v -0.7108070812717455 0.709922325664755 0.6799461875657096
v -0.6769823250126079 0.7983106733130734 0.7616063728704829
v -0.8262920228356563 0.5331456303681185 0.7277816166113455
v -0.7248177540582443 0.7983106733130738 0.9727621725256659
v -0.5953221397078348 0.7099223256647551 0.6321107585200735
v -0.5614973834486972 0.7983106733130736 0.713770943824847
v -0.4798371981439238 0.5331456303681186 0.584275329474437
v -0.37836292936651195 0.798310673313074 0.8292558853887576
v -0.4008297912177954 0.20168932668692452 1.101656824022521
v -0.36700503495865777 0.29007767433524295 1.1833170093272944
v -0.35299436217215907 0.20168932668692452 0.8905010243673378
v -0.25152009339474724 0.4668543696318799 1.1354815802816582
v -0.5163147327817064 0.20168932668692469 1.1494922530681573
v -0.48248997652256875 0.2900776743352431 1.2311524383729306
v -0.6994491868638917 0.20168932668692474 1.034007311504246
v -0.5979749180864797 0.4668543696318801 1.2789878674185664
vt 0.24999999999999997 1
vt 0.03125 1
vt 0.03125 0.65625
vt 0.24999999999999997 0.65625
vt 0.24999999999999997 0.65625
vt 0.24999999999999997 1
vt 0.03125 1
vt 0.03125 0.65625
vt 0.6875 0.0625
vt 0.9375 0.0625
vt 0.9375 0.3125
vt 0.6875 0.3125
vt 0.9375 0.0625
vt 0.9375 0.3125
vt 0.6875 0.3125
vt 0.6875 0.0625
vt 0.24999999999999997 0.65625
vt 0.24999999999999997 1
vt 0.03125 1
vt 0.03125 0.65625
vt 0.25 1
vt 0.03125 1
vt 0.03125 0.65625
vt 0.25 0.65625
vt 0.20833333333333331 0.5312500000000032
vt 0.13541666666666666 0.5312500000000032
vt 0.0625 0.4169727903482443
vt 0.28125 0.4169727903482443
vt 0.28125 0.4169687500000031
vt 0.20833333333333331 0.5312500000000031
vt 0.13541666666666666 0.5312500000000031
vt 0.0625 0.4169687500000031
vt 0.03125 0.625
vt 0.09375 0.625
vt 0.09375 0.6875
vt 0.03125 0.6875
vt 0.9375 0.0625
vt 0.9375 0.3125
vt 0.6875 0.3125
vt 0.6875 0.0625
vt 0.28125 0.4169727903482443
vt 0.20833333333333331 0.5312500000000031
vt 0.13541666666666666 0.5312500000000031
vt 0.0625 0.4169727903482443
vt 0.20833333333333331 0.5312500000000031
vt 0.13541666666666666 0.5312500000000031
vt 0.0625 0.4169727903482443
vt 0.28125 0.4169727903482443
vt 0.20833333333333331 0.5312500000000032
vt 0.13541666666666666 0.5312500000000032
vt 0.0625 0.4169727903482443
vt 0.28125 0.4169727903482443
vt 0.28125 0.4169687500000031
vt 0.20833333333333331 0.5312500000000031
vt 0.13541666666666666 0.5312500000000031
vt 0.0625 0.4169687500000031
vt 0.03125 0.625
vt 0.09375 0.625
vt 0.09375 0.6875
vt 0.03125 0.6875
vt 0.9375 0.0625
vt 0.9375 0.3125
vt 0.6875 0.3125
vt 0.6875 0.0625
vt 0.28125 0.4169727903482443
vt 0.20833333333333331 0.5312500000000031
vt 0.13541666666666666 0.5312500000000031
vt 0.0625 0.4169727903482443
vt 0.20833333333333331 0.5312500000000031
vt 0.13541666666666666 0.5312500000000031
vt 0.0625 0.4169727903482443
vt 0.28125 0.4169727903482443
vn -0.9238795325112871 -4.718447854656918e-16 0.382683432365089
vn 0.9238795325112871 4.718447854656918e-16 -0.382683432365089
vn -0.27059805007309834 0.7071067811865471 -0.6532814824381886
vn 0.27059805007309834 -0.7071067811865471 0.6532814824381886
vn -0.2705980500730974 -0.7071067811865477 -0.6532814824381885
vn 0.2705980500730974 0.7071067811865477 0.6532814824381885
vn -0.8446231986207325 0.5000000000000013 -0.19134171618254425
vn 0.4619397662556399 0.5000000000000002 -0.732537816328744
vn -0.27059805007309834 0.7071067811865471 -0.6532814824381886
vn 0.27059805007309834 -0.7071067811865471 0.6532814824381886
vn -0.3826834323650889 1.2767564783189294e-15 -0.9238795325112872
vn -3.2196467714129524e-15 1 -2.9420910152566636e-15
vn 0.844623198620732 -0.500000000000002 0.19134171618254525
vn -0.46193976625564553 -0.49999999999999684 0.7325378163287427
vn 0.2705980500730975 -0.7071067811865471 0.653281482438189
vn -0.2705980500730975 0.7071067811865471 -0.653281482438189
vn -1.4710455076283318e-15 -1 -1.665334536937734e-16
vn 0.38268343236508945 3.330669073875468e-16 0.923879532511287
usemtl m_34518951-18c4-980b-d1be-439301ab62d6
f 636/2003/522 635/2004/522 637/2005/522 638/2006/522
f 641/2007/523 639/2008/523 640/2009/523 642/2010/523
f 639/2011/524 635/2012/524 636/2013/524 640/2014/524
f 638/2015/525 637/2016/525 641/2017/525 642/2018/525
f 637/2019/526 635/2020/526 639/2021/526 641/2022/526
f 640/2023/527 636/2024/527 638/2025/527 642/2026/527
f 644/2027/528 643/2028/528 645/2029/528 646/2030/528
f 649/2031/529 647/2032/529 648/2033/529 650/2034/529
f 647/2035/530 643/2036/530 644/2037/530 648/2038/530
f 646/2039/531 645/2040/531 649/2041/531 650/2042/531
f 645/2043/532 643/2044/532 647/2045/532 649/2046/532
f 648/2047/533 644/2048/533 646/2049/533 650/2050/533
f 652/2051/534 651/2052/534 653/2053/534 654/2054/534
f 657/2055/535 655/2056/535 656/2057/535 658/2058/535
f 655/2059/536 651/2060/536 652/2061/536 656/2062/536
f 654/2063/537 653/2064/537 657/2065/537 658/2066/537
f 653/2067/538 651/2068/538 655/2069/538 657/2070/538
f 656/2071/539 652/2072/539 654/2073/539 658/2074/539
o cuboid
v -0.49938273115227116 0.12499978183845101 1.3536813795933218
v -0.49938273115227094 0.374999781838451 1.3536813795933218
v -0.5950535892435436 0.12499978183845101 1.1227114964655
v -0.18468626539061406 0.12499978183845067 1.2233298354439632
v -0.2684128480244492 0.37499978183845073 1.2580105215020492
v -0.36408370611572183 0.12499978183845073 1.0270406383742277
vt 0.90625 0.25
vt 0.84375 0.25
vt 0.90625 0.1875
vt 0.84375 0.90625
vt 0.78125 0.90625
vt 0.84375 0.84375
vt 0.84375 0.1875
vt 0.90625 0.1875
vt 0.90625 0.25
vt 0.84375 0.25
vt 0.9375 0.375
vt 0.9375 0.4375
vt 0.875 0.4375
vt 0.875 0.375
vt 0.90625 0.1875
vt 0.90625 0.25
vt 0.84375 0.25
vt 0.84375 0.1875
vn -0.9238795325112867 1.0106430996148604e-15 0.3826834323650898
vn 0.6986939034686608 0.32258084472856563 -0.6385674810620495
vn -9.337124744079351e-16 -1 3.86756370256708e-16
vn -0.27059805007309784 0.7071067811865476 -0.6532814824381885
vn 0.3826834323650898 -1.9721522630525295e-31 0.9238795325112867
usemtl m_34518951-18c4-980b-d1be-439301ab62d6
f 659/2075/540 660/2076/540 661/2077/540
f 662/2078/541 664/2079/541 663/2080/541
f 662/2081/542 659/2082/542 661/2083/542 664/2084/542
f 661/2085/543 660/2086/543 663/2087/543 664/2088/543
f 660/2089/544 659/2090/544 662/2091/544 663/2092/544
o cuboid
v -0.0966201678934282 0.8749997818384463 -0.6711427606276952
v -0.0966201678934282 0.6249997818384463 -0.671142760627695
v -0.27339686319006506 0.8749997818384463 -0.4943660653310582
v 0.08015652740320878 0.8749997818384463 -0.4943660653310582
v 0.08015652740320878 0.6249997818384464 -0.4943660653310582
v -0.09662016789342809 0.8749997818384464 -0.31758937003442134
vt 0.90625 0.25
vt 0.84375 0.25
vt 0.90625 0.1875
vt 0.84375 0.90625
vt 0.78125 0.90625
vt 0.84375 0.84375
vt 0.84375 0.1875
vt 0.90625 0.1875
vt 0.90625 0.25
vt 0.84375 0.25
vt 0.9375 0.375
vt 0.9375 0.4375
vt 0.875 0.4375
vt 0.875 0.375
vt 0.90625 0.1875
vt 0.90625 0.25
vt 0.84375 0.25
vt 0.84375 0.1875
vn -0.7071067811865477 -2.0906028553828465e-16 -0.7071067811865472
vn 0.7071067811865477 2.0906028553828465e-16 0.7071067811865472
vn -8.659560562354937e-17 1 -2.090602855382846e-16
vn -0.49999999999999983 -0.7071067811865477 0.5000000000000003
vn 0.7071067811865472 -8.659560562354939e-17 -0.7071067811865477
usemtl m_34518951-18c4-980b-d1be-439301ab62d6
f 665/2093/545 666/2094/545 667/2095/545
f 668/2096/546 670/2097/546 669/2098/546
f 668/2099/547 665/2100/547 667/2101/547 670/2102/547
f 667/2103/548 666/2104/548 669/2105/548 670/2106/548
f 666/2107/549 665/2108/549 668/2109/549 669/2110/549
o cuboid
v -0.6711444276074976 0.12499978183845101 -0.09661850091362578
v -0.6711444276074974 0.374999781838451 -0.09661850091362567
v -0.49436773231086073 0.12499978183845101 -0.27339519621026276
v -0.4943677323108606 0.12499978183845073 0.08015819438301108
v -0.4943677323108605 0.37499978183845073 0.0801581943830112
v -0.31759103701422375 0.12499978183845073 -0.0966185009136259
vt 0.90625 0.25
vt 0.84375 0.25
vt 0.90625 0.1875
vt 0.84375 0.90625
vt 0.78125 0.90625
vt 0.84375 0.84375
vt 0.84375 0.1875
vt 0.90625 0.1875
vt 0.90625 0.25
vt 0.84375 0.25
vt 0.9375 0.375
vt 0.9375 0.4375
vt 0.875 0.4375
vt 0.875 0.375
vt 0.90625 0.1875
vt 0.90625 0.25
vt 0.84375 0.25
vt 0.84375 0.1875
vn -0.7071067811865477 1.0106430996148612e-15 -0.7071067811865475
vn 0.7071067811865477 -1.0106430996148612e-15 0.7071067811865475
vn -7.146325890970595e-16 -1 -7.146325890970597e-16
vn 0.5000000000000004 0.7071067811865476 -0.4999999999999997
vn -0.7071067811865474 -2.9582283945787934e-31 0.7071067811865478
usemtl m_34518951-18c4-980b-d1be-439301ab62d6
f 671/2111/550 672/2112/550 673/2113/550
f 674/2114/551 676/2115/551 675/2116/551
f 674/2117/552 671/2118/552 673/2119/552 676/2120/552
f 673/2121/553 672/2122/553 675/2123/553 676/2124/553
f 672/2125/554 671/2126/554 674/2127/554 675/2128/554
o cuboid
v -0.21799121699821988 0.5331456303681178 -0.6381647741021079
v -0.4054912169982203 0.7983106733130734 -0.4506647741021088
v -0.4523662169982203 0.2016893266869242 -0.40378977410210815
v -0.6398662169982208 0.4668543696318798 -0.21628977410210903
v 0.04717382594673464 0.5331456303681181 -0.372999731157152
v -0.14032617405326575 0.7983106733130738 -0.1854997311571529
v -0.18720117405326575 0.20168932668692452 -0.13862473115715224
v -0.3747011740532662 0.46685436963188015 0.048875268842846875
v -0.12960286934990195 0.7099223256647543 -0.5497764264537894
v -0.19210286934990173 0.7983106733130729 -0.48727642645378944
v -0.21799121699821988 0.5331456303681178 -0.6381647741021081
v -0.4054912169982201 0.7983106733130734 -0.4506647741021088
v -0.041214521701583795 0.7099223256647544 -0.46138807880547084
v -0.10371452170158368 0.7983106733130731 -0.39888807880547084
v 0.04717382594673453 0.5331456303681179 -0.37299973115715224
v -0.14032617405326553 0.7983106733130738 -0.1854997311571528
v -0.40058952170158457 0.20168932668692435 -0.10201307880547128
v -0.46308952170158435 0.29007767433524284 -0.03951307880547139
v -0.18720117405326597 0.2016893266869242 -0.13862473115715246
v -0.3747011740532661 0.4668543696318799 0.048875268842846986
v -0.4889778693499027 0.20168932668692452 -0.19040142645378988
v -0.5514778693499025 0.290077674335243 -0.12790142645378988
v -0.4523662169982203 0.2016893266869243 -0.40378977410210837
v -0.6398662169982205 0.4668543696318799 -0.21628977410210903
vt 0.24999999999999997 1
vt 0.03125 1
vt 0.03125 0.65625
vt 0.24999999999999997 0.65625
vt 0.24999999999999997 0.65625
vt 0.24999999999999997 1
vt 0.03125 1
vt 0.03125 0.65625
vt 0.6875 0.0625
vt 0.9375 0.0625
vt 0.9375 0.3125
vt 0.6875 0.3125
vt 0.9375 0.0625
vt 0.9375 0.3125
vt 0.6875 0.3125
vt 0.6875 0.0625
vt 0.24999999999999997 0.65625
vt 0.24999999999999997 1
vt 0.03125 1
vt 0.03125 0.65625
vt 0.25 1
vt 0.03125 1
vt 0.03125 0.65625
vt 0.25 0.65625
vt 0.20833333333333331 0.5312500000000032
vt 0.13541666666666666 0.5312500000000032
vt 0.0625 0.4169727903482443
vt 0.28125 0.4169727903482443
vt 0.28125 0.4169687500000031
vt 0.20833333333333331 0.5312500000000031
vt 0.13541666666666666 0.5312500000000031
vt 0.0625 0.4169687500000031
vt 0.03125 0.625
vt 0.09375 0.625
vt 0.09375 0.6875
vt 0.03125 0.6875
vt 0.9375 0.0625
vt 0.9375 0.3125
vt 0.6875 0.3125
vt 0.6875 0.0625
vt 0.28125 0.4169727903482443
vt 0.20833333333333331 0.5312500000000031
vt 0.13541666666666666 0.5312500000000031
vt 0.0625 0.4169727903482443
vt 0.20833333333333331 0.5312500000000031
vt 0.13541666666666666 0.5312500000000031
vt 0.0625 0.4169727903482443
vt 0.28125 0.4169727903482443
vt 0.20833333333333331 0.5312500000000032
vt 0.13541666666666666 0.5312500000000032
vt 0.0625 0.4169727903482443
vt 0.28125 0.4169727903482443
vt 0.28125 0.4169687500000031
vt 0.20833333333333331 0.5312500000000031
vt 0.13541666666666666 0.5312500000000031
vt 0.0625 0.4169687500000031
vt 0.03125 0.625
vt 0.09375 0.625
vt 0.09375 0.6875
vt 0.03125 0.6875
vt 0.9375 0.0625
vt 0.9375 0.3125
vt 0.6875 0.3125
vt 0.6875 0.0625
vt 0.28125 0.4169727903482443
vt 0.20833333333333331 0.5312500000000031
vt 0.13541666666666666 0.5312500000000031
vt 0.0625 0.4169727903482443
vt 0.20833333333333331 0.5312500000000031
vt 0.13541666666666666 0.5312500000000031
vt 0.0625 0.4169727903482443
vt 0.28125 0.4169727903482443
vn -0.7071067811865457 -9.992007221626413e-16 -0.7071067811865495
vn 0.7071067811865457 9.992007221626413e-16 0.7071067811865495
vn 0.5000000000000016 0.7071067811865467 -0.49999999999999983
vn -0.5000000000000016 -0.7071067811865467 0.49999999999999983
vn 0.5000000000000012 -0.7071067811865483 -0.4999999999999977
vn -0.5000000000000012 0.7071067811865483 0.4999999999999977
vn -0.14644660940672502 0.5000000000000004 -0.8535533905932737
vn 0.8535533905932742 0.5000000000000001 0.1464466094067234
vn 0.5000000000000016 0.7071067811865467 -0.49999999999999983
vn -0.5000000000000016 -0.7071067811865467 0.49999999999999983
vn 0.7071067811865493 3.330669073875468e-16 -0.7071067811865457
vn 1.8318679906315075e-15 1 -4.8294701571194286e-15
vn 0.14644660940672385 -0.5000000000000012 0.8535533905932736
vn -0.8535533905932752 -0.49999999999999684 -0.14644660940672904
vn -0.5000000000000022 -0.7071067811865467 0.4999999999999992
vn 0.5000000000000022 0.7071067811865467 -0.4999999999999992
vn -7.771561172376094e-16 -1 -6.661338147750937e-16
vn -0.7071067811865489 1.2767564783189294e-15 0.7071067811865461
usemtl m_34518951-18c4-980b-d1be-439301ab62d6
f 678/2129/555 677/2130/555 679/2131/555 680/2132/555
f 683/2133/556 681/2134/556 682/2135/556 684/2136/556
f 681/2137/557 677/2138/557 678/2139/557 682/2140/557
f 680/2141/558 679/2142/558 683/2143/558 684/2144/558
f 679/2145/559 677/2146/559 681/2147/559 683/2148/559
f 682/2149/560 678/2150/560 680/2151/560 684/2152/560
f 686/2153/561 685/2154/561 687/2155/561 688/2156/561
f 691/2157/562 689/2158/562 690/2159/562 692/2160/562
f 689/2161/563 685/2162/563 686/2163/563 690/2164/563
f 688/2165/564 687/2166/564 691/2167/564 692/2168/564
f 687/2169/565 685/2170/565 689/2171/565 691/2172/565
f 690/2173/566 686/2174/566 688/2175/566 692/2176/566
f 694/2177/567 693/2178/567 695/2179/567 696/2180/567
f 699/2181/568 697/2182/568 698/2183/568 700/2184/568
f 697/2185/569 693/2186/569 694/2187/569 698/2188/569
f 696/2189/570 695/2190/570 699/2191/570 700/2192/570
f 695/2193/571 693/2194/571 697/2195/571 699/2196/571
f 698/2197/572 694/2198/572 696/2199/572 700/2200/572
o cuboid
v -0.4993827311522707 0.8749997818384463 -0.35367804563371774
v -0.4993827311522707 0.6249997818384464 -0.35367804563371763
v -0.5950535892435431 0.8749997818384464 -0.12270816250589611
v -0.1817991418515159 0.8749997818384464 -0.22213061575821813
v -0.1817991418515159 0.6249997818384464 -0.22213061575821813
v -0.3640837061157215 0.8749997818384465 -0.027037304414623597
vt 0.90625 0.25
vt 0.84375 0.25
vt 0.90625 0.1875
vt 0.84375 0.90625
vt 0.78125 0.90625
vt 0.84375 0.84375
vt 0.84375 0.1875
vt 0.90625 0.1875
vt 0.90625 0.25
vt 0.84375 0.25
vt 0.9375 0.375
vt 0.9375 0.4375
vt 0.875 0.4375
vt 0.875 0.375
vt 0.90625 0.1875
vt 0.90625 0.25
vt 0.84375 0.25
vt 0.84375 0.1875
vn -0.9238795325112867 -1.6932988396799826e-16 -0.3826834323650897
vn 0.7306862390382777 1.982755340385607e-16 0.682713424564141
vn -1.1314261122877003e-16 1 -1.6932988396799826e-16
vn -0.27059805007309845 -0.7071067811865475 0.6532814824381884
vn 0.3826834323650897 -1.1314261122877003e-16 -0.9238795325112867
usemtl m_34518951-18c4-980b-d1be-439301ab62d6
f 701/2201/573 702/2202/573 703/2203/573
f 704/2204/574 706/2205/574 705/2206/574
f 704/2207/575 701/2208/575 703/2209/575 706/2210/575
f 703/2211/576 702/2212/576 705/2213/576 706/2214/576
f 702/2215/577 701/2216/577 704/2217/577 705/2218/577
o cuboid
v -0.5988948301835109 0.5331456303681175 -0.2767636691981188
v -0.7003690989609233 0.7983106733130729 -0.03178311328379857
v -0.7257376661552755 0.20168932668692374 0.029462025694781957
v -0.8272119349326879 0.4668543696318792 0.2744425816091022
v -0.2524400054917786 0.533145630368118 -0.13325738206120996
v -0.35391427426919086 0.7983106733130735 0.11172317385311026
v -0.3792828414635432 0.2016893266869242 0.17296831283169078
v -0.48075711024095547 0.46685436963187965 0.417948868746011
v -0.48340988861960066 0.7099223256647541 -0.2289282401524827
v -0.5172346448787375 0.7983106733130725 -0.1472680548477091
v -0.5988948301835111 0.5331456303681175 -0.2767636691981188
v -0.700369098960923 0.7983106733130729 -0.03178311328379857
v -0.3679249470556899 0.7099223256647542 -0.18109281110684639
v -0.40174970331482684 0.7983106733130729 -0.09943262580207268
v -0.2524400054917787 0.5331456303681178 -0.1332573820612104
v -0.35391427426919064 0.7983106733130735 0.11172317385311026
v -0.5624172955457287 0.20168932668692385 0.2884532543956016
v -0.5962420518048657 0.2900776743352423 0.37011343970037514
v -0.3792828414635434 0.20168932668692385 0.17296831283169073
v -0.48075711024095524 0.4668543696318793 0.4179488687460111
v -0.6779022371096399 0.2016893266869239 0.2406178253499654
v -0.7117269933687769 0.29007767433524234 0.32227801065473893
v -0.7257376661552757 0.20168932668692374 0.0294620256947819
v -0.8272119349326876 0.4668543696318792 0.2744425816091023
vt 0.24999999999999997 1
vt 0.03125 1
vt 0.03125 0.65625
vt 0.24999999999999997 0.65625
vt 0.24999999999999997 0.65625
vt 0.24999999999999997 1
vt 0.03125 1
vt 0.03125 0.65625
vt 0.6875 0.0625
vt 0.9375 0.0625
vt 0.9375 0.3125
vt 0.6875 0.3125
vt 0.9375 0.0625
vt 0.9375 0.3125
vt 0.6875 0.3125
vt 0.6875 0.0625
vt 0.24999999999999997 0.65625
vt 0.24999999999999997 1
vt 0.03125 1
vt 0.03125 0.65625
vt 0.25 1
vt 0.03125 1
vt 0.03125 0.65625
vt 0.25 0.65625
vt 0.20833333333333331 0.5312500000000032
vt 0.13541666666666666 0.5312500000000032
vt 0.0625 0.4169727903482443
vt 0.28125 0.4169727903482443
vt 0.28125 0.4169687500000031
vt 0.20833333333333331 0.5312500000000031
vt 0.13541666666666666 0.5312500000000031
vt 0.0625 0.4169687500000031
vt 0.03125 0.625
vt 0.09375 0.625
vt 0.09375 0.6875
vt 0.03125 0.6875
vt 0.9375 0.0625
vt 0.9375 0.3125
vt 0.6875 0.3125
vt 0.6875 0.0625
vt 0.28125 0.4169727903482443
vt 0.20833333333333331 0.5312500000000031
vt 0.13541666666666666 0.5312500000000031
vt 0.0625 0.4169727903482443
vt 0.20833333333333331 0.5312500000000031
vt 0.13541666666666666 0.5312500000000031
vt 0.0625 0.4169727903482443
vt 0.28125 0.4169727903482443
vt 0.20833333333333331 0.5312500000000032
vt 0.13541666666666666 0.5312500000000032
vt 0.0625 0.4169727903482443
vt 0.28125 0.4169727903482443
vt 0.28125 0.4169687500000031
vt 0.20833333333333331 0.5312500000000031
vt 0.13541666666666666 0.5312500000000031
vt 0.0625 0.4169687500000031
vt 0.03125 0.625
vt 0.09375 0.625
vt 0.09375 0.6875
vt 0.03125 0.6875
vt 0.9375 0.0625
vt 0.9375 0.3125
vt 0.6875 0.3125
vt 0.6875 0.0625
vt 0.28125 0.4169727903482443
vt 0.20833333333333331 0.5312500000000031
vt 0.13541666666666666 0.5312500000000031
vt 0.0625 0.4169727903482443
vt 0.20833333333333331 0.5312500000000031
vt 0.13541666666666666 0.5312500000000031
vt 0.0625 0.4169727903482443
vt 0.28125 0.4169727903482443
vn -0.9238795325112865 -1.3045120539345591e-15 -0.3826834323650901
vn 0.9238795325112865 1.3045120539345591e-15 0.3826834323650901
vn 0.2705980500730981 0.7071067811865471 -0.653281482438189
vn -0.2705980500730981 -0.7071067811865471 0.653281482438189
vn 0.2705980500730995 -0.7071067811865479 -0.6532814824381876
vn -0.2705980500730995 0.7071067811865479 0.6532814824381876
vn -0.46193976625564415 0.5000000000000006 -0.732537816328741
vn 0.8446231986207318 0.5000000000000007 -0.1913417161825494
vn 0.2705980500730981 0.7071067811865471 -0.653281482438189
vn -0.2705980500730981 -0.7071067811865471 0.653281482438189
vn 0.3826834323650901 1.0547118733938983e-15 -0.9238795325112865
vn -8.049116928532385e-16 1 -4.718447854656915e-15
vn 0.46193976625564304 -0.5000000000000012 0.7325378163287413
vn -0.8446231986207348 -0.49999999999999734 0.1913417161825445
vn -0.27059805007309895 -0.7071067811865471 0.6532814824381886
vn 0.27059805007309895 0.7071067811865471 -0.6532814824381886
vn -3.3306690738754696e-16 -1 -8.326672684688674e-16
vn -0.38268343236508956 5.551115123125782e-16 0.923879532511287
usemtl m_34518951-18c4-980b-d1be-439301ab62d6
f 708/2219/578 707/2220/578 709/2221/578 710/2222/578
f 713/2223/579 711/2224/579 712/2225/579 714/2226/579
f 711/2227/580 707/2228/580 708/2229/580 712/2230/580
f 710/2231/581 709/2232/581 713/2233/581 714/2234/581
f 709/2235/582 707/2236/582 711/2237/582 713/2238/582
f 712/2239/583 708/2240/583 710/2241/583 714/2242/583
f 716/2243/584 715/2244/584 717/2245/584 718/2246/584
f 721/2247/585 719/2248/585 720/2249/585 722/2250/585
f 719/2251/586 715/2252/586 716/2253/586 720/2254/586
f 718/2255/587 717/2256/587 721/2257/587 722/2258/587
f 717/2259/588 715/2260/588 719/2261/588 721/2262/588
f 720/2263/589 716/2264/589 718/2265/589 722/2266/589
f 724/2267/590 723/2268/590 725/2269/590 726/2270/590
f 729/2271/591 727/2272/591 728/2273/591 730/2274/591
f 727/2275/592 723/2276/592 724/2277/592 728/2278/592
f 726/2279/593 725/2280/593 729/2281/593 730/2282/593
f 725/2283/594 723/2284/594 727/2285/594 729/2286/594
f 728/2287/595 724/2288/595 726/2289/595 730/2290/595
o cuboid
v -0.8103130199489061 0.12499978183845101 0.39697407453170175
v -0.8103130199489059 0.374999781838451 0.39697407453170186
v -0.7146421618576337 0.12499978183845101 0.16600419140388012
v -0.49561655418724904 0.12499978183845067 0.5273256186810604
v -0.5793431368210842 0.37499978183845073 0.4926449326229743
v -0.483672278729812 0.12499978183845073 0.2616750494951525
vt 0.90625 0.25
vt 0.84375 0.25
vt 0.90625 0.1875
vt 0.84375 0.90625
vt 0.78125 0.90625
vt 0.84375 0.84375
vt 0.84375 0.1875
vt 0.90625 0.1875
vt 0.90625 0.25
vt 0.84375 0.25
vt 0.9375 0.375
vt 0.9375 0.4375
vt 0.875 0.4375
vt 0.875 0.375
vt 0.90625 0.1875
vt 0.90625 0.25
vt 0.84375 0.25
vt 0.84375 0.1875
vn -0.9238795325112867 1.0106430996148606e-15 -0.3826834323650897
vn 0.9455865932205766 0.32258084472856563 0.04251580101220149
vn -9.337124744079351e-16 -1 -3.8675637025670836e-16
vn 0.27059805007309917 0.7071067811865476 -0.6532814824381881
vn -0.3826834323650897 -2.465190328815662e-31 0.9238795325112867
usemtl m_34518951-18c4-980b-d1be-439301ab62d6
f 731/2291/596 732/2292/596 733/2293/596
f 734/2294/597 736/2295/597 735/2296/597
f 734/2297/598 731/2298/598 733/2299/598 736/2300/598
f 733/2301/599 732/2302/599 735/2303/599 736/2304/599
f 732/2305/600 731/2306/600 734/2307/600 735/2308/600
o cuboid
v 0.3969724075519005 0.8749997818384463 -0.8103113529691042
v 0.3969724075519005 0.6249997818384463 -0.8103113529691042
v 0.16600252442407876 0.8749997818384463 -0.7146404948778318
v 0.5285198374273999 0.8749997818384464 -0.49272776366834914
v 0.5285198374273999 0.6249997818384464 -0.49272776366834903
v 0.2616733825153511 0.8749997818384464 -0.48367061175001
vt 0.90625 0.25
vt 0.84375 0.25
vt 0.90625 0.1875
vt 0.84375 0.90625
vt 0.78125 0.90625
vt 0.84375 0.84375
vt 0.84375 0.1875
vt 0.90625 0.1875
vt 0.90625 0.25
vt 0.84375 0.25
vt 0.9375 0.375
vt 0.9375 0.4375
vt 0.875 0.4375
vt 0.875 0.375
vt 0.90625 0.1875
vt 0.90625 0.25
vt 0.84375 0.25
vt 0.84375 0.1875
vn -0.3826834323650894 -2.356072911435054e-16 -0.923879532511287
vn 0.03392190242726573 2.3706145288359277e-16 0.9994244866600553
vn -4.686520405326294e-17 1 -2.356072911435054e-16
vn -0.6532814824381884 -0.7071067811865476 0.2705980500730984
vn 0.923879532511287 -4.686520405326294e-17 -0.3826834323650894
usemtl m_34518951-18c4-980b-d1be-439301ab62d6
f 737/2309/601 738/2310/601 739/2311/601
f 740/2312/602 742/2313/602 741/2314/602
f 740/2315/603 737/2316/603 739/2317/603 742/2318/603
f 739/2319/604 738/2320/604 741/2321/604 742/2322/604
f 738/2323/605 737/2324/605 740/2325/605 741/2326/605
o cuboid
v 0.2722200503684583 0.533145630368117 -0.826290355855855
v 0.027239494454137758 0.7983106733130727 -0.7248160870784441
v -0.03400564452444288 0.20168932668692352 -0.6994475198840902
v -0.27898620043876343 0.4668543696318793 -0.5979732511066793
v 0.4157263375053662 0.5331456303681175 -0.47983553116412214
v 0.17074578159104564 0.7983106733130733 -0.3783612623867113
v 0.10950064261246495 0.20168932668692408 -0.35299269519235743
v -0.1354799133018556 0.4668543696318799 -0.2515184264149466
v 0.3200554794140942 0.7099223256647536 -0.7108054142919447
v 0.23839529410932087 0.7983106733130721 -0.6769806580328073
v 0.2722200503684583 0.533145630368117 -0.8262903558558552
v 0.02723949445413787 0.7983106733130727 -0.7248160870784439
v 0.3678909084597301 0.7099223256647538 -0.5953204727280337
v 0.2862307231549566 0.7983106733130725 -0.5614957164688961
v 0.4157263375053663 0.5331456303681174 -0.47983553116412236
v 0.17074578159104575 0.7983106733130733 -0.3783612623867111
v -0.10165515704271844 0.2016893266869239 -0.4008281242379943
v -0.1833153423474918 0.29007767433524245 -0.3670033679788569
v 0.10950064261246484 0.20168932668692374 -0.35299269519235754
v -0.1354799133018555 0.46685436963187954 -0.25151842641494626
v -0.14949058608835442 0.20168932668692396 -0.5163130658019053
v -0.23115077139312767 0.2900776743352425 -0.4824883095427679
v -0.03400564452444277 0.20168932668692363 -0.6994475198840906
v -0.2789862004387633 0.46685436963187943 -0.5979732511066793
vt 0.24999999999999997 1
vt 0.03125 1
vt 0.03125 0.65625
vt 0.24999999999999997 0.65625
vt 0.24999999999999997 0.65625
vt 0.24999999999999997 1
vt 0.03125 1
vt 0.03125 0.65625
vt 0.6875 0.0625
vt 0.9375 0.0625
vt 0.9375 0.3125
vt 0.6875 0.3125
vt 0.9375 0.0625
vt 0.9375 0.3125
vt 0.6875 0.3125
vt 0.6875 0.0625
vt 0.24999999999999997 0.65625
vt 0.24999999999999997 1
vt 0.03125 1
vt 0.03125 0.65625
vt 0.25 1
vt 0.03125 1
vt 0.03125 0.65625
vt 0.25 0.65625
vt 0.20833333333333331 0.5312500000000032
vt 0.13541666666666666 0.5312500000000032
vt 0.0625 0.4169727903482443
vt 0.28125 0.4169727903482443
vt 0.28125 0.4169687500000031
vt 0.20833333333333331 0.5312500000000031
vt 0.13541666666666666 0.5312500000000031
vt 0.0625 0.4169687500000031
vt 0.03125 0.625
vt 0.09375 0.625
vt 0.09375 0.6875
vt 0.03125 0.6875
vt 0.9375 0.0625
vt 0.9375 0.3125
vt 0.6875 0.3125
vt 0.6875 0.0625
vt 0.28125 0.4169727903482443
vt 0.20833333333333331 0.5312500000000031
vt 0.13541666666666666 0.5312500000000031
vt 0.0625 0.4169727903482443
vt 0.20833333333333331 0.5312500000000031
vt 0.13541666666666666 0.5312500000000031
vt 0.0625 0.4169727903482443
vt 0.28125 0.4169727903482443
vt 0.20833333333333331 0.5312500000000032
vt 0.13541666666666666 0.5312500000000032
vt 0.0625 0.4169727903482443
vt 0.28125 0.4169727903482443
vt 0.28125 0.4169687500000031
vt 0.20833333333333331 0.5312500000000031
vt 0.13541666666666666 0.5312500000000031
vt 0.0625 0.4169687500000031
vt 0.03125 0.625
vt 0.09375 0.625
vt 0.09375 0.6875
vt 0.03125 0.6875
vt 0.9375 0.0625
vt 0.9375 0.3125
vt 0.6875 0.3125
vt 0.6875 0.0625
vt 0.28125 0.4169727903482443
vt 0.20833333333333331 0.5312500000000031
vt 0.13541666666666666 0.5312500000000031
vt 0.0625 0.4169727903482443
vt 0.20833333333333331 0.5312500000000031
vt 0.13541666666666666 0.5312500000000031
vt 0.0625 0.4169727903482443
vt 0.28125 0.4169727903482443
vn -0.3826834323650876 -1.3877787807814457e-15 -0.9238795325112876
vn 0.3826834323650876 1.3877787807814457e-15 0.9238795325112876
vn 0.6532814824381897 0.7071067811865464 -0.27059805007309834
vn -0.6532814824381897 -0.7071067811865464 0.27059805007309834
vn 0.6532814824381882 -0.7071067811865488 -0.2705980500730956
vn -0.6532814824381882 0.7071067811865488 0.2705980500730956
vn 0.19134171618254595 0.5000000000000001 -0.8446231986207331
vn 0.7325378163287437 0.5000000000000002 0.46193976625564037
vn 0.6532814824381897 0.7071067811865464 -0.27059805007309834
vn -0.6532814824381897 -0.7071067811865464 0.27059805007309834
vn 0.9238795325112876 -2.220446049250313e-16 -0.3826834323650876
vn 3.83026943495679e-15 1 -4.440892098500626e-15
vn -0.19134171618254694 -0.5000000000000008 0.8446231986207324
vn -0.7325378163287425 -0.49999999999999695 -0.46193976625564603
vn -0.6532814824381901 -0.7071067811865464 0.2705980500730975
vn 0.6532814824381901 0.7071067811865464 -0.2705980500730975
vn -8.326672684688674e-16 -1 -2.7755575615628914e-16
vn -0.9238795325112874 1.7763568394002505e-15 0.38268343236508817
usemtl m_34518951-18c4-980b-d1be-439301ab62d6
f 744/2327/606 743/2328/606 745/2329/606 746/2330/606
f 749/2331/607 747/2332/607 748/2333/607 750/2334/607
f 747/2335/608 743/2336/608 744/2337/608 748/2338/608
f 746/2339/609 745/2340/609 749/2341/609 750/2342/609
f 745/2343/610 743/2344/610 747/2345/610 749/2346/610
f 748/2347/611 744/2348/611 746/2349/611 750/2350/611
f 752/2351/612 751/2352/612 753/2353/612 754/2354/612
f 757/2355/613 755/2356/613 756/2357/613 758/2358/613
f 755/2359/614 751/2360/614 752/2361/614 756/2362/614
f 754/2363/615 753/2364/615 757/2365/615 758/2366/615
f 753/2367/616 751/2368/616 755/2369/616 757/2370/616
f 756/2371/617 752/2372/617 754/2373/617 758/2374/617
f 760/2375/618 759/2376/618 761/2377/618 762/2378/618
f 765/2379/619 763/2380/619 764/2381/619 766/2382/619
f 763/2383/620 759/2384/620 760/2385/620 764/2386/620
f 762/2387/621 761/2388/621 765/2389/621 766/2390/621
f 761/2391/622 759/2392/622 763/2393/622 765/2394/622
f 764/2395/623 760/2396/623 762/2397/623 766/2398/623
o cuboid
v -0.3536797126135187 0.12499978183845101 -0.49938106417246997
v -0.3536797126135186 0.374999781838451 -0.49938106417246975
v -0.12270982948569698 0.12499978183845101 -0.5950519222637423
v -0.22332816846416037 0.12499978183845067 -0.18468459841081275
v -0.2580088545222464 0.37499978183845073 -0.2684111810446479
v -0.027038971394424793 0.12499978183845073 -0.3640820391359203
vt 0.90625 0.25
vt 0.84375 0.25
vt 0.90625 0.1875
vt 0.84375 0.90625
vt 0.78125 0.90625
vt 0.84375 0.84375
vt 0.84375 0.1875
vt 0.90625 0.1875
vt 0.90625 0.25
vt 0.84375 0.25
vt 0.9375 0.375
vt 0.9375 0.4375
vt 0.875 0.4375
vt 0.875 0.375
vt 0.90625 0.1875
vt 0.90625 0.25
vt 0.84375 0.25
vt 0.84375 0.1875
vn -0.38268343236508884 1.010643099614861e-15 -0.9238795325112871
vn 0.638567481062049 0.3225808447285656 0.6986939034686613
vn -3.867563702567074e-16 -1 -9.337124744079361e-16
vn 0.653281482438189 0.7071067811865476 -0.2705980500730972
vn -0.9238795325112873 -9.86076131526265e-32 0.38268343236508884
usemtl m_34518951-18c4-980b-d1be-439301ab62d6
f 767/2399/624 768/2400/624 769/2401/624
f 770/2402/625 772/2403/625 771/2404/625
f 770/2405/626 767/2406/626 769/2407/626 772/2408/626
f 769/2409/627 768/2410/627 771/2411/627 772/2412/627
f 768/2413/628 767/2414/628 770/2415/628 771/2416/628