# Made in Blockbench 4.12.0-beta.3
mtllib block.mtl

o shaft
v 0.3750000000000002 1 0.375
v 0.6250000000000002 1 0.375
v 0.6249999999999998 0 0.375
v 0.3749999999999998 5.551115123125783e-17 0.375
v 0.3750000000000002 1 0.625
v 0.3749999999999998 5.551115123125783e-17 0.625
v 0.6250000000000002 1 0.625
v 0.6249999999999998 0 0.625
vt 0.375 0
vt 0.625 0
vt 0.625 1
vt 0.375 1
vt 0.375 0
vt 0.625 0
vt 0.625 1
vt 0.375 1
vt 0.375 0
vt 0.625 0
vt 0.625 1
vt 0.375 1
vt 0.375 0
vt 0.625 0
vt 0.625 1
vt 0.375 1
vt 0.375 0.375
vt 0.625 0.375
vt 0.625 0.625
vt 0.375 0.625
vt 0.375 0.375
vt 0.625 0.375
vt 0.625 0.625
vt 0.375 0.625
vn 0 0 -1
vn -1 4.440892098500626e-16 0
vn 0 0 1
vn 1 -4.440892098500626e-16 0
vn -2.220446049250313e-16 -1 0
vn 0 1 0
usemtl m_7c6aab4a-f50e-4807-a152-81f7092118e5
f 1/1/1 2/2/1 3/3/1 4/4/1
f 5/5/2 1/6/2 4/7/2 6/8/2
f 7/9/3 5/10/3 6/11/3 8/12/3
f 2/13/4 7/14/4 8/15/4 3/16/4
usemtl m_dffce1a3-9427-9411-6bc7-a281d292efe4
f 8/17/5 6/18/5 4/19/5 3/20/5
f 2/21/6 1/22/6 5/23/6 7/24/6
o spokes
v -0.10529393859851821 0.9440568594324785 -0.9807692307692305
v -0.43702470782928715 0.25655715035977644 0.8883252147247767
v 0.11215007744593608 0.2565571503597764 1.4375
v 0.5004752921707127 0.25655715035977633 0.5
v -0.43702470782928715 0.7565571503597764 0.8883252147247767
v 0.11215007744593619 0.7565571503597763 1.4375
v 0.5004752921707127 0.7565571503597763 0.5
v -0.43702470782928715 0.25655715035977644 0.11167478527522351
v -0.43702470782928715 0.7565571503597764 0.11167478527522351
v 0.11215007744593597 0.2565571503597764 -0.4374999999999999
v 0.11215007744593608 0.7565571503597763 -0.4374999999999999
v 0.8888005068954892 0.2565571503597763 -0.4374999999999999
v 0.8888005068954894 0.7565571503597763 -0.4374999999999999
v 1.4379752921707125 0.2565571503597762 0.1116747852752229
v 1.4379752921707125 0.7565571503597762 0.1116747852752229
v 1.4379752921707125 0.2565571503597762 0.8883252147247769
v 1.4379752921707125 0.7565571503597762 0.8883252147247769
v 0.8888005068954901 0.2565571503597763 1.4375
v 0.8888005068954901 0.7565571503597763 1.4375
v -0.23990932321390213 0.0690574412870738 2.2499941655706914
v -1.2495247078292873 0.06905718676528316 1.2403846153846154
v -1.2495247078292873 0.9440571139542695 1.2403846153846154
v -0.23990932321390213 0.9440573687929422 2.25
v -0.10529393859851777 0.9440568594324785 1.9807692307692308
v -0.9802939385985182 0.9440571139542704 1.1057692307692308
v -0.9802939385985182 0.06905718676528311 1.1057692307692308
v -0.10529393859851777 0.06905693192661061 1.9807692307692308
v -1.2495247078292873 0.06905718676528316 -0.2403846153846153
v -1.2495247078292873 0.9440571139542704 -0.2403846153846153
v -0.9802939385985182 0.9440571139542704 -0.10576923076923073
v -0.9802939385985182 0.06905718676528311 -0.10576923076923073
v -0.23990932321390313 0.0690574412870738 -1.2499941655706923
v -0.23990932321390313 0.9440573687929422 -1.2499999999999987
v -0.10529393859851821 0.06905693192661039 -0.9807692307692305
v 1.2408599075553275 0.06905744128707358 -1.2499941655706928
v 1.2408599075553275 0.944057368792942 -1.2499999999999996
v 1.106244522939943 0.9440568594324785 -0.9807692307692305
v 1.1062445229399434 0.06905693192661028 -0.9807692307692305
v 2.2504752921707127 0.06905718676528272 -0.24038461538461575
v 2.2504752921707127 0.9440571139542699 -0.24038461538461575
v 1.9812445229399431 0.9440571139542699 -0.10576923076923117
v 1.9812445229399431 0.06905718676528233 -0.10576923076923117
v 2.2504752921707127 0.06905718676528272 1.240384615384615
v 2.2504752921707127 0.9440571139542699 1.240384615384615
v 1.9812445229399431 0.9440571139542699 1.1057692307692304
v 1.9812445229399431 0.06905718676528277 1.1057692307692304
v 1.2408599075553286 0.06905744128707358 2.2499941655706914
v 1.2408599075553286 0.944057368792942 2.25
v 1.1062445229399438 0.9440568594324785 1.9807692307692308
v 1.1062445229399438 0.0690569319266105 1.9807692307692308
v 0.6975838159060694 0.16047258053780034 -1.3732832850800087
v 0.8238528839750958 0.28674164860682694 -1.3732832850800087
v 0.27142571117310543 0.8391688214088169 -1.3732832850800087
v 0.14515664310407894 0.7128997533397904 -1.3732832850800087
v 0.6975838159060694 0.16047258053780034 -1.19471185650858
v 0.14515664310407894 0.7128997533397904 -1.19471185650858
v 0.8238528839750958 0.28674164860682694 -1.19471185650858
v 0.27142571117310543 0.8391688214088169 -1.19471185650858
v 0.7840430527922224 0.5538358023139478 -1.0339975707942943
v 0.7840430527922224 0.5538358023139478 -1.5339975707942948
v 0.5385198648802266 0.7993589902259436 -1.0339975707942943
v 0.5385198648802266 0.7993589902259436 -1.5339975707942948
v 0.4304896621989486 0.20028241172067407 -1.0339975707942943
v 0.4304896621989486 0.20028241172067407 -1.5339975707942948
v 0.1849664742869529 0.4458055996326698 -1.0339975707942943
v 0.1849664742869529 0.4458055996326698 -1.5339975707942948
v 0.3273699232759103 0.8337322365336229 -1.4089975707942943
v 0.3273699232759103 0.8337322365336229 -1.1589975707942943
v 0.5385198648802266 0.7993589902259436 -1.5339975707942948
v 0.5385198648802266 0.7993589902259436 -1.0339975707942943
v 0.15059322797927344 0.6569555412369861 -1.4089975707942943
v 0.15059322797927344 0.6569555412369861 -1.1589975707942943
v 0.1849664742869529 0.4458055996326698 -1.5339975707942948
v 0.1849664742869529 0.4458055996326698 -1.0339975707942943
v 0.8184162990999018 0.3426858607096316 -1.1589975707942943
v 0.8184162990999018 0.3426858607096316 -1.4089975707942943
v 0.7840430527922224 0.5538358023139478 -1.0339975707942943
v 0.7840430527922224 0.5538358023139478 -1.5339975707942948
v 0.6416396038032649 0.16590916541299472 -1.1589975707942943
v 0.6416396038032649 0.16590916541299472 -1.4089975707942943
v 0.4304896621989486 0.20028241172067407 -1.0339975707942943
v 0.4304896621989486 0.20028241172067407 -1.5339975707942948
v -0.02985479371919819 0.1940571503597764 0.9419417382415921
v 0.05853355392912035 0.1940571503597764 1.030330085889911
v 0.05853355392912035 0.8190571503597763 1.0303300858899105
v -0.029854793719198303 0.8190571503597763 0.941941738241592
v -0.11824314136751668 0.1940571503597764 1.0303300858899105
v -0.11824314136751679 0.8190571503597763 1.0303300858899105
v -0.02985479371919808 0.1940571503597764 1.1187184335382292
v -0.02985479371919819 0.8190571503597763 1.1187184335382292
v 0.05853355392912013 0.1940571503597765 -0.030330085889910596
v -0.029854793719198414 0.1940571503597765 0.058058261758408
v -0.02985479371919819 0.8190571503597764 0.05805826175840789
v 0.05853355392912046 0.8190571503597764 -0.030330085889910596
v -0.029854793719198303 0.1940571503597765 -0.11871843353822908
v -0.02985479371919808 0.8190571503597766 -0.11871843353822908
v -0.1182431413675169 0.1940571503597765 -0.030330085889910374
v -0.11824314136751668 0.8190571503597766 -0.030330085889910596
v 1.0308053780606234 0.1940571503597764 0.058058261758408
v 0.9424170304123047 0.1940571503597764 -0.030330085889910596
v 0.942417030412305 0.8190571503597763 -0.030330085889910374
v 1.0308053780606234 0.8190571503597763 0.05805826175840828
v 1.1191937257089417 0.1940571503597764 -0.030330085889910152
v 1.1191937257089422 0.8190571503597763 -0.03033008588990993
v 1.0308053780606232 0.1940571503597764 -0.11871843353822886
v 1.0308053780606234 0.8190571503597763 -0.11871843353822864
v 0.9424170192364338 0.19405715035977628 1.0303300952031362
v 1.0308053687473977 0.19405715035977628 0.9419417494174628
v 1.0308053687473975 0.8190571503597763 0.9419417494174629
v 0.9424170192364338 0.8190571503597763 1.0303300952031362
v 1.0308053650221072 0.19405715035977628 1.1187184447140996
v 1.030805365022107 0.8190571503597763 1.1187184447141
v 1.1191937145330708 0.19405715035977628 1.0303300989284265
v 1.1191937145330708 0.8190571503597763 1.0303300989284265
v 0.32438938622143315 0.07686965035977611 0.23316724404391154
v 0.23600103857311472 0.07686965035977616 0.14477889639559305
v 0.14761269092479623 0.07686965035977616 0.23316724404391154
v 0.23600103857311466 0.07686965035977616 0.32155559169222997
v 0.2360010385731146 0.9362446503597763 0.3215555916922298
v 0.14761269092479617 0.9362446503597761 0.23316724404391131
v 0.23600103857311466 0.9362446503597761 0.14477889639559294
v 0.32438938622143304 0.9362446503597762 0.23316724404391137
v -0.2501348734926363 0.13825357893120505 0.012196374923115427
v 0.059224343276478186 0.138253578931205 0.32155559169223
v 0.3243893862214336 0.13825357893120493 0.05639054874727478
v 0.015030169452319109 0.138253578931205 -0.2529686680218398
v 0.015030169452319164 0.8748607217883477 -0.25296866802183937
v 0.3243893862214335 0.8748607217883475 0.05639054874727489
v 0.05922434327647813 0.8748607217883475 0.32155559169223014
v -0.2501348734926365 0.8748607217883478 0.012196374923115538
v 0.05922434327647802 0.138253578931205 0.32155559169223014
v 0.3243893862214334 0.13825357893120493 0.05639054874727489
v 0.3243893862214333 0.8748607217883475 0.05639054874727478
v 0.059224343276477964 0.8748607217883475 0.32155559169223
v 0.677942776814707 0.13825357893120493 0.05639054874727495
v 0.677942776814707 0.8748607217883475 0.05639054874727478
v 0.1365827090217629 0.8748607217883475 0.34731725949780884
v 0.3501506120852741 0.8748607217883475 0.13374935643429764
v 0.9431078197596625 0.13825357893120466 0.32155559169223047
v 0.9431078197596623 0.8748607217883477 0.32155559169223014
v 0.6521815509508664 0.8748607217883475 0.13374935643429786
v 0.9431078197596625 0.13825357893120466 0.6751089822855042
v 0.9431078197596623 0.8748607217883477 0.6751089822855039
v 0.8657494540143778 0.8748607217883477 0.34731725949780906
v 0.6779427768147073 0.1382535789312047 0.9402740252304594
v 0.677942776814707 0.8748607217883477 0.9402740252304591
v 0.8657490120726394 0.8748607217883477 0.6493477564216631
v 0.3243893862214335 0.1382535789312047 0.9402740252304594
v 0.32438938622143326 0.8748607217883477 0.9402740252304591
v 0.6521811090091283 0.8748607217883477 0.8629156594851743
v 0.05922434327647802 0.138253578931205 0.6751089822855039
v 0.05922434327647802 0.8748607217883475 0.6751089822855038
v 0.35015061208527404 0.8748607217883477 0.8629152175434363
v 0.13658270902176284 0.8748607217883475 0.649347314479925
v 0.50116608151807 0.8748607217883477 0.4983322869888668
v 0.5011660815180701 0.1382535789312047 0.49833228698886695
v 0.35015105402701213 0.13825357893120493 0.13374891449255977
v 0.13658315096350093 0.138253578931205 0.3473168175560709
v 0.13658315096350104 0.138253578931205 0.6493477564216633
v 0.35015105402701224 0.1382535789312047 0.8629156594851746
v 0.6521815509508664 0.1382535789312047 0.8629152175434364
v 0.8657494540143775 0.13825357893120466 0.6493473144799252
v 0.8657494540143778 0.13825357893120466 0.3473172594978092
v 0.6521815509508666 0.13825357893120493 0.13374935643429797
v 1.031496167407981 0.13825357893120488 -0.2971628418459987
v 0.677942776814707 0.13825357893120493 0.05639054874727495
v 0.9431078197596625 0.13825357893120466 0.32155559169223047
v 1.2966612103529365 0.1382535789312046 -0.03199779890104326
v 1.296661210352936 0.8748607217883476 -0.031997798901043484
v 0.9431078197596623 0.8748607217883477 0.32155559169223014
v 0.6779427768147073 0.8748607217883475 0.05639054874727495
v 1.031496167407981 0.8748607217883475 -0.2971628418459987
v 0.8547194721113438 0.07686965035977605 0.23316724404391154
v 0.7663311244630253 0.0768696503597765 0.14477889639559322
v 0.677942776814707 0.07686965035977655 0.2331672440439116
v 0.7663311244630253 0.07686965035977605 0.3215555916922299
v 0.7663311244630253 0.9362446503597761 0.3215555916922299
v 0.6779427768147068 0.9362446503597762 0.23316724404391148
v 0.7663311244630253 0.9362446503597761 0.14477889639559305
v 0.8547194721113438 0.9362446503597761 0.23316724404391154
v 0.8547194721113436 0.07686965035977605 0.4983322869888668
v 0.5011660815180704 0.07686965035977633 0.14477889639559338
v 0.1476126909247965 0.07686965035977639 0.4983322869888671
v 0.50116608151807 0.07686965035977611 0.8518856775821405
v 0.50116608151807 0.9362446503597763 0.8518856775821405
v 0.1476126909247965 0.9362446503597763 0.498332286988867
v 0.5011660815180703 0.9362446503597762 0.14477889639559327
v 0.8547194721113438 0.9362446503597763 0.4983322869888668
v 0.8547194721113438 0.07686965035977605 0.7634973299338221
v 0.7663311244630253 0.07686965035977605 0.6751089822855036
v 0.6779427768147068 0.07686965035977611 0.7634973299338221
v 0.7663311244630253 0.07686965035977605 0.8518856775821405
v 0.7663311244630253 0.9362446503597763 0.8518856775821405
v 0.6779427768147068 0.9362446503597763 0.7634973299338221
v 0.7663311244630253 0.9362446503597763 0.6751089822855036
v 0.8547194721113438 0.9362446503597763 0.7634973299338221
v 1.2966612103529358 0.1382535789312046 1.0286623728787787
v 0.9431078197596621 0.13825357893120466 0.6751089822855046
v 0.6779427768147064 0.1382535789312047 0.9402740252304596
v 1.0314961674079801 0.13825357893120466 1.2938274158237335
v 1.0314961674079803 0.8748607217883475 1.2938274158237335
v 0.6779427768147066 0.8748607217883477 0.9402740252304594
v 0.9431078197596623 0.8748607217883477 0.6751089822855045
v 1.296661210352936 0.8748607217883474 1.0286623728787783
v 0.32438938622143304 0.07686965035977611 0.7634973299338221
v 0.23600103857311472 0.07686965035977661 0.6751089822855038
v 0.14761269092479629 0.07686965035977661 0.7634973299338221
v 0.2360010385731146 0.07686965035977616 0.8518856775821405
v 0.23600103857311472 0.9362446503597763 0.8518856775821405
v 0.14761269092479629 0.9362446503597763 0.763497329933822
v 0.23600103857311472 0.9362446503597763 0.6751089822855036
v 0.32438938622143315 0.9362446503597762 0.7634973299338221
v -0.02916400437184108 0.13825357893120477 1.2938274158237326
v 0.32438938622143304 0.1382535789312047 0.9402740252304593
v 0.0592243432764778 0.138253578931205 0.6751089822855034
v -0.294329047316796 0.13825357893120505 1.0286623728787774
v -0.2943290473167959 0.8748607217883476 1.0286623728787774
v 0.05922434327647813 0.8748607217883475 0.6751089822855036
v 0.32438938622143315 0.8748607217883477 0.9402740252304593
v -0.029164004371840968 0.8748607217883477 1.293827415823733
v -0.02985479371919819 0.06905715035977639 0.9419417382415921
v 0.05853355392912035 0.06905715035977639 1.030330085889911
v 0.05853355392912035 0.9440571503597763 1.0303300858899105
v -0.029854793719198303 0.9440571503597763 0.941941738241592
v -0.11824314136751668 0.06905715035977639 1.0303300858899105
v -0.11824314136751679 0.9440571503597763 1.0303300858899105
v -0.02985479371919808 0.06905715035977639 1.1187184335382292
v -0.02985479371919819 0.9440571503597763 1.1187184335382292
v 0.9424170192364338 0.06905715035977628 1.0303300952031362
v 1.0308053687473977 0.06905715035977628 0.9419417494174628
v 1.0308053687473975 0.9440571503597763 0.9419417494174629
v 0.9424170192364338 0.9440571503597763 1.0303300952031362
v 1.0308053650221072 0.06905715035977628 1.1187184447140996
v 1.030805365022107 0.9440571503597763 1.1187184447141
v 1.1191937145330708 0.06905715035977628 1.0303300989284265
v 1.1191937145330708 0.9440571503597763 1.0303300989284265
v 1.0308053780606234 0.06905715035977639 0.058058261758408
v 0.9424170304123047 0.06905715035977639 -0.030330085889910596
v 0.942417030412305 0.9440571503597763 -0.030330085889910374
v 1.0308053780606234 0.9440571503597763 0.058058261758408336
v 1.1191937257089417 0.06905715035977639 -0.030330085889910374
v 1.1191937257089422 0.9440571503597763 -0.03033008588990993
v 1.0308053780606232 0.06905715035977639 -0.11871843353822886
v 1.0308053780606234 0.9440571503597763 -0.11871843353822864
v 0.05853355392912013 0.0690571503597765 -0.030330085889910596
v -0.029854793719198414 0.0690571503597765 0.058058261758408
v -0.02985479371919819 0.9440571503597764 0.05805826175840789
v 0.05853355392912046 0.9440571503597764 -0.030330085889910596
v -0.029854793719198303 0.0690571503597765 -0.11871843353822908
v -0.02985479371919808 0.9440571503597764 -0.11871843353822908
v -0.1182431413675169 0.0690571503597765 -0.030330085889910374
v -0.11824314136751668 0.9440571503597764 -0.030330085889910596
v 0.9309440421707129 0.06957798369310958 -1.49609375
v 0.9309440421707125 0.3977029836931096 -1.49609375
v 0.5559440421707125 0.06957798369310964 -1.49609375
v 0.5559440421707125 0.06957798369310964 -1.05859375
v 0.9309440421707129 0.06957798369310958 -1.05859375
v 0.9309440421707125 0.3977029836931096 -1.05859375
v -0.14673339903724858 0.1315571503597764 2.0558461792057057
v -1.055370887034993 0.1315571503597765 1.1472086912079615
v -1.0620247078292877 0.8815571503597766 1.1472086912079615
v -0.14673339903724858 0.8815571503597763 2.0625
v -0.08238403966187657 0.8815571503597763 1.9071469038659568
v -0.9066716116952441 0.8815571503597766 1.0828593318325894
v -0.9133254324895385 0.1315571503597765 1.0828593318325894
v -0.08238403966187657 0.1315571503597764 1.9138007246602515
v -1.055370887034993 0.1315571503597765 -0.14720869120796098
v -1.0620247078292877 0.8815571503597766 -0.14720869120796098
v -0.9066716116952441 0.8815571503597766 -0.08285933183258887
v -0.9133254324895385 0.1315571503597765 -0.08285933183258887
v -0.1467333990372489 0.1315571503597764 -1.0558461792057057
v -0.1467333990372489 0.8815571503597763 -1.0625000000000004
v -0.08238403966187668 0.8815571503597763 -0.9071469038659564
v -0.08238403966187668 0.1315571503597764 -0.9138007246602512
v 1.1476839833786736 0.13155715035977628 -1.0558461792057057
v 1.1476839833786736 0.8815571503597763 -1.0625000000000004
v 1.0833346240033015 0.8815571503597763 -0.9071469038659569
v 1.0833346240033015 0.13155715035977628 -0.9138007246602516
v 2.056321471376418 0.13155715035977616 -0.14720869120796187
v 2.0629752921707127 0.8815571503597761 -0.14720869120796187
v 1.907622196036669 0.8815571503597761 -0.08285933183258998
v 1.9142760168309638 0.13155715035977616 -0.08285933183258998
v 2.0563214713764184 0.13155715035977616 1.1472086912079615
v 2.0629752921707127 0.8815571503597761 1.1472086912079615
v 1.907622196036669 0.8815571503597761 1.0828593318325894
v 1.9142760168309638 0.13155715035977616 1.0828593318325894
v 1.147683983378675 0.13155715035977628 2.0558461792057057
v 1.147683983378675 0.8815571503597763 2.0625
v 1.0833346240033024 0.8815571503597763 1.9071469038659563
v 1.0833346240033024 0.13155715035977628 1.913800724660251
v 1.0888468296324953 0.7565571503597763 1.9204545454545454
v 1.9209298376252582 0.7565571503597761 1.088371537461783
v 1.9209298376252582 0.25655715035977616 1.088371537461783
v 1.0888468296324953 0.2565571503597762 1.9204545454545454
v 0.8828533652411692 0.2565571503597763 1.423142329960787
v 1.4236176221314993 0.2565571503597762 0.8823780730704571
v 1.4236176221314993 0.7565571503597762 0.8823780730704571
v 0.8828533652411692 0.7565571503597763 1.423142329960787
v 1.9209298376252582 0.7565571503597761 -0.08837153746178272
v 1.9209298376252582 0.25655715035977616 -0.08837153746178272
v 1.4236176221314993 0.2565571503597762 0.11762192692954382
v 1.4236176221314993 0.7565571503597762 0.11762192692954382
v 1.0888468296324953 0.7565571503597763 -0.9204545454545455
v 1.0888468296324953 0.2565571503597762 -0.9204545454545455
v 0.8828533652411692 0.2565571503597763 -0.42314232996078693
v 0.8828533652411692 0.7565571503597763 -0.42314232996078693
v -0.08789624529107021 0.7565571503597763 -0.9204545454545455
v -0.08789624529107021 0.25655715035977644 -0.9204545454545455
v 0.11809721910025572 0.2565571503597764 -0.42314232996078693
v 0.11809721910025583 0.7565571503597763 -0.42314232996078693
v -0.9199792532838332 0.7565571503597766 -0.08837153746178383
v -0.9199792532838332 0.2565571503597765 -0.08837153746178383
v -0.4226670377900743 0.25655715035977644 0.11762192692954282
v -0.4226670377900743 0.7565571503597764 0.11762192692954282
v -0.9199792532838332 0.7565571503597766 1.088371537461783
v -0.9199792532838332 0.2565571503597765 1.088371537461783
v -0.4226670377900744 0.25655715035977644 0.8823780730704571
v -0.4226670377900744 0.7565571503597764 0.8823780730704571
v -0.08789624529107132 0.7565571503597763 1.9204545454545454
v -0.08789624529107132 0.25655715035977644 1.9204545454545454
v 0.11809721910025495 0.2565571503597764 1.423142329960787
v 0.11809721910025506 0.7565571503597763 1.423142329960787
v -0.42282016237474196 0.1318696503597765 0.2869318181818182
v -0.9199792532838332 0.13186965035977655 0.2869318181818182
v -0.9199792532838332 0.13186965035977655 0.7130681818181819
v -0.42282016237474196 0.1318696503597765 0.7130681818181819
v -0.4228201623747423 0.881244650359776 0.7130681818181819
v -0.9199792532838332 0.881244650359776 0.7130681818181819
v -0.9199792532838332 0.881244650359776 0.2869318181818182
v -0.4228201623747423 0.881244650359776 0.2869318181818182
v -0.30305514099581876 0.1318696503597765 1.0022065207290822
v -0.654599705506176 0.13186965035977655 1.3537510852394394
v -0.3532757930687269 0.1318696503597765 1.655074997676889
v -0.0017312285583693798 0.13186965035977666 1.3035304331665318
v -0.001731228558369713 0.8812446503597762 1.3035304331665318
v -0.35327579306872725 0.881244650359776 1.655074997676889
v -0.654599705506176 0.881244650359776 1.3537510852394394
v -0.303055140995819 0.881244650359776 1.0022065207290822
v 0.28740711035253047 0.1318696503597766 1.4232954545454546
v 0.28740711035253036 0.1318696503597766 1.9204545454545454
v 0.713543473988894 0.1318696503597766 1.9204545454545454
v 0.7135434739888942 0.1318696503597766 1.4232954545454546
v 0.7135434739888942 0.8812446503597761 1.4232954545454546
v 0.713543473988894 0.8812446503597761 1.9204545454545454
v 0.28740711035253036 0.8812446503597761 1.9204545454545454
v 0.28740711035253036 0.8812446503597761 1.4232954545454546
v 1.0026818128997947 0.13186965035977655 1.3035304331665318
v 1.3542263774101522 0.1318696503597767 1.655074997676889
v 1.6555502898476013 0.13186965035977666 1.3537510852394403
v 1.304005725337244 0.1318696503597767 1.0022065207290822
v 1.304005725337244 0.8812446503597762 1.0022065207290822
v 1.6555502898476013 0.8812446503597762 1.3537510852394403
v 1.354226377410152 0.8812446503597762 1.655074997676889
v 1.0026818128997943 0.881244650359776 1.3035304331665318
v 1.423770746716167 0.1318696503597767 0.7130681818181819
v 1.9209298376252582 0.13186965035977666 0.7130681818181819
v 1.9209298376252582 0.13186965035977666 0.2869318181818182
v 1.423770746716167 0.1318696503597767 0.2869318181818182
v 1.423770746716167 0.8812446503597762 0.2869318181818182
v 1.9209298376252582 0.8812446503597762 0.2869318181818182
v 1.9209298376252582 0.8812446503597762 0.7130681818181819
v 1.423770746716167 0.8812446503597762 0.7130681818181819
v 1.304005725337244 0.1318696503597767 -0.0022065207290821176
v 1.6555502898476013 0.13186965035977666 -0.35375108523943977
v 1.3542263774101522 0.1318696503597767 -0.6550749976768891
v 1.0026818128997947 0.13186965035977655 -0.3035304331665313
v 1.0026818128997943 0.881244650359776 -0.3035304331665313
v 1.354226377410152 0.8812446503597762 -0.6550749976768891
v 1.6555502898476013 0.8812446503597762 -0.35375108523943977
v 1.304005725337244 0.8812446503597762 -0.0022065207290821176
v 0.7135434739888942 0.1318696503597766 -0.4232954545454545
v 0.713543473988894 0.1318696503597766 -0.9204545454545455
v 0.28740711035253036 0.1318696503597766 -0.9204545454545455
v 0.28740711035253047 0.1318696503597766 -0.4232954545454545
v 0.28740711035253036 0.8812446503597761 -0.4232954545454545
v 0.28740711035253036 0.8812446503597761 -0.9204545454545455
v 0.713543473988894 0.8812446503597761 -0.9204545454545455
v 0.7135434739888942 0.8812446503597761 -0.4232954545454545
v -0.0017312285583693798 0.13186965035977666 -0.3035304331665313
v -0.3532757930687269 0.1318696503597765 -0.6550749976768891
v -0.654599705506176 0.13186965035977655 -0.3537510852394393
v -0.30305514099581876 0.1318696503597765 -0.0022065207290821176
v -0.303055140995819 0.881244650359776 -0.0022065207290821176
v -0.654599705506176 0.881244650359776 -0.3537510852394393
v -0.35327579306872725 0.881244650359776 -0.6550749976768891
v -0.001731228558369713 0.8812446503597762 -0.3035304331665313
v 0.07000654217071228 0.943536317026443 -1.50390625
v 0.07000654217071262 0.615411317026443 -1.50390625
v 0.44500654217071284 0.9435363170264428 -1.50390625
v 0.44500654217071284 0.9435363170264428 -1.06640625
v 0.07000654217071228 0.943536317026443 -1.06640625
v 0.07000654217071262 0.615411317026443 -1.06640625
v 1.662048567253935 0.06957798369310947 -1.179416901822791
v 1.6620485672539345 0.3977029836931095 -1.179416901822791
v 1.3155937425622017 0.06957798369310952 -1.3229231889596997
v 1.1900257413174067 0.06957798369310952 -1.019775217354434
v 1.476686279702094 0.06957798369310952 -0.7319127532626365
v 1.4766862797020937 0.3977029836931095 -0.7319127532626367
v 1.3994543002598931 0.16047258053780022 -1.1552579192694634
v 1.5161117078381414 0.2867416486068268 -1.106936838899267
v 1.0057355496833063 0.8391688214088169 -1.3183415655188755
v 0.8890781421050584 0.7128997533397903 -1.3666626458890718
v 1.331117973051841 0.16047258053780022 -0.9902794313210194
v 0.8207418148970065 0.7128997533397903 -1.2016841579406274
v 1.447775380630089 0.2867416486068268 -0.941958350950823
v 0.9373992224752543 0.8391688214088169 -1.1533630775704315
v 1.3494931979202562 0.5538358023139478 -0.8087122746361602
v 1.5408349141028013 0.5538358023139477 -1.2706520408918034
v 1.1226593498514408 0.7993589902259435 -0.9026699309115417
v 1.3140010660339858 0.7993589902259435 -1.364609697167185
v 1.022852456701162 0.20028241172067401 -0.9440112996727096
v 1.2141941728837071 0.20028241172067396 -1.405951065928353
v 0.7960186086323466 0.4458055996326697 -1.0379689559480911
v 0.9873603248148917 0.4458055996326697 -1.4999087222037342
v 1.0710885276491682 0.8337322365336228 -1.3299283400001025
v 0.975417669557896 0.8337322365336228 -1.0989584568722806
v 1.3140010660339858 0.7993589902259435 -1.364609697167185
v 1.1226593498514408 0.7993589902259435 -0.9026699309115417
v 0.9077681570396212 0.656955541236986 -1.3975778525183769
v 0.8120972989483488 0.656955541236986 -1.1666079693905553
v 0.9873603248148917 0.4458055996326697 -1.4999087222037342
v 0.7960186086323466 0.4458055996326697 -1.0379689559480911
v 1.4290853656955267 0.3426858607096315 -0.9110431443215176
v 1.5247562237867993 0.3426858607096315 -1.1420130274493392
v 1.3494931979202562 0.5538358023139478 -0.8087122746361602
v 1.5408349141028013 0.5538358023139477 -1.2706520408918034
v 1.2657649950859795 0.1659091654129946 -0.9786926568397923
v 1.361435853177252 0.1659091654129946 -1.209662539967614
v 1.022852456701162 0.20028241172067401 -0.9440112996727096
v 1.2141941728837071 0.20028241172067396 -1.405951065928353
v 0.8696357465478506 0.9435363170264428 -1.5161012282223556
v 0.8696357465478508 0.6154113170264429 -1.5161012282223556
v 1.2160905712395835 0.9435363170264428 -1.3725949410854463
v 1.0845431413640838 0.9435363170264428 -1.0550113517846915
v 0.68427345899601 0.9435363170264429 -1.0685970796622009
v 0.6842734589960103 0.6154113170264429 -1.0685970796622009
v 2.1871100028412482 0.9435363170264427 -0.6645629893985746
v 2.1871100028412482 0.6154113170264427 -0.6645629893985742
v 2.3306162899781575 0.9435363170264426 -0.31810816470684167
v 2.0130327006774027 0.9435363170264427 -0.18656073483134172
v 1.7396058542810935 0.9435363170264428 -0.479200701846734
v 1.739605854281094 0.6154113170264428 -0.4792007018467336
v 2.306593544263101 0.1604725805377999 -0.0347699465639576
v 2.354914624633297 0.2867416486068265 0.08188746101429034
v 2.1435098980136886 0.8391688214088164 -0.4284886971405443
v 2.0951888176434923 0.7128997533397899 -0.5451461047187921
v 2.1416150563146568 0.1604725805378 0.03356638064409423
v 1.9302103296950484 0.71289975333979 -0.4768097775107404
v 2.1899361366848527 0.2867416486068265 0.15022378822234228
v 1.9785314100652442 0.8391688214088167 -0.36015236993249233
v 2.0262209346923163 0.5538358023139475 0.1749469944870024
v 2.48816070094796 0.5538358023139474 -0.01639472169554257
v 1.9322632784169351 0.7993589902259433 -0.051886853581813
v 2.394203044672578 0.7993589902259431 -0.24322856976435803
v 1.8909219096557672 0.20028241172067368 -0.15169374673209168
v 2.3528616759114107 0.20028241172067363 -0.3430354629146367
v 1.7969642533803856 0.44580559963266947 -0.37852759480090714
v 2.258904019636029 0.4458055996326693 -0.569869310983452
v 2.197914518711839 0.8337322365336226 -0.3904702500579028
v 1.9669446355840177 0.8337322365336226 -0.2947993919666304
v 2.394203044672578 0.7993589902259431 -0.24322856976435803
v 1.9322632784169351 0.7993589902259433 -0.051886853581813
v 2.130265006193565 0.6569555412369856 -0.55379062066745
v 1.8992951230657429 0.6569555412369856 -0.4581197625761776
v 2.258904019636029 0.4458055996326693 -0.569869310983452
v 1.7969642533803856 0.44580559963266947 -0.37852759480090714
v 2.154859948134781 0.34268586070963114 0.15886830417100023
v 2.3858298312626025 0.34268586070963103 0.06319744607972783
v 2.0262209346923163 0.5538358023139475 0.1749469944870024
v 2.48816070094796 0.5538358023139474 -0.01639472169554257
v 2.0872104356165058 0.16590916541299428 -0.004452066438546676
v 2.3181803187443277 0.16590916541299428 -0.10012292452981908
v 1.8909219096557672 0.20028241172067368 -0.15169374673209168
v 2.3528616759114107 0.20028241172067363 -0.3430354629146367
v 2.5093587115453238 0.06957798369310941 0.13382925993821404
v 2.5093587115453238 0.3977029836931094 0.13382925993821365
v 2.365852424408415 0.06957798369310941 -0.2126255647535188
v 2.062704452803149 0.06957798369310947 -0.08705756350872351
v 2.0618545629851694 0.06957798369310947 0.3191915474900545
v 2.0618545629851694 0.3977029836931094 0.31919154749005413
v 1.6130636181939204 0.9435363170264428 -1.2213630704510021
v 1.6130636181939209 0.6154113170264428 -1.2213630704510017
v 1.8782286611388765 0.9435363170264427 -0.9561980275060463
v 1.5688694443697617 0.9435363170264428 -0.6468388107369317
v 1.3037044014248058 0.9435363170264428 -0.9120038536818874
v 1.303704401424806 0.6154113170264428 -0.9120038536818872
v 2.2163140908936945 0.06957798369310941 -0.6070640542951881
v 2.2163140908936945 0.3977029836931094 -0.6070640542951883
v 1.9511490479487392 0.06957798369310947 -0.8722290972401435
v 1.6417898311796244 0.06957798369310947 -0.5628698804710289
v 1.90695487412458 0.06957798369310947 -0.29770483752607346
v 1.9069548741245796 0.39770298369310947 -0.2977048375260737
v 1.9644633798971398 0.16047258053780006 -0.6852345402005465
v 2.0537490941828542 0.2867416486068266 -0.5959488259148321
v 1.6631240941828538 0.8391688214088168 -0.9865738259148321
v 1.5738383798971398 0.7128997533397902 -1.0758595402005464
v 1.8381943118281132 0.16047258053780006 -0.5589654721315199
v 1.447569311828113 0.7128997533397903 -0.9495904721315199
v 1.9274800261138276 0.28674164860682666 -0.4696797578458055
v 1.5368550261138272 0.8391688214088169 -0.8603047578458055
v 1.7856880632644025 0.5538358023139477 -0.38418739817098346
v 2.1392414538576765 0.5538358023139476 -0.7377407887642572
v 1.6120769521532914 0.7993589902259435 -0.5577985092820944
v 1.9656303427465653 0.7993589902259434 -0.9113518998753684
v 1.5356880632644025 0.20028241172067396 -0.6341873981709835
v 1.8892414538576765 0.2002824117206739 -0.9877407887642574
v 1.3620769521532912 0.44580559963266964 -0.8077985092820946
v 1.7156303427465653 0.4458055996326696 -1.1613518998753687
v 1.7279364395426913 0.8337322365336228 -0.9722691077826054
v 1.5511597442460543 0.8337322365336228 -0.7954924124859685
v 1.9656303427465653 0.7993589902259434 -0.9113518998753684
v 1.6120769521532914 0.7993589902259435 -0.5577985092820944
v 1.6029364395426913 0.6569555412369859 -1.0972691077826053
v 1.426159744246054 0.6569555412369859 -0.9204924124859685
v 1.7156303427465653 0.4458055996326696 -1.1613518998753687
v 1.3620769521532912 0.44580559963266964 -0.8077985092820946
v 1.8983819664682766 0.3426858607096313 -0.44827019026374637
v 2.0751586617649136 0.34268586070963125 -0.6250468855603833
v 1.7856880632644025 0.5538358023139477 -0.38418739817098346
v 2.1392414538576765 0.5538358023139476 -0.7377407887642572
v 1.7733819664682766 0.16590916541299433 -0.5732701902637464
v 1.9501586617649136 0.16590916541299433 -0.7500468855603833
v 1.5356880632644025 0.20028241172067396 -0.6341873981709835
v 1.8892414538576765 0.2002824117206739 -0.9877407887642574
v 2.3737585756810033 0.1604725607995534 0.6971085039971099
v 2.3737585783419246 0.28674162886858 0.8233775720661363
v 2.3737585783419246 0.8391688016705698 0.2709503992641455
v 2.3737585756810033 0.7128997336015432 0.14468133119511922
v 2.1951871471095745 0.1604725626811092 0.6971085058786656
v 2.1951871471095745 0.7128997354830989 0.14468133307667502
v 2.195187149770496 0.2867416307501358 0.8233775739476921
v 2.195187149770496 0.8391688035521256 0.27095040114570124
v 2.0344728664510403 0.5538357861506569 0.7835677444582185
v 2.53447286645104 0.5538357808823007 0.7835677391898623
v 2.0344728664510403 0.7993589740626525 0.5380445565462227
v 2.534472866451039 0.7993589687942964 0.5380445512778665
v 2.0344728590004597 0.20028239555738298 0.4300143538649451
v 2.5344728590004584 0.20028239028902695 0.4300143485965889
v 2.0344728590004593 0.44580558346937865 0.1844911659529493
v 2.5344728590004584 0.4458055782010225 0.1844911606845931
v 2.4094728645883947 0.8337322164190648 0.3268946109906393
v 2.159472864588395 0.8337322190532428 0.3268946136248174
v 2.534472866451039 0.7993589687942964 0.5380445512778665
v 2.0344728664510403 0.7993589740626525 0.5380445565462227
v 2.4094728608631044 0.6569555211224278 0.15011791569400262
v 2.159472860863105 0.6569555237566058 0.15011791832818072
v 2.5344728590004584 0.4458055782010225 0.1844911606845931
v 2.0344728590004593 0.44580558346937865 0.1844911659529493
v 2.159472864588395 0.34268584322925155 0.817940989448809
v 2.4094728645883947 0.34268584059507345 0.8179409868146309
v 2.0344728664510403 0.5538357861506569 0.7835677444582185
v 2.53447286645104 0.5538357808823007 0.7835677391898623
v 2.159472860863105 0.1659091479326147 0.6411642941521722
v 2.4094728608631044 0.1659091452984366 0.6411642915179943
v 2.0344728590004597 0.20028239555738298 0.4300143538649451
v 2.5344728590004584 0.20028239028902695 0.4300143485965889
v 2.4965690421707127 0.06957798369310941 0.93046875
v 2.4965690421707127 0.3977029836931094 0.9304687499999995
v 2.4965690421707127 0.06957798369310941 0.5554687499999995
v 2.0590690421707127 0.06957798369310947 0.5554687499999995
v 2.0590690421707127 0.06957798369310947 0.93046875
v 2.0590690421707127 0.3977029836931094 0.9304687499999995
v 2.5043815421707123 0.9435363170264427 0.06953125000000016
v 2.5043815421707123 0.6154113170264427 0.06953125000000054
v 2.5043815421707123 0.9435363170264426 0.4445312500000007
v 2.0668815421707127 0.9435363170264427 0.4445312500000006
v 2.0668815421707127 0.9435363170264428 0.06953125000000004
v 2.0668815421707127 0.6154113170264427 0.06953125000000043
v 2.179892193993504 0.0695779836931093 1.6615732750832217
v 2.1798921939935045 0.3977029836931093 1.6615732750832217
v 2.3233984811304134 0.0695779836931093 1.315118450391489
v 2.0202505095251473 0.06957798369310947 1.1895504491466937
v 1.7323880454333498 0.06957798369310947 1.4762109875313816
v 1.7323880454333498 0.39770298369310936 1.4762109875313811
v 2.1557332114401757 0.16047258053779911 1.3989790080891797
v 2.10741213106998 0.2867416486068257 1.5156364156674278
v 2.3188168576895882 0.839168821408816 1.0052602575125933
v 2.3671379380597846 0.7128997533397895 0.8886028499343452
v 1.9907547234917318 0.16047258053779928 1.3306426808811276
v 2.20215945011134 0.7128997533397896 0.8202665227262934
v 1.9424336431215354 0.28674164860682577 1.447300088459376
v 2.1538383697411443 0.839168821408816 0.9369239303045415
v 1.809187566806873 0.5538358023139469 1.3490179057495433
v 2.2711273330625166 0.5538358023139466 1.540359621932088
v 1.9031452230822543 0.7993589902259427 1.122184057680728
v 2.365084989337898 0.7993589902259424 1.3135257738632728
v 1.9444865918434222 0.20028241172067324 1.022377164530449
v 2.4064263580990652 0.20028241172067296 1.2137188807129937
v 2.0384442481188034 0.44580559963266914 0.7955433164616336
v 2.500384014374447 0.44580559963266886 0.9868850326441784
v 2.3304036321708153 0.8337322365336219 1.0706132354784552
v 2.0994337490429933 0.8337322365336222 0.9749423773871828
v 2.365084989337898 0.7993589902259424 1.3135257738632728
v 1.9031452230822543 0.7993589902259427 1.122184057680728
v 2.3980531446890896 0.6569555412369852 0.9072928648689081
v 2.167083261561268 0.6569555412369853 0.8116220067776357
v 2.500384014374447 0.44580559963266886 0.9868850326441784
v 2.0384442481188034 0.44580559963266914 0.7955433164616336
v 1.91151843649223 0.3426858607096304 1.4286100735248133
v 2.142488319620052 0.34268586070963025 1.5242809316160857
v 1.809187566806873 0.5538358023139469 1.3490179057495433
v 2.2711273330625166 0.5538358023139466 1.540359621932088
v 1.9791679490105047 0.16590916541299366 1.265289702915266
v 2.2101378321383263 0.1659091654129936 1.3609605610065385
v 1.9444865918434222 0.20028241172067324 1.022377164530449
v 2.4064263580990652 0.20028241172067296 1.2137188807129937
v 2.516576520393068 0.9435363170264426 0.8691604543771382
v 2.516576520393068 0.6154113170264426 0.8691604543771385
v 2.373070233256159 0.9435363170264426 1.2156152790688712
v 2.0554866439554043 0.9435363170264426 1.0840678491933713
v 2.0690723718329136 0.9435363170264428 0.6837981668252977
v 2.0690723718329136 0.6154113170264427 0.6837981668252979
v 1.6857098452183483 0.16047256079955258 1.963988072659423
v 1.5964241328141893 0.28674162886857923 2.0532737888266928
v 1.9870491328141902 0.8391688016705688 1.6626487888266932
v 2.076334845218349 0.7128997336015421 1.573363072659423
v 1.559440775818861 0.16047256268110843 1.837719005920857
v 1.9500657758188615 0.712899735483098 1.447094005920857
v 1.470155063414702 0.28674163075013503 1.9270047220881272
v 1.860780063414703 0.8391688035521246 1.5363797220881272
v 1.3846627042358655 0.5538357861506562 1.7852127621295164
v 1.7382160985544295 0.5538357808822998 2.1387661489975005
v 1.5582738153469768 0.7993589740626518 1.6116016510184057
v 1.911827209665541 0.7993589687942955 1.9651550378863898
v 1.6346626989675097 0.2002823955573822 1.5352127568611609
v 1.9882160932860735 0.2002823902890259 1.888766143729145
v 1.8082738100786213 0.44580558346937776 1.3616016457500497
v 2.1618272043971856 0.4458055782010214 1.7151550326180338
v 1.9727444153243665 0.8337322164190637 1.7274611342967492
v 1.7959677181650848 0.8337322190532419 1.5506844408627574
v 1.911827209665541 0.7993589687942955 1.9651550378863898
v 1.5582738153469768 0.7993589740626518 1.6116016510184057
v 2.0977444126901887 0.6569555211224267 1.602461131662571
v 1.920967715530907 0.6569555237566049 1.4256844382285792
v 2.1618272043971856 0.4458055782010214 1.7151550326180338
v 1.8082738100786213 0.44580558346937776 1.3616016457500497
v 1.4487454959428618 0.3426858432292508 1.8979066630849792
v 1.6255221931021437 0.3426858405950727 2.074683356518971
v 1.3846627042358655 0.5538357861506562 1.7852127621295164
v 1.7382160985544295 0.5538357808822998 2.1387661489975005
v 1.5737454933086839 0.1659091479326139 1.7729066604508015
v 1.750522190467966 0.16590914529843565 1.9496833538847933
v 1.6346626989675097 0.2002823955573822 1.5352127568611609
v 1.9882160932860735 0.2002823902890259 1.888766143729145
v 1.607539346465901 0.0695779836931093 2.2158387987229817
v 1.6075393464659014 0.3977029836931094 2.2158387987229817
v 1.8727043894108566 0.06957798369310925 1.9506737557780265
v 1.5633451726417418 0.06957798369310941 1.6413145390089117
v 1.2981801296967863 0.06957798369310941 1.9064795819538674
v 1.2981801296967865 0.3977029836931094 1.906479581953867
v 2.2218383626217144 0.9435363170264426 1.612588326023209
v 2.221838362621714 0.6154113170264426 1.6125883260232095
v 1.9566733196767583 0.9435363170264426 1.8777533689681647
v 1.647314102907644 0.9435363170264426 1.5683941521990499
v 1.9124791458525996 0.9435363170264427 1.3032291092540942
v 1.9124791458525991 0.6154113170264427 1.3032291092540946
v 0.8666460322324976 0.06957798369310936 2.5088834193746106
v 0.866646032232498 0.39770298369310936 2.5088834193746106
v 1.2131008569242305 0.0695779836931093 2.365377132237702
v 1.0875328556794355 0.06957798369310936 2.0622291606324366
v 0.6812837446806572 0.06957798369310952 2.0613792708144567
v 0.6812837446806577 0.3977029836931095 2.0613792708144563
v 1.0352452387346693 0.1604725805377984 2.306118252092387
v 0.9185878311564214 0.2867416486068248 2.3544393324625834
v 1.4289639893112558 0.8391688214088152 2.143034605842976
v 1.545621396889504 0.7128997533397887 2.0947135254727796
v 0.9669089115266176 0.16047258053779861 2.1411397641439427
v 1.4772850696814521 0.7128997533397889 1.9297350375243356
v 0.8502515039483697 0.286741648606825 2.189460844514139
v 1.360627662103204 0.8391688214088153 1.978056117894532
v 0.8255282976837095 0.5538358023139461 2.025745642521603
v 1.0168700138662543 0.5538358023139456 2.4876854087772466
v 1.0523621457525247 0.7993589902259419 1.9317879862462224
v 1.2437038619350695 0.7993589902259415 2.3937277525018654
v 1.1521690389028036 0.20028241172067268 1.8904466174850536
v 1.3435107550853485 0.20028241172067207 2.352386383740697
v 1.3790028869716189 0.4458055996326685 1.7964889612096728
v 1.570344603154164 0.44580559963266797 2.258428727465316
v 1.3909455422286146 0.8337322365336212 2.1974392265411264
v 1.2952746841373421 0.8337322365336214 1.966469343413305
v 1.2437038619350695 0.7993589902259415 2.3937277525018654
v 1.0523621457525247 0.7993589902259419 1.9317879862462224
v 1.554265912838162 0.6569555412369844 2.129789714022852
v 1.4585950547468893 0.6569555412369847 1.8988198308950301
v 1.570344603154164 0.44580559963266797 2.258428727465316
v 1.3790028869716189 0.4458055996326685 1.7964889612096728
v 0.8416069879997116 0.34268586070962964 2.1543846559640674
v 0.937277846090984 0.3426858607096294 2.385354539091889
v 0.8255282976837095 0.5538358023139461 2.025745642521603
v 1.0168700138662543 0.5538358023139456 2.4876854087772466
v 1.0049273586092586 0.1659091654129929 2.086735143445792
v 1.100598216700531 0.16590916541299267 2.317705026573614
v 1.1521690389028036 0.20028241172067268 1.8904466174850536
v 1.3435107550853485 0.20028241172067207 2.352386383740697
v 1.6650382815692861 0.9435363170264425 2.1866347106705364
v 1.6650382815692857 0.6154113170264426 2.1866347106705364
v 1.3185834568775527 0.9435363170264424 2.3301409978074448
v 1.1870360270020532 0.9435363170264425 2.01255740850669
v 1.4796759940174455 0.9435363170264426 1.7391305621103816
v 1.4796759940174453 0.6154113170264427 1.7391305621103816
v 0.30336678817360074 0.1604725607995512 2.3732832835102906
v 0.1770977201045743 0.2867416288685778 2.373283286171212
v 0.729524892906565 0.8391688016705677 2.373283286171213
v 0.8557939609755914 0.7128997336015412 2.3732832835102915
v 0.3033667862920451 0.1604725626811072 2.194711854938862
v 0.8557939590940358 0.7128997354830972 2.1947118549388627
v 0.17709771822301873 0.2867416307501338 2.194711857599783
v 0.7295248910250093 0.8391688035521236 2.1947118575997844
v 0.21690754771249227 0.5538357861506551 2.0339975742803276
v 0.2169075529808479 0.5538357808822985 2.5339975742803276
v 0.46243073562448805 0.7993589740626508 2.033997574280328
v 0.4624307408928437 0.7993589687942941 2.5339975742803276
v 0.5704609383057659 0.20028239555738137 2.033997566829747
v 0.5704609435741217 0.20028239028902461 2.533997566829747
v 0.8159841262177617 0.445805583469377 2.0339975668297474
v 0.8159841314861174 0.44580557820102024 2.533997566829747
v 0.6735806811800711 0.8337322164190626 2.4089975724176833
v 0.6735806785458932 0.833732219053241 2.1589975724176833
v 0.4624307408928437 0.7993589687942941 2.5339975742803276
v 0.46243073562448805 0.7993589740626508 2.033997574280328
v 0.8503573764767078 0.6569555211224256 2.408997568692393
v 0.8503573738425301 0.656955523756604 2.158997568692393
v 0.8159841314861174 0.44580557820102024 2.533997566829747
v 0.8159841262177617 0.445805583469377 2.0339975668297474
v 0.1825343027219017 0.34268584322924966 2.1589975724176824
v 0.1825343053560795 0.34268584059507123 2.4089975724176824
v 0.21690754771249227 0.5538357861506551 2.0339975742803276
v 0.2169075529808479 0.5538357808822985 2.5339975742803276
v 0.3593109980185385 0.1659091479326127 2.1589975686923917
v 0.3593110006527164 0.16590914529843437 2.4089975686923917
v 0.5704609383057659 0.20028239555738137 2.033997566829747
v 0.5704609435741217 0.20028239028902461 2.533997566829747
v 0.07000654217071206 0.06957798369310947 2.49609375
v 0.07000654217071262 0.39770298369310947 2.49609375
v 0.4450065421707125 0.06957798369310941 2.49609375
v 0.4450065421707125 0.06957798369310941 2.05859375
v 0.07000654217071206 0.06957798369310958 2.05859375
v 0.07000654217071262 0.3977029836931096 2.05859375
v 0.930944042170712 0.9435363170264427 2.50390625
v 0.9309440421707117 0.6154113170264427 2.50390625
v 0.5559440421707116 0.9435363170264426 2.50390625
v 0.5559440421707118 0.9435363170264427 2.06640625
v 0.9309440421707122 0.9435363170264428 2.06640625
v 0.9309440421707118 0.6154113170264428 2.06640625
v -0.6610979829125091 0.06957798369310958 2.1794169018227914
v -0.6610979829125087 0.39770298369310964 2.1794169018227914
v -0.31464315822077615 0.06957798369310952 2.3229231889597
v -0.1890751569759811 0.06957798369310952 2.019775217354434
v -0.47573569536066884 0.06957798369310964 1.7319127532626366
v -0.4757356953606684 0.39770298369310964 1.731912753262637
v -0.39850371591846767 0.16047258053779856 2.155257919269463
v -0.5151611234967156 0.28674164860682505 2.1069368388992666
v -0.004784965341881886 0.8391688214088154 2.3183415655188755
v 0.11187244223636628 0.7128997533397889 2.366662645889072
v -0.33016738871041573 0.16047258053779878 1.990279431321019
v 0.18020876944441822 0.712899753339789 2.201684157940628
v -0.4468247962886639 0.28674164860682516 1.9419583509508227
v 0.06355136186617016 0.8391688214088155 2.1533630775704315
v -0.3485426135788312 0.5538358023139462 1.8087122746361604
v -0.5398843297613763 0.5538358023139458 2.2706520408918034
v -0.12170876551001619 0.7993589902259421 1.902669930911542
v -0.3130504816925612 0.7993589902259417 2.364609697167185
v -0.02190187235973673 0.2002824117206728 1.9440112996727095
v -0.21324358854228176 0.2002824117206724 2.4059510659283525
v 0.20493197570907828 0.4458055996326687 2.0379689559480907
v 0.013590259526533255 0.44580559963266825 2.499908722203734
v -0.07013794330774381 0.8337322365336214 2.3299283400001025
v 0.025532914783528815 0.8337322365336216 2.098958456872281
v -0.3130504816925612 0.7993589902259417 2.364609697167185
v -0.12170876551001619 0.7993589902259421 1.902669930911542
v 0.09318242730180348 0.6569555412369847 2.397577852518377
v 0.188853285393076 0.6569555412369849 2.1666079693905553
v 0.013590259526533255 0.44580559963266825 2.499908722203734
v 0.20493197570907828 0.4458055996326687 2.0379689559480907
v -0.42813478135410143 0.3426858607096298 1.9110431443215177
v -0.523805639445374 0.3426858607096296 2.142013027449339
v -0.3485426135788312 0.5538358023139462 1.8087122746361604
v -0.5398843297613763 0.5538358023139458 2.2706520408918034
v -0.26481441074455414 0.16590916541299316 1.978692656839792
v -0.36048526883582666 0.16590916541299294 2.2096625399676135
v -0.02190187235973673 0.2002824117206728 1.9440112996727095
v -0.21324358854228176 0.2002824117206724 2.4059510659283525
v 0.13131483779357428 0.9435363170264428 2.5161012282223556
v 0.1313148377935739 0.6154113170264428 2.5161012282223556
v -0.21513998689815883 0.9435363170264428 2.3725949410854468
v -0.08359255702265911 0.9435363170264428 2.055011351784692
v 0.31667712534541487 0.9435363170264428 2.0685970796622013
v 0.3166771253454145 0.6154113170264428 2.068597079662201
v -0.9635127804887095 0.16047256079955158 1.6852345530476347
v -1.0527984966559796 0.286741628868578 1.595948840643476
v -0.6621734966559806 0.8391688016705683 1.986573840643477
v -0.5728877804887104 0.7128997336015418 2.0758595530476356
v -0.8372437137501435 0.1604725626811075 1.5589654836481475
v -0.4466187137501446 0.7128997354830977 1.9495904836481484
v -0.9265294299174137 0.28674163075013387 1.4696797712439889
v -0.5359044299174146 0.8391688035521241 1.8603047712439897
v -0.7847374699588038 0.5538357861506552 1.3841874120651525
v -1.1382908568267873 0.5538357808822986 1.7377408063837163
v -0.6111263588476931 0.799358974062651 1.5577985231762637
v -0.9646797457156772 0.7993589687942944 1.9113519174948275
v -0.5347374646904474 0.2002823955573817 1.6341874067967965
v -0.8882908515584315 0.200282390289025 1.9877408011153603
v -0.36112635357933676 0.4458055834693775 1.8077985179079077
v -0.7146797404473207 0.4458055782010209 2.1613519122264715
v -0.7269858421260366 0.833732216419063 1.9722691231536533
v -0.5502091486920447 0.8337322190532414 1.7954924259943716
v -0.9646797457156772 0.7993589687942944 1.9113519174948275
v -0.6111263588476931 0.799358974062651 1.5577985231762637
v -0.6019858394918584 0.6569555211224263 2.0972691205194756
v -0.4252091460578664 0.6569555237566046 1.9204924233601934
v -0.7146797404473207 0.4458055782010209 2.1613519122264715
v -0.36112635357933676 0.4458055834693775 1.8077985179079077
v -0.8974313709142657 0.3426858432292497 1.4482702037721489
v -1.0742080643482579 0.34268584059507146 1.6250469009314306
v -0.7847374699588038 0.5538357861506552 1.3841874120651525
v -1.1382908568267873 0.5538357808822986 1.7377408063837163
v -0.772431368280088 0.16590914793261297 1.5732702011379707
v -0.9492080617140798 0.16590914529843465 1.7500468982972528
v -0.5347374646904474 0.2002823955573817 1.6341874067967965
v -0.8882908515584315 0.200282390289025 1.9877408011153603
v -1.2153635065522694 0.06957798369310986 1.607064054295189
v -1.215363506552269 0.39770298369310975 1.6070640542951895
v -0.9501984636073139 0.06957798369310958 1.8722290972401447
v -0.640839246838199 0.06957798369310969 1.56286988047103
v -0.9060042897831547 0.0695779836931098 1.2977048375260742
v -0.9060042897831547 0.3977029836931098 1.2977048375260747
v -0.6121130338524968 0.9435363170264428 2.221363070451001
v -0.6121130338524968 0.6154113170264429 2.221363070451001
v -0.8772780767974521 0.9435363170264428 1.956198027506045
v -0.5679188600283372 0.9435363170264428 1.6468388107369307
v -0.3027538170833819 0.9435363170264428 1.9120038536818869
v -0.3027538170833821 0.6154113170264429 1.9120038536818864
v -1.5084081272038992 0.06957798369310986 0.8661707400617851
v -1.5084081272038983 0.39770298369310986 0.8661707400617855
v -1.36490184006699 0.06957798369310975 1.2126255647535182
v -1.0617538684617238 0.0695779836931098 1.087057563508723
v -1.060903978643744 0.0695779836931098 0.6808084525099447
v -1.060903978643744 0.39770298369310986 0.6808084525099452
v -1.3056429599216757 0.16047258053779878 1.0347699465639577
v -1.353964040291872 0.2867416486068253 0.9181125389857094
v -1.142559313672264 0.8391688214088155 1.4284886971405442
v -1.0942382333020677 0.712899753339789 1.5451461047187922
v -1.1406644719732313 0.1604725805377989 0.9664336193559057
v -0.9292597453536234 0.7128997533397892 1.4768097775107405
v -1.1889855523434276 0.2867416486068255 0.8497762117776575
v -0.9775808257238198 0.8391688214088158 1.3601523699324924
v -1.0252703503508913 0.5538358023139466 0.8250530055129974
v -1.4872101166065348 0.5538358023139461 1.0163947216955425
v -0.9313126940755102 0.7993589902259424 1.0518868535818129
v -1.3932524603311536 0.7993589902259419 1.2432285697643577
v -0.8899713253143419 0.2002824117206729 1.1516937467320916
v -1.3519110915699852 0.20028241172067252 1.3430354629146368
v -0.7960136690389606 0.4458055996326688 1.3785275948009073
v -1.257953435294604 0.4458055996326684 1.569869310983452
v -1.196963934370415 0.8337322365336215 1.390470250057903
v -0.9659940512425932 0.8337322365336217 1.2947993919666305
v -1.3932524603311536 0.7993589902259419 1.2432285697643577
v -0.9313126940755102 0.7993589902259424 1.0518868535818129
v -1.1293144218521403 0.6569555412369847 1.55379062066745
v -0.8983445387243184 0.656955541236985 1.4581197625761777
v -1.257953435294604 0.4458055996326684 1.569869310983452
v -0.7960136690389606 0.4458055996326688 1.3785275948009073
v -1.1539093637933555 0.34268586070963014 0.8411316958289995
v -1.3848792469211775 0.3426858607096299 0.936802553920272
v -1.0252703503508913 0.5538358023139466 0.8250530055129974
v -1.4872101166065348 0.5538358023139461 1.0163947216955425
v -1.0862598512750807 0.1659091654129934 1.0044520664385468
v -1.3172297344029023 0.16590916541299316 1.1001229245298192
v -0.8899713253143419 0.2002824117206729 1.1516937467320916
v -1.3519110915699852 0.20028241172067252 1.3430354629146368
v -1.186159418499824 0.9435363170264431 1.6645629893985734
v -1.186159418499824 0.6154113170264431 1.664562989398573
v -1.329665705636733 0.943536317026443 1.3181081647068402
v -1.0120821163359777 0.943536317026443 1.1865607348313407
v -0.7386552699396695 0.9435363170264431 1.4792007018467328
v -0.7386552699396695 0.6154113170264431 1.4792007018467328
v -1.3728079973491267 0.16047263636599318 0.302891420436451
v -1.372807989822904 0.28674170443501934 0.1766223523674244
v -1.3728079898229035 0.8391688772370103 0.7290495251694141
v -1.3728079973491267 0.7128998091679839 0.8553185932384406
v -1.1942365687776983 0.16047263104414988 0.3028914257582943
v -1.194236568777698 0.7128998038461406 0.8553185985602839
v -1.1942365612514751 0.28674169911317615 0.1766223576892677
v -1.1942365612514751 0.8391688719151669 0.7290495304912574
v -1.0335222687635892 0.553835848030638 0.2164321936617999
v -1.5335222687635888 0.5538358629317993 0.21643217876063864
v -1.0335222687635892 0.799359035942634 0.4619553815737953
v -1.5335222687635888 0.7993590508437953 0.46195536667263404
v -1.0335222898370136 0.200282457437365 0.5699855842550738
v -1.5335222898370127 0.20028247233852636 0.5699855693539126
v -1.0335222898370136 0.445805645349361 0.8155087721670693
v -1.5335222898370127 0.4458056602505225 0.8155087572659081
v -1.4085222740319447 0.8337322934261848 0.6731053120022406
v -1.1585222740319447 0.8337322859756041 0.6731053194528211
v -1.5335222687635888 0.7993590508437953 0.46195536667263404
v -1.0335222687635892 0.799359035942634 0.4619553815737953
v -1.4085222845686567 0.6569555981295483 0.8498820072988775
v -1.1585222845686571 0.6569555906789677 0.8498820147494581
v -1.5335222898370127 0.4458056602505225 0.8155087572659081
v -1.0335222898370136 0.445805645349361 0.8155087721670693
v -1.1585222740319452 0.342685910151612 0.1820589436288304
v -1.4085222740319447 0.3426859176021927 0.18205893617824975
v -1.0335222687635892 0.553835848030638 0.2164321936617999
v -1.5335222687635888 0.5538358629317993 0.21643217876063864
v -1.1585222845686571 0.16590921485497545 0.35883563892546744
v -1.4085222845686571 0.16590922230555616 0.3588356314748868
v -1.0335222898370136 0.200282457437365 0.5699855842550738
v -1.5335222898370127 0.20028247233852636 0.5699855693539126
v -1.4956184578292873 0.06957798369310997 0.0695312499999991
v -1.4956184578292873 0.39770298369310997 0.06953124999999966
v -1.4956184578292873 0.06957798369310986 0.44453124999999954
v -1.0581184578292873 0.0695779836931098 0.44453124999999966
v -1.0581184578292873 0.06957798369310991 0.06953124999999921
v -1.0581184578292873 0.39770298369310997 0.06953124999999977
v -1.5034309578292877 0.9435363170264435 0.9304687500000004
v -1.5034309578292877 0.6154113170264436 0.9304687500000002
v -1.5034309578292877 0.9435363170264431 0.5554687499999997
v -1.0659309578292873 0.943536317026443 0.5554687499999997
v -1.0659309578292873 0.9435363170264435 0.9304687500000002
v -1.0659309578292873 0.6154113170264435 0.9304687500000002
v -1.1789416096520782 0.06957798369310997 -0.6615732750832225
v -1.1789416096520786 0.39770298369310997 -0.6615732750832218
v -1.3224478967889874 0.06957798369310986 -0.31511845039148956
v -1.0192999251837214 0.0695779836931098 -0.18955044914669428
v -0.731437461091924 0.06957798369310991 -0.4762109875313819
v -0.7314374610919244 0.3977029836931099 -0.47621098753138147
v -1.1547826270987516 0.16047258053780078 -0.39897900808917985
v -1.1064615467285552 0.28674164860682727 -0.5156364156674277
v -1.3178662733481636 0.8391688214088171 -0.0052602575125927364
v -1.3661873537183595 0.7128997533397906 0.11139715006565504
v -0.9898041391503073 0.16047258053780072 -0.3306426808811279
v -1.2012088657699151 0.7128997533397906 0.17973347727370687
v -0.941483058780111 0.2867416486068272 -0.44730008845937597
v -1.1528877853997193 0.8391688214088171 0.06307606969545893
v -0.8082369824654482 0.5538358023139481 -0.34901790574954294
v -1.2701767487210915 0.5538358023139482 -0.5403596219320878
v -0.9021946387408298 0.7993589902259439 -0.12218405768072749
v -1.3641344049964732 0.7993589902259439 -0.3135257738632723
v -0.9435360075019973 0.20028241172067435 -0.022377164530449023
v -1.4054757737576407 0.2002824117206744 -0.21371888071299383
v -1.0374936637773788 0.4458055996326699 0.20445668353836643
v -1.4994334300330223 0.4458055996326701 0.013114967355821627
v -1.3294530478293902 0.8337322365336233 -0.07061323547845488
v -1.0984831647015683 0.8337322365336233 0.02505762261281741
v -1.3641344049964732 0.7993589902259439 -0.3135257738632723
v -0.9021946387408298 0.7993589902259439 -0.12218405768072749
v -1.397102560347665 0.6569555412369863 0.09270713513109208
v -1.166132677219843 0.6569555412369863 0.18837799322236448
v -1.4994334300330223 0.4458055996326701 0.013114967355821627
v -1.0374936637773788 0.4458055996326699 0.20445668353836643
v -0.9105678521508059 0.34268586070963186 -0.4286100735248134
v -1.1415377352786273 0.3426858607096319 -0.5242809316160858
v -0.8082369824654482 0.5538358023139481 -0.34901790574954294
v -1.2701767487210915 0.5538358023139482 -0.5403596219320878
v -0.9782173646690803 0.16590916541299489 -0.26528970291526643
v -1.2091872477969021 0.16590916541299494 -0.36096056100653884
v -0.9435360075019973 0.20028241172067435 -0.022377164530449023
v -1.4054757737576407 0.2002824117206744 -0.21371888071299383
v -1.5156259360516433 0.9435363170264435 0.13083954562286254
v -1.5156259360516433 0.6154113170264436 0.13083954562286243
v -1.372119648914734 0.9435363170264431 -0.21561527906887046
v -1.0545360596139792 0.943536317026443 -0.08406784919337096
v -1.0681217874914881 0.9435363170264435 0.3162018331747029
v -1.0681217874914881 0.6154113170264435 0.3162018331747028
v -0.6847592116927755 0.1604726363659929 -0.9639881303423538
v -0.5954734920852177 0.2867417044350191 -1.0532738393062249
v -0.9860984920852173 0.8391688772370098 -0.662648839306225
v -1.075384211692775 0.7128998091679836 -0.5733631303423538
v -0.5584901473868605 0.16047263104414955 -0.837719058510216
v -0.9491151473868601 0.7128998038461403 -0.4470940585102162
v -0.4692044277793028 0.2867416991131758 -0.927004767474087
v -0.8598294277793023 0.8391688719151665 -0.5363797674740872
v -0.38371206670162217 0.5538358480306378 -0.7852127964482029
v -0.7372654467581833 0.553835862931799 -1.1387661975781884
v -0.5573231778127329 0.7993590359426337 -0.6116016853370919
v -0.9108765578692944 0.7993590508437951 -0.9651550864670774
v -0.6337120816027834 0.20028245743736467 -0.5352128113493638
v -0.9872654616593449 0.20028247233852597 -0.8887662124793493
v -0.8073231927138941 0.4458056453493608 -0.3616017002382529
v -1.1608765727704555 0.44580566025052204 -0.7151551013682383
v -0.9717937721359996 0.8337322934261845 -0.7274611843543158
v -0.795017082107719 0.8337322859756038 -0.5506844837893231
v -0.9108765578692944 0.7993590508437951 -0.9651550864670774
v -0.5573231778127329 0.7993590359426337 -0.6116016853370919
v -1.09679377958658 0.656955598129548 -0.6024611918048962
v -0.9200170895582996 0.6569555906789672 -0.4256844912399037
v -1.1608765727704555 0.44580566025052204 -0.7151551013682383
v -0.8073231927138941 0.4458056453493608 -0.3616017002382529
v -0.4477948598854973 0.34268591015161176 -0.8979067060115452
v -0.6245715499137782 0.34268591760219236 -1.074683406576538
v -0.38371206670162217 0.5538358480306378 -0.7852127964482029
v -0.7372654467581833 0.553835862931799 -1.1387661975781884
v -0.5727948673360778 0.16590921485497523 -0.7729067134621256
v -0.7495715573643588 0.165909222305556 -0.9496834140271183
v -0.6337120816027834 0.20028245743736467 -0.5352128113493638
v -0.9872654616593449 0.20028247233852597 -0.8887662124793493
v -0.6065887621244751 0.06957798369310986 -1.2158387987229822
v -0.6065887621244755 0.39770298369310986 -1.2158387987229817
v -0.8717538050694308 0.0695779836931098 -0.9506737557780266
v -0.5623945883003164 0.06957798369310975 -0.641314539008912
v -0.29722954535536084 0.06957798369310986 -0.9064795819538675
v -0.2972295453553613 0.39770298369310986 -0.9064795819538672
v -1.220887778280289 0.9435363170264435 -0.6125883260232082
v -1.220887778280289 0.6154113170264435 -0.6125883260232082
v -0.9557227353353334 0.943536317026443 -0.8777533689681639
v -0.646363518566219 0.943536317026443 -0.5683941521990493
v -0.9115285615111747 0.9435363170264435 -0.30322910925409363
v -0.9115285615111747 0.6154113170264435 -0.30322910925409363
v 0.13430455210892805 0.0695779836931098 -1.5088834193746115
v 0.1343045521089276 0.3977029836931098 -1.5088834193746115
v -0.21215027258280483 0.06957798369310975 -1.3653771322377022
v -0.08658227133800989 0.06957798369310969 -1.0622291606324366
v 0.3196668396607682 0.06957798369310975 -1.0613792708144567
v 0.31966683966076775 0.39770298369310975 -1.0613792708144563
v -0.03429465439324475 0.1604725805378005 -1.306118252092388
v 0.0823627531850033 0.286741648606827 -1.3544393324625843
v -0.4280134049698314 0.8391688214088171 -1.143034605842976
v -0.5446708125480796 0.7128997533397905 -1.0947135254727796
v 0.03404167281480702 0.1604725805378005 -1.1411397641439436
v -0.47633448534002754 0.7128997533397905 -0.9297350375243355
v 0.15069908039305513 0.286741648606827 -1.18946084451414
v -0.3596770777617796 0.8391688214088171 -0.9780561178945318
v 0.17542228665771525 0.5538358023139479 -1.0257456425216036
v -0.01591942952482972 0.553835802313948 -1.4876854087772466
v -0.05141156141110015 0.7993589902259437 -0.9317879862462223
v -0.24275327759364507 0.7993589902259437 -1.3937277525018654
v -0.15121845456137883 0.20028241172067413 -0.8904466174850544
v -0.34256017074392375 0.20028241172067418 -1.3523863837406975
v -0.3780523026301943 0.44580559963266997 -0.7964889612096729
v -0.569394018812739 0.44580559963266997 -1.2584287274653163
v -0.3899949578871901 0.833732236533623 -1.1974392265411269
v -0.29432409979591756 0.833732236533623 -0.9664693434133048
v -0.24275327759364507 0.7993589902259437 -1.3937277525018654
v -0.05141156141110015 0.7993589902259437 -0.9317879862462223
v -0.553315328496737 0.6569555412369862 -1.129789714022852
v -0.45764447040546463 0.6569555412369862 -0.8988198308950303
v -0.569394018812739 0.44580559963266997 -1.2584287274653163
v -0.3780523026301943 0.44580559963266997 -0.7964889612096729
v 0.15934359634171325 0.34268586070963164 -1.1543846559640678
v 0.06367273825044073 0.34268586070963164 -1.3853545390918893
v 0.17542228665771525 0.5538358023139479 -1.0257456425216036
v -0.01591942952482972 0.553835802313948 -1.4876854087772466
v -0.003976774267833827 0.16590916541299477 -1.086735143445793
v -0.09964763235910634 0.16590916541299477 -1.317705026573615
v -0.15121845456137883 0.20028241172067413 -0.8904466174850544
v -0.34256017074392375 0.20028241172067418 -1.3523863837406975
v -0.6640876972278612 0.9435363170264435 -1.186634710670536
v -0.6640876972278608 0.6154113170264435 -1.186634710670536
v -0.31763287253612804 0.943536317026443 -1.3301409978074448
v -0.18608544266062843 0.943536317026443 -1.01255740850669
v -0.47872540967602073 0.9435363170264435 -0.7391305621103815
v -0.4787254096760206 0.6154113170264435 -0.7391305621103815
vt 0.671875 0.9375
vt 0.953125 0.9375
vt 0.8125 0.59375
vt 0.953125 0.9375
vt 0.953125 0.90625
vt 0.671875 0.90625
vt 0.671875 0.9375
vt 0.671875 0.9375
vt 0.953125 0.9375
vt 0.8125 0.59375
vt 0.671875 0.9375
vt 0.953125 0.9375
vt 0.8125 0.59375
vt 0.953125 0.9375
vt 0.953125 0.90625
vt 0.671875 0.90625
vt 0.671875 0.9375
vt 0.671875 0.9375
vt 0.953125 0.9375
vt 0.8125 0.59375
vt 0.671875 0.9375
vt 0.953125 0.9375
vt 0.8125 0.59375
vt 0.953125 0.9375
vt 0.953125 0.90625
vt 0.671875 0.90625
vt 0.671875 0.9375
vt 0.671875 0.9375
vt 0.953125 0.9375
vt 0.8125 0.59375
vt 0.671875 0.9375
vt 0.953125 0.9375
vt 0.8125 0.59375
vt 0.953125 0.9375
vt 0.953125 0.90625
vt 0.671875 0.90625
vt 0.671875 0.9375
vt 0.671875 0.9375
vt 0.953125 0.9375
vt 0.8125 0.59375
vt 0.671875 0.9375
vt 0.953125 0.9375
vt 0.8125 0.59375
vt 0.953125 0.9375
vt 0.953125 0.90625
vt 0.671875 0.90625
vt 0.671875 0.9375
vt 0.671875 0.9375
vt 0.953125 0.9375
vt 0.8125 0.59375
vt 0.671875 0.9375
vt 0.953125 0.9375
vt 0.8125 0.59375
vt 0.953125 0.9375
vt 0.953125 0.90625
vt 0.671875 0.90625
vt 0.671875 0.9375
vt 0.671875 0.9375
vt 0.953125 0.9375
vt 0.8125 0.59375
vt 0.671875 0.9375
vt 0.953125 0.9375
vt 0.8125 0.59375
vt 0.953125 0.9375
vt 0.953125 0.90625
vt 0.671875 0.90625
vt 0.671875 0.9375
vt 0.671875 0.9375
vt 0.953125 0.9375
vt 0.8125 0.59375
vt 0.671875 0.9375
vt 0.953125 0.9375
vt 0.8125 0.59375
vt 0.953125 0.9375
vt 0.953125 0.90625
vt 0.671875 0.90625
vt 0.671875 0.9375
vt 0.671875 0.9375
vt 0.953125 0.9375
vt 0.8125 0.59375
vt 0.5625 0.375
vt 0.5625 0
vt 0.625 0
vt 0.625 0.375
vt 0.5625 0
vt 0.5625 0.375
vt 0.625 0.375
vt 0.625 0
vt 0.9843749999999993 1
vt 0.9588726816074182 0.9375
vt 0.6661273183925804 0.9375
vt 0.6406249999999993 1
vt 0.6661279202570197 0.9375
vt 0.640625 1
vt 0.984375 1
vt 0.9588720797429803 0.9375
vt 0.5625 0.375
vt 0.5625 0
vt 0.625 0
vt 0.625 0.375
vt 0.5625 0
vt 0.5625 0.375
vt 0.625 0.375
vt 0.625 0
vt 0.9843749999999993 1
vt 0.9588726816074182 0.9375
vt 0.6661273183925804 0.9375
vt 0.6406249999999993 1
vt 0.6661279202570197 0.9375
vt 0.640625 1
vt 0.984375 1
vt 0.9588720797429803 0.9375
vt 0.5625 0.375
vt 0.5625 0
vt 0.625 0
vt 0.625 0.375
vt 0.5625 0
vt 0.5625 0.375
vt 0.625 0.375
vt 0.625 0
vt 0.9843749999999993 1
vt 0.9588726816074182 0.9375
vt 0.6661273183925804 0.9375
vt 0.6406249999999993 1
vt 0.6661279202570197 0.9375
vt 0.640625 1
vt 0.984375 1
vt 0.9588720797429803 0.9375
vt 0.5625 0.375
vt 0.5625 0
vt 0.625 0
vt 0.625 0.375
vt 0.5625 0
vt 0.5625 0.375
vt 0.625 0.375
vt 0.625 0
vt 0.9843749999999993 1
vt 0.9588726816074182 0.9375
vt 0.6661273183925804 0.9375
vt 0.6406249999999993 1
vt 0.6661279202570197 0.9375
vt 0.640625 1
vt 0.984375 1
vt 0.9588720797429803 0.9375
vt 0.5625 0.375
vt 0.5625 0
vt 0.625 0
vt 0.625 0.375
vt 0.5625 0
vt 0.5625 0.375
vt 0.625 0.375
vt 0.625 0
vt 0.9843749999999993 1
vt 0.9588726816074182 0.9375
vt 0.6661273183925804 0.9375
vt 0.6406249999999993 1
vt 0.6661279202570197 0.9375
vt 0.640625 1
vt 0.984375 1
vt 0.9588720797429803 0.9375
vt 0.5625 0.375
vt 0.5625 0
vt 0.625 0
vt 0.625 0.375
vt 0.5625 0
vt 0.5625 0.375
vt 0.625 0.375
vt 0.625 0
vt 0.9843749999999993 1
vt 0.9588726816074182 0.9375
vt 0.6661273183925804 0.9375
vt 0.6406249999999993 1
vt 0.6661279202570197 0.9375
vt 0.640625 1
vt 0.984375 1
vt 0.9588720797429803 0.9375
vt 0.5625 0.375
vt 0.5625 0
vt 0.625 0
vt 0.625 0.375
vt 0.5625 0
vt 0.5625 0.375
vt 0.625 0.375
vt 0.625 0
vt 0.9843749999999993 1
vt 0.9588726816074182 0.9375
vt 0.6661273183925804 0.9375
vt 0.6406249999999993 1
vt 0.6661279202570197 0.9375
vt 0.640625 1
vt 0.984375 1
vt 0.9588720797429803 0.9375
vt 0.5625 0.375
vt 0.5625 0
vt 0.625 0
vt 0.625 0.375
vt 0.5625 0
vt 0.5625 0.375
vt 0.625 0.375
vt 0.625 0
vt 0.9843749999999993 1
vt 0.9588726816074182 0.9375
vt 0.6661273183925804 0.9375
vt 0.6406249999999993 1
vt 0.6661279202570197 0.9375
vt 0.640625 1
vt 0.984375 1
vt 0.9588720797429803 0.9375
vt 0.625 1
vt 0.625 0
vt 0.375 0
vt 0.375 1
vt 0.625 1
vt 0.625 0
vt 0.375 0
vt 0.375 1
vt 0.625 1
vt 0.625 0
vt 0.375 0
vt 0.375 1
vt 0.625 1
vt 0.625 0
vt 0.375 0
vt 0.375 1
vt 0.625 0.625
vt 0.625 0.375
vt 0.375 0.375
vt 0.375 0.625
vt 0.625 0.625
vt 0.625 0.375
vt 0.375 0.375
vt 0.375 0.625
vt 0.8125 0.78125
vt 0.8125 1
vt 1 1
vt 1 0.78125
vt 0.8125 1
vt 1 1
vt 1 0.78125
vt 0.8125 0.78125
vt 0.5625 0.71875
vt 0.5625 0.25
vt 0.25 0.25
vt 0.25 0.71875
vt 0.25 0.71875
vt 0.5625 0.71875
vt 0.5625 0.25
vt 0.25 0.25
vt 0.8125 1
vt 1 1
vt 1 0.78125
vt 0.8125 0.78125
vt 0.8125 0.78125
vt 0.8125 1
vt 1 1
vt 1 0.78125
vt 0.8124999999999999 0.9998754160830509
vt 0.8593749999999999 0.8741183339169463
vt 0.9531249999999999 0.8741183339169463
vt 0.9999999999999998 0.9998754160830509
vt 0.8593749999999999 0.8739937499999981
vt 0.9531249999999999 0.8741183339169464
vt 1 1
vt 0.8124999999999999 1
vt 1 1
vt 1 0.78125
vt 0.8125 0.78125
vt 0.8125 1
vt 0.8125 1
vt 0.09375 1
vt 0.09375 0.65625
vt 0.8125 0.65625
vt 0.8593749999999999 0.8739937499999981
vt 0.9531249999999999 0.8741183339169464
vt 1 1
vt 0.8124999999999999 1
vt 0.8124999999999999 0.9998754160830509
vt 0.8593749999999999 0.8741183339169463
vt 0.9531249999999999 0.8741183339169463
vt 0.9999999999999998 0.9998754160830509
vt 0.8124999999999999 0.9998754160830509
vt 0.8593749999999999 0.8741183339169463
vt 0.9531249999999999 0.8741183339169463
vt 0.9999999999999998 0.9998754160830509
vt 0.8593749999999999 0.8739937499999981
vt 0.9531249999999999 0.8741183339169464
vt 1 1
vt 0.8124999999999999 1
vt 1 1
vt 1 0.78125
vt 0.8125 0.78125
vt 0.8125 1
vt 0.8125 1
vt 0.09375 1
vt 0.09375 0.65625
vt 0.8125 0.65625
vt 0.8593749999999999 0.8739937499999981
vt 0.9531249999999999 0.8741183339169464
vt 1 1
vt 0.8124999999999999 1
vt 0.8124999999999999 0.9998754160830509
vt 0.8593749999999999 0.8741183339169463
vt 0.9531249999999999 0.8741183339169463
vt 0.9999999999999998 0.9998754160830509
vt 0.75 0.4375
vt 0.8125 0.4375
vt 0.8125 0.375
vt 0.75 0.375
vt 0.75 0.4375
vt 0.8125 0.4375
vt 0.8125 0.375
vt 0.75 0.375
vt 0.75 0.4375
vt 0.8125 0.4375
vt 0.8125 0.375
vt 0.75 0.375
vt 0.75 0.4375
vt 0.8125 0.4375
vt 0.8125 0.375
vt 0.75 0.375
vt 0.75 0.4375
vt 0.8125 0.4375
vt 0.8125 0.375
vt 0.75 0.375
vt 0.75 0.4375
vt 0.8125 0.4375
vt 0.8125 0.375
vt 0.75 0.375
vt 0.75 0.4375
vt 0.8125 0.4375
vt 0.8125 0.375
vt 0.75 0.375
vt 0.75 0.4375
vt 0.8125 0.4375
vt 0.8125 0.375
vt 0.75 0.375
vt 0.75 0.4375
vt 0.8125 0.4375
vt 0.8125 0.375
vt 0.75 0.375
vt 0.75 0.4375
vt 0.8125 0.4375
vt 0.8125 0.375
vt 0.75 0.375
vt 0.75 0.4375
vt 0.8125 0.4375
vt 0.8125 0.375
vt 0.75 0.375
vt 0.75 0.4375
vt 0.8125 0.4375
vt 0.8125 0.375
vt 0.75 0.375
vt 0.75 0.4375
vt 0.8125 0.4375
vt 0.8125 0.375
vt 0.75 0.375
vt 0.75 0.4375
vt 0.8125 0.4375
vt 0.8125 0.375
vt 0.75 0.375
vt 0.75 0.4375
vt 0.8125 0.4375
vt 0.8125 0.375
vt 0.75 0.375
vt 0.75 0.4375
vt 0.8125 0.4375
vt 0.8125 0.375
vt 0.75 0.375
vt 0.75 0.4375
vt 0.8125 0.4375
vt 0.8125 0.375
vt 0.75 0.375
vt 0.75 0.4375
vt 0.8125 0.4375
vt 0.8125 0.375
vt 0.75 0.375
vt 0.75 0.4375
vt 0.8125 0.4375
vt 0.8125 0.375
vt 0.75 0.375
vt 0.75 0.4375
vt 0.8125 0.4375
vt 0.8125 0.375
vt 0.75 0.375
vt 0.75 0.4375
vt 0.8125 0.4375
vt 0.8125 0.375
vt 0.75 0.375
vt 0.75 0.4375
vt 0.8125 0.4375
vt 0.8125 0.375
vt 0.75 0.375
vt 0.75 0.4375
vt 0.8125 0.4375
vt 0.8125 0.375
vt 0.75 0.375
vt 0.75 0.4375
vt 0.8125 0.4375
vt 0.8125 0.375
vt 0.75 0.375
vt 0.75 0.4375
vt 0.8125 0.4375
vt 0.8125 0.375
vt 0.75 0.375
vt 0.8125 0.4375
vt 0.75 0.4375
vt 0.75 0.375
vt 0.8125 0.375
vt 0.75 0.375
vt 0.8125 0.375
vt 0.8125 0.4375
vt 0.75 0.4375
vt 0.75 0.4375
vt 0.8125 0.4375
vt 0.8125 0.375
vt 0.75 0.375
vt 0.75 0.4375
vt 0.8125 0.4375
vt 0.8125 0.375
vt 0.75 0.375
vt 0.75 0.4375
vt 0.8125 0.4375
vt 0.8125 0.375
vt 0.75 0.375
vt 1 0.34375
vt 0.8125 0.34375
vt 0.8125 0.46875
vt 1 0.46875
vt 1 0.34375
vt 0.8125 0.34375
vt 0.8125 0.46875
vt 1 0.46875
vt 0.625 0.375
vt 0.625 0
vt 0.5625 0
vt 0.5625 0.375
vt 0.625 0.375
vt 0.625 0
vt 0.5625 0
vt 0.5625 0.375
vt 0.625 0.375
vt 0.625 0
vt 0.5625 0
vt 0.5625 0.375
vt 0.625 0.375
vt 0.625 0
vt 0.5625 0
vt 0.5625 0.375
vt 0.625 0.375
vt 0.625 0
vt 0.5625 0
vt 0.5625 0.375
vt 0.625 0.375
vt 0.625 0
vt 0.5625 0
vt 0.5625 0.375
vt 0.8125 0.40625
vt 1 0.40625
vt 0.981759375 0.375
vt 0.83074375 0.375
vt 0.625 0.375
vt 0.625 0
vt 0.5625 0
vt 0.5625 0.375
vt 0.8125 0.46875
vt 1 0.46875
vt 0.981759375 0.4375
vt 0.83074375 0.4375
vt 0.625 0.375
vt 0.625 0
vt 0.5625 0
vt 0.5625 0.375
vt 0.8125 0.40625
vt 1 0.40625
vt 0.981759375 0.375
vt 0.83074375 0.375
vt 0.625 0.375
vt 0.625 0
vt 0.5625 0
vt 0.5625 0.375
vt 0.8125 0.46875
vt 1 0.46875
vt 0.981759375 0.4375
vt 0.83074375 0.4375
vt 0.625 0.375
vt 0.625 0
vt 0.5625 0
vt 0.5625 0.375
vt 0.8125 0.40625
vt 1 0.40625
vt 0.981759375 0.375
vt 0.83074375 0.375
vt 0.625 0.375
vt 0.625 0
vt 0.5625 0
vt 0.5625 0.375
vt 0.8125 0.46875
vt 1 0.46875
vt 0.981759375 0.4375
vt 0.83074375 0.4375
vt 0.625 0.375
vt 0.625 0
vt 0.5625 0
vt 0.5625 0.375
vt 0.8125 0.40625
vt 1 0.40625
vt 0.981759375 0.375
vt 0.83074375 0.375
vt 0.8125 0.46875
vt 1 0.46875
vt 0.981759375 0.4375
vt 0.83074375 0.4375
vt 1 0.26249999999999996
vt 0.8125 0.1875
vt 0.8875 0.375
vt 1 0.11250000000000004
vt 0.8125 0.1875
vt 1 0.26249999999999996
vt 0.8875 0
vt 0.8125 0.1875
vt 1 0.11250000000000004
vt 0.7375 0
vt 0.8125 0.1875
vt 0.8875 0
vt 0.8875 0.375
vt 0.8125 0.1875
vt 0.7375 0.375
vt 0.7375 0.375
vt 0.8125 0.1875
vt 0.625 0.26249999999999996
vt 0.625 0.26249999999999996
vt 0.8125 0.1875
vt 0.625 0.11250000000000004
vt 0.625 0.11250000000000004
vt 0.8125 0.1875
vt 0.7375 0
vt 0.7375 0
vt 0.8125 0.1875
vt 0.8875 0
vt 0.625 0.11250000000000004
vt 0.8125 0.1875
vt 0.7375 0
vt 0.8875 0
vt 0.8125 0.1875
vt 1 0.11250000000000004
vt 1 0.11250000000000004
vt 0.8125 0.1875
vt 1 0.26249999999999996
vt 0.625 0.26249999999999996
vt 0.8125 0.1875
vt 0.625 0.11250000000000004
vt 0.8125 0.46875
vt 1 0.46875
vt 0.981759375 0.4375
vt 0.83074375 0.4375
vt 1 0.26249999999999996
vt 0.8125 0.1875
vt 0.8875 0.375
vt 0.8125 0.40625
vt 1 0.40625
vt 0.981759375 0.375
vt 0.83074375 0.375
vt 0.8125 0.46875
vt 1 0.46875
vt 0.981759375 0.4375
vt 0.83074375 0.4375
vt 0.7375 0.375
vt 0.8125 0.1875
vt 0.625 0.26249999999999996
vt 0.8125 0.46875
vt 1 0.46875
vt 0.981759375 0.4375
vt 0.83074375 0.4375
vt 0.8125 0.40625
vt 1 0.40625
vt 0.981759375 0.375
vt 0.83074375 0.375
vt 0.8125 0.40625
vt 1 0.40625
vt 0.981759375 0.375
vt 0.83074375 0.375
vt 0.8125 0.46875
vt 1 0.46875
vt 0.981759375 0.4375
vt 0.83074375 0.4375
vt 0.8875 0.375
vt 0.8125 0.1875
vt 0.7375 0.375
vt 0.8125 0.40625
vt 1 0.40625
vt 0.981759375 0.375
vt 0.83074375 0.375
vt 1 0.34375
vt 0.8125 0.34375
vt 0.8125 0.46875
vt 1 0.46875
vt 1 0.34375
vt 0.8125 0.34375
vt 0.8125 0.46875
vt 1 0.46875
vt 0.625 0.375
vt 0.625 0
vt 0.5625 0
vt 0.5625 0.375
vt 0.625 0.375
vt 0.625 0
vt 0.5625 0
vt 0.5625 0.375
vt 0.625 0.375
vt 0.625 0
vt 0.5625 0
vt 0.5625 0.375
vt 0.625 0.375
vt 0.625 0
vt 0.5625 0
vt 0.5625 0.375
vt 0.75 0.4375
vt 0.8125 0.4375
vt 0.8125 0.375
vt 0.75 0.375
vt 0.8125 0.4375
vt 0.75 0.4375
vt 0.75 0.375
vt 0.8125 0.375
vt 0.75 0.375
vt 0.8125 0.375
vt 0.8125 0.4375
vt 0.75 0.4375
vt 0.75 0.4375
vt 0.8125 0.4375
vt 0.8125 0.375
vt 0.75 0.375
vt 0.75 0.4375
vt 0.8125 0.4375
vt 0.8125 0.375
vt 0.75 0.375
vt 0.75 0.4375
vt 0.8125 0.4375
vt 0.8125 0.375
vt 0.75 0.375
vt 0.6875 0.3125
vt 0.9375 0.3125
vt 0.9375 0.0625
vt 0.6875 0.0625
vt 0.6875 0.3125
vt 0.9375 0.3125
vt 0.9375 0.0625
vt 0.6875 0.0625
vt 0.625 0.375
vt 0.625 0.34375
vt 0.5625 0.34375
vt 0.5625 0.375
vt 0.625 0.375
vt 0.625 0.34375
vt 0.5625 0.34375
vt 0.5625 0.375
vt 0.625 0.375
vt 0.625 0.34375
vt 0.5625 0.34375
vt 0.5625 0.375
vt 0.625 0.375
vt 0.625 0.34375
vt 0.5625 0.34375
vt 0.5625 0.375
vt 0.75 0.4375
vt 0.8125 0.4375
vt 0.8125 0.375
vt 0.75 0.375
vt 0.8125 0.4375
vt 0.75 0.4375
vt 0.75 0.375
vt 0.8125 0.375
vt 0.75 0.375
vt 0.8125 0.375
vt 0.8125 0.4375
vt 0.75 0.4375
vt 0.75 0.4375
vt 0.8125 0.4375
vt 0.8125 0.375
vt 0.75 0.375
vt 0.75 0.4375
vt 0.8125 0.4375
vt 0.8125 0.375
vt 0.75 0.375
vt 0.75 0.4375
vt 0.8125 0.4375
vt 0.8125 0.375
vt 0.75 0.375
vt 1 0.34375
vt 0.8125 0.34375
vt 0.8125 0.46875
vt 1 0.46875
vt 1 0.34375
vt 0.8125 0.34375
vt 0.8125 0.46875
vt 1 0.46875
vt 0.625 0.375
vt 0.625 0
vt 0.5625 0
vt 0.5625 0.375
vt 0.625 0.375
vt 0.625 0
vt 0.5625 0
vt 0.5625 0.375
vt 0.625 0.375
vt 0.625 0
vt 0.5625 0
vt 0.5625 0.375
vt 0.625 0.375
vt 0.625 0
vt 0.5625 0
vt 0.5625 0.375
vt 0.75 0.4375
vt 0.8125 0.4375
vt 0.8125 0.375
vt 0.75 0.375
vt 0.8125 0.4375
vt 0.75 0.4375
vt 0.75 0.375
vt 0.8125 0.375
vt 0.75 0.375
vt 0.8125 0.375
vt 0.8125 0.4375
vt 0.75 0.4375
vt 0.75 0.4375
vt 0.8125 0.4375
vt 0.8125 0.375
vt 0.75 0.375
vt 0.75 0.4375
vt 0.8125 0.4375
vt 0.8125 0.375
vt 0.75 0.375
vt 0.75 0.4375
vt 0.8125 0.4375
vt 0.8125 0.375
vt 0.75 0.375
vt 1 0.34375
vt 0.8125 0.34375
vt 0.8125 0.46875
vt 1 0.46875
vt 1 0.34375
vt 0.8125 0.34375
vt 0.8125 0.46875
vt 1 0.46875
vt 0.625 0.375
vt 0.625 0
vt 0.5625 0
vt 0.5625 0.375
vt 0.625 0.375
vt 0.625 0
vt 0.5625 0
vt 0.5625 0.375
vt 0.625 0.375
vt 0.625 0
vt 0.5625 0
vt 0.5625 0.375
vt 0.625 0.375
vt 0.625 0
vt 0.5625 0
vt 0.5625 0.375
vt 0.75 0.4375
vt 0.8125 0.4375
vt 0.8125 0.375
vt 0.75 0.375
vt 0.75 0.4375
vt 0.8125 0.4375
vt 0.8125 0.375
vt 0.75 0.375
vt 0.75 0.4375
vt 0.8125 0.4375
vt 0.8125 0.375
vt 0.75 0.375
vt 0.75 0.4375
vt 0.8125 0.4375
vt 0.8125 0.375
vt 0.75 0.375
vt 0.75 0.4375
vt 0.8125 0.4375
vt 0.8125 0.375
vt 0.75 0.375
vt 0.75 0.4375
vt 0.8125 0.4375
vt 0.8125 0.375
vt 0.75 0.375
vt 0.75 0.4375
vt 0.8125 0.4375
vt 0.8125 0.375
vt 0.75 0.375
vt 0.75 0.4375
vt 0.8125 0.4375
vt 0.8125 0.375
vt 0.75 0.375
vt 0.75 0.4375
vt 0.8125 0.4375
vt 0.8125 0.375
vt 0.75 0.375
vt 0.75 0.4375
vt 0.8125 0.4375
vt 0.8125 0.375
vt 0.75 0.375
vt 0.75 0.4375
vt 0.8125 0.4375
vt 0.8125 0.375
vt 0.75 0.375
vt 0.75 0.4375
vt 0.8125 0.4375
vt 0.8125 0.375
vt 0.75 0.375
vt 0.75 0.4375
vt 0.8125 0.4375
vt 0.8125 0.375
vt 0.75 0.375
vt 0.75 0.4375
vt 0.8125 0.4375
vt 0.8125 0.375
vt 0.75 0.375
vt 0.75 0.4375
vt 0.8125 0.4375
vt 0.8125 0.375
vt 0.75 0.375
vt 0.75 0.4375
vt 0.8125 0.4375
vt 0.8125 0.375
vt 0.75 0.375
vt 0.75 0.4375
vt 0.8125 0.4375
vt 0.8125 0.375
vt 0.75 0.375
vt 0.75 0.4375
vt 0.8125 0.4375
vt 0.8125 0.375
vt 0.75 0.375
vt 0.75 0.4375
vt 0.8125 0.4375
vt 0.8125 0.375
vt 0.75 0.375
vt 0.75 0.4375
vt 0.8125 0.4375
vt 0.8125 0.375
vt 0.75 0.375
vt 0.75 0.4375
vt 0.8125 0.4375
vt 0.8125 0.375
vt 0.75 0.375
vt 0.75 0.4375
vt 0.8125 0.4375
vt 0.8125 0.375
vt 0.75 0.375
vt 0.75 0.4375
vt 0.8125 0.4375
vt 0.8125 0.375
vt 0.75 0.375
vt 0.75 0.4375
vt 0.8125 0.4375
vt 0.8125 0.375
vt 0.75 0.375
vt 0.84375 0.375
vt 0.84375 0.46875
vt 0.9375 0.46875
vt 0.3125 0.75
vt 0.5625 0.75
vt 0.5625 0.5
vt 0.84375 0.375
vt 0.84375 0.46875
vt 0.96875 0.46875
vt 0.96875 0.375
vt 0.75 0.9374999999999969
vt 0.875 0.9374999999999969
vt 0.875 0.7714499999999969
vt 0.75 0.7714499999999969
vt 0.75 1
vt 0.75 0.84375
vt 0.875 0.84375
vt 0.875 1
vt 0.5625 0
vt 0.5625 0.375
vt 0.625 0.375
vt 0.625 0
vt 0.5625 0
vt 0.5625 0.375
vt 0.625 0.375
vt 0.625 0
vt 0.703125 0.3125
vt 0.6736091869039912 0.25
vt 0.1388908130960089 0.25
vt 0.109375 0.3125
vt 0.13889081309600887 0.25
vt 0.109375 0.3125
vt 0.703125 0.3125
vt 0.6736091869039912 0.25
vt 0.5625 0
vt 0.5625 0.375
vt 0.625 0.375
vt 0.625 0
vt 0.5625 0
vt 0.5625 0.375
vt 0.625 0.375
vt 0.625 0
vt 0.703125 0.3125
vt 0.6736091869039912 0.25
vt 0.1388908130960089 0.25
vt 0.109375 0.3125
vt 0.13889081309600887 0.25
vt 0.109375 0.3125
vt 0.703125 0.3125
vt 0.6736091869039912 0.25
vt 0.5625 0
vt 0.5625 0.375
vt 0.625 0.375
vt 0.625 0
vt 0.5625 0
vt 0.5625 0.375
vt 0.625 0.375
vt 0.625 0
vt 0.703125 0.3125
vt 0.6736091869039912 0.25
vt 0.1388908130960089 0.25
vt 0.109375 0.3125
vt 0.13889081309600887 0.25
vt 0.109375 0.3125
vt 0.703125 0.3125
vt 0.6736091869039912 0.25
vt 0.5625 0
vt 0.5625 0.375
vt 0.625 0.375
vt 0.625 0
vt 0.5625 0
vt 0.5625 0.375
vt 0.625 0.375
vt 0.625 0
vt 0.703125 0.3125
vt 0.6736091869039912 0.25
vt 0.1388908130960089 0.25
vt 0.109375 0.3125
vt 0.13889081309600887 0.25
vt 0.109375 0.3125
vt 0.703125 0.3125
vt 0.6736091869039912 0.25
vt 0.5625 0
vt 0.5625 0.375
vt 0.625 0.375
vt 0.625 0
vt 0.5625 0
vt 0.5625 0.375
vt 0.625 0.375
vt 0.625 0
vt 0.703125 0.3125
vt 0.6736091869039912 0.25
vt 0.1388908130960089 0.25
vt 0.109375 0.3125
vt 0.13889081309600887 0.25
vt 0.109375 0.3125
vt 0.703125 0.3125
vt 0.6736091869039912 0.25
vt 0.5625 0
vt 0.5625 0.375
vt 0.625 0.375
vt 0.625 0
vt 0.5625 0
vt 0.5625 0.375
vt 0.625 0.375
vt 0.625 0
vt 0.703125 0.3125
vt 0.6736091869039912 0.25
vt 0.1388908130960089 0.25
vt 0.109375 0.3125
vt 0.13889081309600887 0.25
vt 0.109375 0.3125
vt 0.703125 0.3125
vt 0.6736091869039912 0.25
vt 0.5625 0
vt 0.5625 0.375
vt 0.625 0.375
vt 0.625 0
vt 0.5625 0
vt 0.5625 0.375
vt 0.625 0.375
vt 0.625 0
vt 0.703125 0.3125
vt 0.6736091869039912 0.25
vt 0.1388908130960089 0.25
vt 0.109375 0.3125
vt 0.13889081309600887 0.25
vt 0.109375 0.3125
vt 0.703125 0.3125
vt 0.6736091869039912 0.25
vt 0.5625 0
vt 0.5625 0.375
vt 0.625 0.375
vt 0.625 0
vt 0.5625 0
vt 0.5625 0.375
vt 0.625 0.375
vt 0.625 0
vt 0.703125 0.3125
vt 0.6736091869039912 0.25
vt 0.1388908130960089 0.25
vt 0.109375 0.3125
vt 0.13889081309600887 0.25
vt 0.109375 0.3125
vt 0.703125 0.3125
vt 0.6736091869039912 0.25
vt 0.5312500000000009 1
vt 0.5312500000000009 0.625
vt 9.43689570931383e-16 0.625
vt 9.43689570931383e-16 1
vt 0.12500000000000122 0.53125
vt 0.12500000000000122 0.5625
vt 0.15625000000000122 0.5625
vt 0.15625000000000122 0.53125
vt 0.671875 0.25
vt 0.5788775530219814 0.03125
vt 0.2336224469780187 0.03125000000000011
vt 0.140625 0.25
vt 0.23362244697801868 0.03125
vt 0.140625 0.25
vt 0.671875 0.25
vt 0.5788775530219814 0.03125
vt 0.5312500000000009 1
vt 0.5312500000000009 0.625
vt 9.43689570931383e-16 0.625
vt 9.43689570931383e-16 1
vt 0.12500000000000122 0.53125
vt 0.12500000000000122 0.5625
vt 0.15625000000000122 0.5625
vt 0.15625000000000122 0.53125
vt 0.671875 0.25
vt 0.5788775530219814 0.03125
vt 0.2336224469780187 0.03125000000000011
vt 0.140625 0.25
vt 0.23362244697801868 0.03125
vt 0.140625 0.25
vt 0.671875 0.25
vt 0.5788775530219814 0.03125
vt 0.5312500000000009 1
vt 0.5312500000000009 0.625
vt 9.43689570931383e-16 0.625
vt 9.43689570931383e-16 1
vt 0.12500000000000122 0.53125
vt 0.12500000000000122 0.5625
vt 0.15625000000000122 0.5625
vt 0.15625000000000122 0.53125
vt 0.671875 0.25
vt 0.5788775530219814 0.03125
vt 0.2336224469780187 0.03125000000000011
vt 0.140625 0.25
vt 0.23362244697801868 0.03125
vt 0.140625 0.25
vt 0.671875 0.25
vt 0.5788775530219814 0.03125
vt 0.5312500000000009 1
vt 0.5312500000000009 0.625
vt 9.43689570931383e-16 0.625
vt 9.43689570931383e-16 1
vt 0.12500000000000122 0.53125
vt 0.12500000000000122 0.5625
vt 0.15625000000000122 0.5625
vt 0.15625000000000122 0.53125
vt 0.671875 0.25
vt 0.5788775530219814 0.03125
vt 0.2336224469780187 0.03125000000000011
vt 0.140625 0.25
vt 0.23362244697801868 0.03125
vt 0.140625 0.25
vt 0.671875 0.25
vt 0.5788775530219814 0.03125
vt 0.5312500000000009 1
vt 0.5312500000000009 0.625
vt 9.43689570931383e-16 0.625
vt 9.43689570931383e-16 1
vt 0.12500000000000122 0.53125
vt 0.12500000000000122 0.5625
vt 0.15625000000000122 0.5625
vt 0.15625000000000122 0.53125
vt 0.671875 0.25
vt 0.5788775530219814 0.03125
vt 0.2336224469780187 0.03125000000000011
vt 0.140625 0.25
vt 0.23362244697801868 0.03125
vt 0.140625 0.25
vt 0.671875 0.25
vt 0.5788775530219814 0.03125
vt 0.5312500000000009 1
vt 0.5312500000000009 0.625
vt 9.43689570931383e-16 0.625
vt 9.43689570931383e-16 1
vt 0.12500000000000122 0.53125
vt 0.12500000000000122 0.5625
vt 0.15625000000000122 0.5625
vt 0.15625000000000122 0.53125
vt 0.671875 0.25
vt 0.5788775530219814 0.03125
vt 0.2336224469780187 0.03125000000000011
vt 0.140625 0.25
vt 0.23362244697801868 0.03125
vt 0.140625 0.25
vt 0.671875 0.25
vt 0.5788775530219814 0.03125
vt 0.5312500000000009 1
vt 0.5312500000000009 0.625
vt 9.43689570931383e-16 0.625
vt 9.43689570931383e-16 1
vt 0.12500000000000122 0.53125
vt 0.12500000000000122 0.5625
vt 0.15625000000000122 0.5625
vt 0.15625000000000122 0.53125
vt 0.671875 0.25
vt 0.5788775530219814 0.03125
vt 0.2336224469780187 0.03125000000000011
vt 0.140625 0.25
vt 0.23362244697801868 0.03125
vt 0.140625 0.25
vt 0.671875 0.25
vt 0.5788775530219814 0.03125
vt 0.5312500000000009 1
vt 0.5312500000000009 0.625
vt 9.43689570931383e-16 0.625
vt 9.43689570931383e-16 1
vt 0.12500000000000122 0.53125
vt 0.12500000000000122 0.5625
vt 0.15625000000000122 0.5625
vt 0.15625000000000122 0.53125
vt 0.671875 0.25
vt 0.5788775530219814 0.03125
vt 0.2336224469780187 0.03125000000000011
vt 0.140625 0.25
vt 0.23362244697801868 0.03125
vt 0.140625 0.25
vt 0.671875 0.25
vt 0.5788775530219814 0.03125
vt 0.8125 1
vt 1 1
vt 1 0.78125
vt 0.8125 0.78125
vt 0.8125 1
vt 1 1
vt 1 0.78125
vt 0.8125 0.78125
vt 0.8125 1
vt 1 1
vt 1 0.78125
vt 0.8125 0.78125
vt 0.8125 1
vt 1 1
vt 1 0.78125
vt 0.8125 0.78125
vt 0.8125 1
vt 1 1
vt 1 0.78125
vt 0.8125 0.78125
vt 0.8125 1
vt 1 1
vt 1 0.78125
vt 0.8125 0.78125
vt 0.8125 1
vt 1 1
vt 1 0.78125
vt 0.8125 0.78125
vt 0.8125 1
vt 1 1
vt 1 0.78125
vt 0.8125 0.78125
vt 0.8125 1
vt 1 1
vt 1 0.78125
vt 0.8125 0.78125
vt 0.8125 1
vt 1 1
vt 1 0.78125
vt 0.8125 0.78125
vt 0.8125 1
vt 1 1
vt 1 0.78125
vt 0.8125 0.78125
vt 0.8125 1
vt 1 1
vt 1 0.78125
vt 0.8125 0.78125
vt 0.8125 1
vt 1 1
vt 1 0.78125
vt 0.8125 0.78125
vt 0.8125 1
vt 1 1
vt 1 0.78125
vt 0.8125 0.78125
vt 0.8125 1
vt 1 1
vt 1 0.78125
vt 0.8125 0.78125
vt 0.8125 1
vt 1 1
vt 1 0.78125
vt 0.8125 0.78125
vt 0.96875 1
vt 1 1
vt 1 0.96875
vt 0.96875 0.96875
vt 0.96875 1
vt 1 1
vt 1 0.96875
vt 0.96875 0.96875
vt 0.96875 1
vt 1 1
vt 1 0.78125
vt 0.96875 0.78125
vt 0.96875 1
vt 1 1
vt 1 0.78125
vt 0.96875 0.78125
vt 0.96875 1
vt 1 1
vt 1 0.96875
vt 0.96875 0.96875
vt 0.96875 1
vt 1 1
vt 1 0.96875
vt 0.96875 0.96875
vt 0.96875 1
vt 1 1
vt 1 0.78125
vt 0.96875 0.78125
vt 0.96875 1
vt 1 1
vt 1 0.78125
vt 0.96875 0.78125
vt 0.96875 1
vt 1 1
vt 1 0.96875
vt 0.96875 0.96875
vt 0.96875 1
vt 1 1
vt 1 0.96875
vt 0.96875 0.96875
vt 0.96875 1
vt 1 1
vt 1 0.78125
vt 0.96875 0.78125
vt 0.96875 1
vt 1 1
vt 1 0.78125
vt 0.96875 0.78125
vt 0.96875 1
vt 1 1
vt 1 0.96875
vt 0.96875 0.96875
vt 0.96875 1
vt 1 1
vt 1 0.96875
vt 0.96875 0.96875
vt 0.96875 1
vt 1 1
vt 1 0.78125
vt 0.96875 0.78125
vt 0.96875 1
vt 1 1
vt 1 0.78125
vt 0.96875 0.78125
vt 0.96875 1
vt 1 1
vt 1 0.96875
vt 0.96875 0.96875
vt 0.96875 1
vt 1 1
vt 1 0.96875
vt 0.96875 0.96875
vt 0.96875 1
vt 1 1
vt 1 0.78125
vt 0.96875 0.78125
vt 0.96875 1
vt 1 1
vt 1 0.78125
vt 0.96875 0.78125
vt 0.96875 1
vt 1 1
vt 1 0.96875
vt 0.96875 0.96875
vt 0.96875 1
vt 1 1
vt 1 0.96875
vt 0.96875 0.96875
vt 0.96875 1
vt 1 1
vt 1 0.78125
vt 0.96875 0.78125
vt 0.96875 1
vt 1 1
vt 1 0.78125
vt 0.96875 0.78125
vt 0.96875 1
vt 1 1
vt 1 0.96875
vt 0.96875 0.96875
vt 0.96875 1
vt 1 1
vt 1 0.96875
vt 0.96875 0.96875
vt 0.96875 1
vt 1 1
vt 1 0.78125
vt 0.96875 0.78125
vt 0.96875 1
vt 1 1
vt 1 0.78125
vt 0.96875 0.78125
vt 0.96875 1
vt 1 1
vt 1 0.96875
vt 0.96875 0.96875
vt 0.96875 1
vt 1 1
vt 1 0.96875
vt 0.96875 0.96875
vt 0.96875 1
vt 1 1
vt 1 0.78125
vt 0.96875 0.78125
vt 0.96875 1
vt 1 1
vt 1 0.78125
vt 0.96875 0.78125
vt 0.84375 0.375
vt 0.84375 0.46875
vt 0.9375 0.46875
vt 0.3125 0.75
vt 0.5625 0.75
vt 0.5625 0.5
vt 0.84375 0.375
vt 0.84375 0.46875
vt 0.96875 0.46875
vt 0.96875 0.375
vt 0.75 0.9374999999999969
vt 0.875 0.9374999999999969
vt 0.875 0.7714499999999969
vt 0.75 0.7714499999999969
vt 0.75 1
vt 0.75 0.84375
vt 0.875 0.84375
vt 0.875 1
vt 0.84375 0.375
vt 0.84375 0.46875
vt 0.9375 0.46875
vt 0.3125 0.75
vt 0.5625 0.75
vt 0.5625 0.5
vt 0.84375 0.375
vt 0.84375 0.46875
vt 0.96875 0.46875
vt 0.96875 0.375
vt 0.75 0.9374999999999969
vt 0.875 0.9374999999999969
vt 0.875 0.7714499999999969
vt 0.75 0.7714499999999969
vt 0.75 1
vt 0.75 0.84375
vt 0.875 0.84375
vt 0.875 1
vt 0.625 1
vt 0.625 0
vt 0.375 0
vt 0.375 1
vt 0.625 1
vt 0.625 0
vt 0.375 0
vt 0.375 1
vt 0.625 1
vt 0.625 0
vt 0.375 0
vt 0.375 1
vt 0.625 1
vt 0.625 0
vt 0.375 0
vt 0.375 1
vt 0.625 0.625
vt 0.625 0.375
vt 0.375 0.375
vt 0.375 0.625
vt 0.625 0.625
vt 0.625 0.375
vt 0.375 0.375
vt 0.375 0.625
vt 0.8125 0.78125
vt 0.8125 1
vt 1 1
vt 1 0.78125
vt 0.8125 1
vt 1 1
vt 1 0.78125
vt 0.8125 0.78125
vt 0.5625 0.71875
vt 0.5625 0.25
vt 0.25 0.25
vt 0.25 0.71875
vt 0.25 0.71875
vt 0.5625 0.71875
vt 0.5625 0.25
vt 0.25 0.25
vt 0.8125 1
vt 1 1
vt 1 0.78125
vt 0.8125 0.78125
vt 0.8125 0.78125
vt 0.8125 1
vt 1 1
vt 1 0.78125
vt 0.8124999999999999 0.9998754160830509
vt 0.8593749999999999 0.8741183339169463
vt 0.9531249999999999 0.8741183339169463
vt 0.9999999999999998 0.9998754160830509
vt 0.8593749999999999 0.8739937499999981
vt 0.9531249999999999 0.8741183339169464
vt 1 1
vt 0.8124999999999999 1
vt 1 1
vt 1 0.78125
vt 0.8125 0.78125
vt 0.8125 1
vt 0.8125 1
vt 0.09375 1
vt 0.09375 0.65625
vt 0.8125 0.65625
vt 0.8593749999999999 0.8739937499999981
vt 0.9531249999999999 0.8741183339169464
vt 1 1
vt 0.8124999999999999 1
vt 0.8124999999999999 0.9998754160830509
vt 0.8593749999999999 0.8741183339169463
vt 0.9531249999999999 0.8741183339169463
vt 0.9999999999999998 0.9998754160830509
vt 0.8124999999999999 0.9998754160830509
vt 0.8593749999999999 0.8741183339169463
vt 0.9531249999999999 0.8741183339169463
vt 0.9999999999999998 0.9998754160830509
vt 0.8593749999999999 0.8739937499999981
vt 0.9531249999999999 0.8741183339169464
vt 1 1
vt 0.8124999999999999 1
vt 1 1
vt 1 0.78125
vt 0.8125 0.78125
vt 0.8125 1
vt 0.8125 1
vt 0.09375 1
vt 0.09375 0.65625
vt 0.8125 0.65625
vt 0.8593749999999999 0.8739937499999981
vt 0.9531249999999999 0.8741183339169464
vt 1 1
vt 0.8124999999999999 1
vt 0.8124999999999999 0.9998754160830509
vt 0.8593749999999999 0.8741183339169463
vt 0.9531249999999999 0.8741183339169463
vt 0.9999999999999998 0.9998754160830509
vt 0.84375 0.375
vt 0.84375 0.46875
vt 0.9375 0.46875
vt 0.3125 0.75
vt 0.5625 0.75
vt 0.5625 0.5
vt 0.84375 0.375
vt 0.84375 0.46875
vt 0.96875 0.46875
vt 0.96875 0.375
vt 0.75 0.9374999999999969
vt 0.875 0.9374999999999969
vt 0.875 0.7714499999999969
vt 0.75 0.7714499999999969
vt 0.75 1
vt 0.75 0.84375
vt 0.875 0.84375
vt 0.875 1
vt 0.84375 0.375
vt 0.84375 0.46875
vt 0.9375 0.46875
vt 0.3125 0.75
vt 0.5625 0.75
vt 0.5625 0.5
vt 0.84375 0.375
vt 0.84375 0.46875
vt 0.96875 0.46875
vt 0.96875 0.375
vt 0.75 0.9374999999999969
vt 0.875 0.9374999999999969
vt 0.875 0.7714499999999969
vt 0.75 0.7714499999999969
vt 0.75 1
vt 0.75 0.84375
vt 0.875 0.84375
vt 0.875 1
vt 0.625 1
vt 0.625 0
vt 0.375 0
vt 0.375 1
vt 0.625 1
vt 0.625 0
vt 0.375 0
vt 0.375 1
vt 0.625 1
vt 0.625 0
vt 0.375 0
vt 0.375 1
vt 0.625 1
vt 0.625 0
vt 0.375 0
vt 0.375 1
vt 0.625 0.625
vt 0.625 0.375
vt 0.375 0.375
vt 0.375 0.625
vt 0.625 0.625
vt 0.625 0.375
vt 0.375 0.375
vt 0.375 0.625
vt 0.8125 0.78125
vt 0.8125 1
vt 1 1
vt 1 0.78125
vt 0.8125 1
vt 1 1
vt 1 0.78125
vt 0.8125 0.78125
vt 0.5625 0.71875
vt 0.5625 0.25
vt 0.25 0.25
vt 0.25 0.71875
vt 0.25 0.71875
vt 0.5625 0.71875
vt 0.5625 0.25
vt 0.25 0.25
vt 0.8125 1
vt 1 1
vt 1 0.78125
vt 0.8125 0.78125
vt 0.8125 0.78125
vt 0.8125 1
vt 1 1
vt 1 0.78125
vt 0.8124999999999999 0.9998754160830509
vt 0.8593749999999999 0.8741183339169463
vt 0.9531249999999999 0.8741183339169463
vt 0.9999999999999998 0.9998754160830509
vt 0.8593749999999999 0.8739937499999981
vt 0.9531249999999999 0.8741183339169464
vt 1 1
vt 0.8124999999999999 1
vt 1 1
vt 1 0.78125
vt 0.8125 0.78125
vt 0.8125 1
vt 0.8125 1
vt 0.09375 1
vt 0.09375 0.65625
vt 0.8125 0.65625
vt 0.8593749999999999 0.8739937499999981
vt 0.9531249999999999 0.8741183339169464
vt 1 1
vt 0.8124999999999999 1
vt 0.8124999999999999 0.9998754160830509
vt 0.8593749999999999 0.8741183339169463
vt 0.9531249999999999 0.8741183339169463
vt 0.9999999999999998 0.9998754160830509
vt 0.8124999999999999 0.9998754160830509
vt 0.8593749999999999 0.8741183339169463
vt 0.9531249999999999 0.8741183339169463
vt 0.9999999999999998 0.9998754160830509
vt 0.8593749999999999 0.8739937499999981
vt 0.9531249999999999 0.8741183339169464
vt 1 1
vt 0.8124999999999999 1
vt 1 1
vt 1 0.78125
vt 0.8125 0.78125
vt 0.8125 1
vt 0.8125 1
vt 0.09375 1
vt 0.09375 0.65625
vt 0.8125 0.65625
vt 0.8593749999999999 0.8739937499999981
vt 0.9531249999999999 0.8741183339169464
vt 1 1
vt 0.8124999999999999 1
vt 0.8124999999999999 0.9998754160830509
vt 0.8593749999999999 0.8741183339169463
vt 0.9531249999999999 0.8741183339169463
vt 0.9999999999999998 0.9998754160830509
vt 0.84375 0.375
vt 0.84375 0.46875
vt 0.9375 0.46875
vt 0.3125 0.75
vt 0.5625 0.75
vt 0.5625 0.5
vt 0.84375 0.375
vt 0.84375 0.46875
vt 0.96875 0.46875
vt 0.96875 0.375
vt 0.75 0.9374999999999969
vt 0.875 0.9374999999999969
vt 0.875 0.7714499999999969
vt 0.75 0.7714499999999969
vt 0.75 1
vt 0.75 0.84375
vt 0.875 0.84375
vt 0.875 1
vt 0.84375 0.375
vt 0.84375 0.46875
vt 0.9375 0.46875
vt 0.3125 0.75
vt 0.5625 0.75
vt 0.5625 0.5
vt 0.84375 0.375
vt 0.84375 0.46875
vt 0.96875 0.46875
vt 0.96875 0.375
vt 0.75 0.9374999999999969
vt 0.875 0.9374999999999969
vt 0.875 0.7714499999999969
vt 0.75 0.7714499999999969
vt 0.75 1
vt 0.75 0.84375
vt 0.875 0.84375
vt 0.875 1
vt 0.84375 0.375
vt 0.84375 0.46875
vt 0.9375 0.46875
vt 0.3125 0.75
vt 0.5625 0.75
vt 0.5625 0.5
vt 0.84375 0.375
vt 0.84375 0.46875
vt 0.96875 0.46875
vt 0.96875 0.375
vt 0.75 0.9374999999999969
vt 0.875 0.9374999999999969
vt 0.875 0.7714499999999969
vt 0.75 0.7714499999999969
vt 0.75 1
vt 0.75 0.84375
vt 0.875 0.84375
vt 0.875 1
vt 0.625 1
vt 0.625 0
vt 0.375 0
vt 0.375 1
vt 0.625 1
vt 0.625 0
vt 0.375 0
vt 0.375 1
vt 0.625 1
vt 0.625 0
vt 0.375 0
vt 0.375 1
vt 0.625 1
vt 0.625 0
vt 0.375 0
vt 0.375 1
vt 0.625 0.625
vt 0.625 0.375
vt 0.375 0.375
vt 0.375 0.625
vt 0.625 0.625
vt 0.625 0.375
vt 0.375 0.375
vt 0.375 0.625
vt 0.8125 0.78125
vt 0.8125 1
vt 1 1
vt 1 0.78125
vt 0.8125 1
vt 1 1
vt 1 0.78125
vt 0.8125 0.78125
vt 0.5625 0.71875
vt 0.5625 0.25
vt 0.25 0.25
vt 0.25 0.71875
vt 0.25 0.71875
vt 0.5625 0.71875
vt 0.5625 0.25
vt 0.25 0.25
vt 0.8125 1
vt 1 1
vt 1 0.78125
vt 0.8125 0.78125
vt 0.8125 0.78125
vt 0.8125 1
vt 1 1
vt 1 0.78125
vt 0.8124999999999999 0.9998754160830509
vt 0.8593749999999999 0.8741183339169463
vt 0.9531249999999999 0.8741183339169463
vt 0.9999999999999998 0.9998754160830509
vt 0.8593749999999999 0.8739937499999981
vt 0.9531249999999999 0.8741183339169464
vt 1 1
vt 0.8124999999999999 1
vt 1 1
vt 1 0.78125
vt 0.8125 0.78125
vt 0.8125 1
vt 0.8125 1
vt 0.09375 1
vt 0.09375 0.65625
vt 0.8125 0.65625
vt 0.8593749999999999 0.8739937499999981
vt 0.9531249999999999 0.8741183339169464
vt 1 1
vt 0.8124999999999999 1
vt 0.8124999999999999 0.9998754160830509
vt 0.8593749999999999 0.8741183339169463
vt 0.9531249999999999 0.8741183339169463
vt 0.9999999999999998 0.9998754160830509
vt 0.8124999999999999 0.9998754160830509
vt 0.8593749999999999 0.8741183339169463
vt 0.9531249999999999 0.8741183339169463
vt 0.9999999999999998 0.9998754160830509
vt 0.8593749999999999 0.8739937499999981
vt 0.9531249999999999 0.8741183339169464
vt 1 1
vt 0.8124999999999999 1
vt 1 1
vt 1 0.78125
vt 0.8125 0.78125
vt 0.8125 1
vt 0.8125 1
vt 0.09375 1
vt 0.09375 0.65625
vt 0.8125 0.65625
vt 0.8593749999999999 0.8739937499999981
vt 0.9531249999999999 0.8741183339169464
vt 1 1
vt 0.8124999999999999 1
vt 0.8124999999999999 0.9998754160830509
vt 0.8593749999999999 0.8741183339169463
vt 0.9531249999999999 0.8741183339169463
vt 0.9999999999999998 0.9998754160830509
vt 0.625 1
vt 0.625 0
vt 0.375 0
vt 0.375 1
vt 0.625 1
vt 0.625 0
vt 0.375 0
vt 0.375 1
vt 0.625 1
vt 0.625 0
vt 0.375 0
vt 0.375 1
vt 0.625 1
vt 0.625 0
vt 0.375 0
vt 0.375 1
vt 0.625 0.625
vt 0.625 0.375
vt 0.375 0.375
vt 0.375 0.625
vt 0.625 0.625
vt 0.625 0.375
vt 0.375 0.375
vt 0.375 0.625
vt 0.8125 0.78125
vt 0.8125 1
vt 1 1
vt 1 0.78125
vt 0.8125 1
vt 1 1
vt 1 0.78125
vt 0.8125 0.78125
vt 0.5625 0.71875
vt 0.5625 0.25
vt 0.25 0.25
vt 0.25 0.71875
vt 0.25 0.71875
vt 0.5625 0.71875
vt 0.5625 0.25
vt 0.25 0.25
vt 0.8125 1
vt 1 1
vt 1 0.78125
vt 0.8125 0.78125
vt 0.8125 0.78125
vt 0.8125 1
vt 1 1
vt 1 0.78125
vt 0.8124999999999999 0.9998754160830509
vt 0.8593749999999999 0.8741183339169463
vt 0.9531249999999999 0.8741183339169463
vt 0.9999999999999998 0.9998754160830509
vt 0.8593749999999999 0.8739937499999981
vt 0.9531249999999999 0.8741183339169464
vt 1 1
vt 0.8124999999999999 1
vt 1 1
vt 1 0.78125
vt 0.8125 0.78125
vt 0.8125 1
vt 0.8125 1
vt 0.09375 1
vt 0.09375 0.65625
vt 0.8125 0.65625
vt 0.8593749999999999 0.8739937499999981
vt 0.9531249999999999 0.8741183339169464
vt 1 1
vt 0.8124999999999999 1
vt 0.8124999999999999 0.9998754160830509
vt 0.8593749999999999 0.8741183339169463
vt 0.9531249999999999 0.8741183339169463
vt 0.9999999999999998 0.9998754160830509
vt 0.8124999999999999 0.9998754160830509
vt 0.8593749999999999 0.8741183339169463
vt 0.9531249999999999 0.8741183339169463
vt 0.9999999999999998 0.9998754160830509
vt 0.8593749999999999 0.8739937499999981
vt 0.9531249999999999 0.8741183339169464
vt 1 1
vt 0.8124999999999999 1
vt 1 1
vt 1 0.78125
vt 0.8125 0.78125
vt 0.8125 1
vt 0.8125 1
vt 0.09375 1
vt 0.09375 0.65625
vt 0.8125 0.65625
vt 0.8593749999999999 0.8739937499999981
vt 0.9531249999999999 0.8741183339169464
vt 1 1
vt 0.8124999999999999 1
vt 0.8124999999999999 0.9998754160830509
vt 0.8593749999999999 0.8741183339169463
vt 0.9531249999999999 0.8741183339169463
vt 0.9999999999999998 0.9998754160830509
vt 0.84375 0.375
vt 0.84375 0.46875
vt 0.9375 0.46875
vt 0.3125 0.75
vt 0.5625 0.75
vt 0.5625 0.5
vt 0.84375 0.375
vt 0.84375 0.46875
vt 0.96875 0.46875
vt 0.96875 0.375
vt 0.75 0.9374999999999969
vt 0.875 0.9374999999999969
vt 0.875 0.7714499999999969
vt 0.75 0.7714499999999969
vt 0.75 1
vt 0.75 0.84375
vt 0.875 0.84375
vt 0.875 1
vt 0.84375 0.375
vt 0.84375 0.46875
vt 0.9375 0.46875
vt 0.3125 0.75
vt 0.5625 0.75
vt 0.5625 0.5
vt 0.84375 0.375
vt 0.84375 0.46875
vt 0.96875 0.46875
vt 0.96875 0.375
vt 0.75 0.9374999999999969
vt 0.875 0.9374999999999969
vt 0.875 0.7714499999999969
vt 0.75 0.7714499999999969
vt 0.75 1
vt 0.75 0.84375
vt 0.875 0.84375
vt 0.875 1
vt 0.84375 0.375
vt 0.84375 0.46875
vt 0.9375 0.46875
vt 0.3125 0.75
vt 0.5625 0.75
vt 0.5625 0.5
vt 0.84375 0.375
vt 0.84375 0.46875
vt 0.96875 0.46875
vt 0.96875 0.375
vt 0.75 0.9374999999999969
vt 0.875 0.9374999999999969
vt 0.875 0.7714499999999969
vt 0.75 0.7714499999999969
vt 0.75 1
vt 0.75 0.84375
vt 0.875 0.84375
vt 0.875 1
vt 0.625 1
vt 0.625 0
vt 0.375 0
vt 0.375 1
vt 0.625 1
vt 0.625 0
vt 0.375 0
vt 0.375 1
vt 0.625 1
vt 0.625 0
vt 0.375 0
vt 0.375 1
vt 0.625 1
vt 0.625 0
vt 0.375 0
vt 0.375 1
vt 0.625 0.625
vt 0.625 0.375
vt 0.375 0.375
vt 0.375 0.625
vt 0.625 0.625
vt 0.625 0.375
vt 0.375 0.375
vt 0.375 0.625
vt 0.8125 0.78125
vt 0.8125 1
vt 1 1
vt 1 0.78125
vt 0.8125 1
vt 1 1
vt 1 0.78125
vt 0.8125 0.78125
vt 0.5625 0.71875
vt 0.5625 0.25
vt 0.25 0.25
vt 0.25 0.71875
vt 0.25 0.71875
vt 0.5625 0.71875
vt 0.5625 0.25
vt 0.25 0.25
vt 0.8125 1
vt 1 1
vt 1 0.78125
vt 0.8125 0.78125
vt 0.8125 0.78125
vt 0.8125 1
vt 1 1
vt 1 0.78125
vt 0.8124999999999999 0.9998754160830509
vt 0.8593749999999999 0.8741183339169463
vt 0.9531249999999999 0.8741183339169463
vt 0.9999999999999998 0.9998754160830509
vt 0.8593749999999999 0.8739937499999981
vt 0.9531249999999999 0.8741183339169464
vt 1 1
vt 0.8124999999999999 1
vt 1 1
vt 1 0.78125
vt 0.8125 0.78125
vt 0.8125 1
vt 0.8125 1
vt 0.09375 1
vt 0.09375 0.65625
vt 0.8125 0.65625
vt 0.8593749999999999 0.8739937499999981
vt 0.9531249999999999 0.8741183339169464
vt 1 1
vt 0.8124999999999999 1
vt 0.8124999999999999 0.9998754160830509
vt 0.8593749999999999 0.8741183339169463
vt 0.9531249999999999 0.8741183339169463
vt 0.9999999999999998 0.9998754160830509
vt 0.8124999999999999 0.9998754160830509
vt 0.8593749999999999 0.8741183339169463
vt 0.9531249999999999 0.8741183339169463
vt 0.9999999999999998 0.9998754160830509
vt 0.8593749999999999 0.8739937499999981
vt 0.9531249999999999 0.8741183339169464
vt 1 1
vt 0.8124999999999999 1
vt 1 1
vt 1 0.78125
vt 0.8125 0.78125
vt 0.8125 1
vt 0.8125 1
vt 0.09375 1
vt 0.09375 0.65625
vt 0.8125 0.65625
vt 0.8593749999999999 0.8739937499999981
vt 0.9531249999999999 0.8741183339169464
vt 1 1
vt 0.8124999999999999 1
vt 0.8124999999999999 0.9998754160830509
vt 0.8593749999999999 0.8741183339169463
vt 0.9531249999999999 0.8741183339169463
vt 0.9999999999999998 0.9998754160830509
vt 0.84375 0.375
vt 0.84375 0.46875
vt 0.9375 0.46875
vt 0.3125 0.75
vt 0.5625 0.75
vt 0.5625 0.5
vt 0.84375 0.375
vt 0.84375 0.46875
vt 0.96875 0.46875
vt 0.96875 0.375
vt 0.75 0.9374999999999969
vt 0.875 0.9374999999999969
vt 0.875 0.7714499999999969
vt 0.75 0.7714499999999969
vt 0.75 1
vt 0.75 0.84375
vt 0.875 0.84375
vt 0.875 1
vt 0.625 1
vt 0.625 0
vt 0.375 0
vt 0.375 1
vt 0.625 1
vt 0.625 0
vt 0.375 0
vt 0.375 1
vt 0.625 1
vt 0.625 0
vt 0.375 0
vt 0.375 1
vt 0.625 1
vt 0.625 0
vt 0.375 0
vt 0.375 1
vt 0.625 0.625
vt 0.625 0.375
vt 0.375 0.375
vt 0.375 0.625
vt 0.625 0.625
vt 0.625 0.375
vt 0.375 0.375
vt 0.375 0.625
vt 0.8125 0.78125
vt 0.8125 1
vt 1 1
vt 1 0.78125
vt 0.8125 1
vt 1 1
vt 1 0.78125
vt 0.8125 0.78125
vt 0.5625 0.71875
vt 0.5625 0.25
vt 0.25 0.25
vt 0.25 0.71875
vt 0.25 0.71875
vt 0.5625 0.71875
vt 0.5625 0.25
vt 0.25 0.25
vt 0.8125 1
vt 1 1
vt 1 0.78125
vt 0.8125 0.78125
vt 0.8125 0.78125
vt 0.8125 1
vt 1 1
vt 1 0.78125
vt 0.8124999999999999 0.9998754160830509
vt 0.8593749999999999 0.8741183339169463
vt 0.9531249999999999 0.8741183339169463
vt 0.9999999999999998 0.9998754160830509
vt 0.8593749999999999 0.8739937499999981
vt 0.9531249999999999 0.8741183339169464
vt 1 1
vt 0.8124999999999999 1
vt 1 1
vt 1 0.78125
vt 0.8125 0.78125
vt 0.8125 1
vt 0.8125 1
vt 0.09375 1
vt 0.09375 0.65625
vt 0.8125 0.65625
vt 0.8593749999999999 0.8739937499999981
vt 0.9531249999999999 0.8741183339169464
vt 1 1
vt 0.8124999999999999 1
vt 0.8124999999999999 0.9998754160830509
vt 0.8593749999999999 0.8741183339169463
vt 0.9531249999999999 0.8741183339169463
vt 0.9999999999999998 0.9998754160830509
vt 0.8124999999999999 0.9998754160830509
vt 0.8593749999999999 0.8741183339169463
vt 0.9531249999999999 0.8741183339169463
vt 0.9999999999999998 0.9998754160830509
vt 0.8593749999999999 0.8739937499999981
vt 0.9531249999999999 0.8741183339169464
vt 1 1
vt 0.8124999999999999 1
vt 1 1
vt 1 0.78125
vt 0.8125 0.78125
vt 0.8125 1
vt 0.8125 1
vt 0.09375 1
vt 0.09375 0.65625
vt 0.8125 0.65625
vt 0.8593749999999999 0.8739937499999981
vt 0.9531249999999999 0.8741183339169464
vt 1 1
vt 0.8124999999999999 1
vt 0.8124999999999999 0.9998754160830509
vt 0.8593749999999999 0.8741183339169463
vt 0.9531249999999999 0.8741183339169463
vt 0.9999999999999998 0.9998754160830509
vt 0.84375 0.375
vt 0.84375 0.46875
vt 0.9375 0.46875
vt 0.3125 0.75
vt 0.5625 0.75
vt 0.5625 0.5
vt 0.84375 0.375
vt 0.84375 0.46875
vt 0.96875 0.46875
vt 0.96875 0.375
vt 0.75 0.9374999999999969
vt 0.875 0.9374999999999969
vt 0.875 0.7714499999999969
vt 0.75 0.7714499999999969
vt 0.75 1
vt 0.75 0.84375
vt 0.875 0.84375
vt 0.875 1
vt 0.84375 0.375
vt 0.84375 0.46875
vt 0.9375 0.46875
vt 0.3125 0.75
vt 0.5625 0.75
vt 0.5625 0.5
vt 0.84375 0.375
vt 0.84375 0.46875
vt 0.96875 0.46875
vt 0.96875 0.375
vt 0.75 0.9374999999999969
vt 0.875 0.9374999999999969
vt 0.875 0.7714499999999969
vt 0.75 0.7714499999999969
vt 0.75 1
vt 0.75 0.84375
vt 0.875 0.84375
vt 0.875 1
vt 0.84375 0.375
vt 0.84375 0.46875
vt 0.9375 0.46875
vt 0.3125 0.75
vt 0.5625 0.75
vt 0.5625 0.5
vt 0.84375 0.375
vt 0.84375 0.46875
vt 0.96875 0.46875
vt 0.96875 0.375
vt 0.75 0.9374999999999969
vt 0.875 0.9374999999999969
vt 0.875 0.7714499999999969
vt 0.75 0.7714499999999969
vt 0.75 1
vt 0.75 0.84375
vt 0.875 0.84375
vt 0.875 1
vt 0.625 1
vt 0.625 0
vt 0.375 0
vt 0.375 1
vt 0.625 1
vt 0.625 0
vt 0.375 0
vt 0.375 1
vt 0.625 1
vt 0.625 0
vt 0.375 0
vt 0.375 1
vt 0.625 1
vt 0.625 0
vt 0.375 0
vt 0.375 1
vt 0.625 0.625
vt 0.625 0.375
vt 0.375 0.375
vt 0.375 0.625
vt 0.625 0.625
vt 0.625 0.375
vt 0.375 0.375
vt 0.375 0.625
vt 0.8125 0.78125
vt 0.8125 1
vt 1 1
vt 1 0.78125
vt 0.8125 1
vt 1 1
vt 1 0.78125
vt 0.8125 0.78125
vt 0.5625 0.71875
vt 0.5625 0.25
vt 0.25 0.25
vt 0.25 0.71875
vt 0.25 0.71875
vt 0.5625 0.71875
vt 0.5625 0.25
vt 0.25 0.25
vt 0.8125 1
vt 1 1
vt 1 0.78125
vt 0.8125 0.78125
vt 0.8125 0.78125
vt 0.8125 1
vt 1 1
vt 1 0.78125
vt 0.8124999999999999 0.9998754160830509
vt 0.8593749999999999 0.8741183339169463
vt 0.9531249999999999 0.8741183339169463
vt 0.9999999999999998 0.9998754160830509
vt 0.8593749999999999 0.8739937499999981
vt 0.9531249999999999 0.8741183339169464
vt 1 1
vt 0.8124999999999999 1
vt 1 1
vt 1 0.78125
vt 0.8125 0.78125
vt 0.8125 1
vt 0.8125 1
vt 0.09375 1
vt 0.09375 0.65625
vt 0.8125 0.65625
vt 0.8593749999999999 0.8739937499999981
vt 0.9531249999999999 0.8741183339169464
vt 1 1
vt 0.8124999999999999 1
vt 0.8124999999999999 0.9998754160830509
vt 0.8593749999999999 0.8741183339169463
vt 0.9531249999999999 0.8741183339169463
vt 0.9999999999999998 0.9998754160830509
vt 0.8124999999999999 0.9998754160830509
vt 0.8593749999999999 0.8741183339169463
vt 0.9531249999999999 0.8741183339169463
vt 0.9999999999999998 0.9998754160830509
vt 0.8593749999999999 0.8739937499999981
vt 0.9531249999999999 0.8741183339169464
vt 1 1
vt 0.8124999999999999 1
vt 1 1
vt 1 0.78125
vt 0.8125 0.78125
vt 0.8125 1
vt 0.8125 1
vt 0.09375 1
vt 0.09375 0.65625
vt 0.8125 0.65625
vt 0.8593749999999999 0.8739937499999981
vt 0.9531249999999999 0.8741183339169464
vt 1 1
vt 0.8124999999999999 1
vt 0.8124999999999999 0.9998754160830509
vt 0.8593749999999999 0.8741183339169463
vt 0.9531249999999999 0.8741183339169463
vt 0.9999999999999998 0.9998754160830509
vt 0.84375 0.375
vt 0.84375 0.46875
vt 0.9375 0.46875
vt 0.3125 0.75
vt 0.5625 0.75
vt 0.5625 0.5
vt 0.84375 0.375
vt 0.84375 0.46875
vt 0.96875 0.46875
vt 0.96875 0.375
vt 0.75 0.9374999999999969
vt 0.875 0.9374999999999969
vt 0.875 0.7714499999999969
vt 0.75 0.7714499999999969
vt 0.75 1
vt 0.75 0.84375
vt 0.875 0.84375
vt 0.875 1
vt 0.625 1
vt 0.625 0
vt 0.375 0
vt 0.375 1
vt 0.625 1
vt 0.625 0
vt 0.375 0
vt 0.375 1
vt 0.625 1
vt 0.625 0
vt 0.375 0
vt 0.375 1
vt 0.625 1
vt 0.625 0
vt 0.375 0
vt 0.375 1
vt 0.625 0.625
vt 0.625 0.375
vt 0.375 0.375
vt 0.375 0.625
vt 0.625 0.625
vt 0.625 0.375
vt 0.375 0.375
vt 0.375 0.625
vt 0.8125 0.78125
vt 0.8125 1
vt 1 1
vt 1 0.78125
vt 0.8125 1
vt 1 1
vt 1 0.78125
vt 0.8125 0.78125
vt 0.5625 0.71875
vt 0.5625 0.25
vt 0.25 0.25
vt 0.25 0.71875
vt 0.25 0.71875
vt 0.5625 0.71875
vt 0.5625 0.25
vt 0.25 0.25
vt 0.8125 1
vt 1 1
vt 1 0.78125
vt 0.8125 0.78125
vt 0.8125 0.78125
vt 0.8125 1
vt 1 1
vt 1 0.78125
vt 0.8124999999999999 0.9998754160830509
vt 0.8593749999999999 0.8741183339169463
vt 0.9531249999999999 0.8741183339169463
vt 0.9999999999999998 0.9998754160830509
vt 0.8593749999999999 0.8739937499999981
vt 0.9531249999999999 0.8741183339169464
vt 1 1
vt 0.8124999999999999 1
vt 1 1
vt 1 0.78125
vt 0.8125 0.78125
vt 0.8125 1
vt 0.8125 1
vt 0.09375 1
vt 0.09375 0.65625
vt 0.8125 0.65625
vt 0.8593749999999999 0.8739937499999981
vt 0.9531249999999999 0.8741183339169464
vt 1 1
vt 0.8124999999999999 1
vt 0.8124999999999999 0.9998754160830509
vt 0.8593749999999999 0.8741183339169463
vt 0.9531249999999999 0.8741183339169463
vt 0.9999999999999998 0.9998754160830509
vt 0.8124999999999999 0.9998754160830509
vt 0.8593749999999999 0.8741183339169463
vt 0.9531249999999999 0.8741183339169463
vt 0.9999999999999998 0.9998754160830509
vt 0.8593749999999999 0.8739937499999981
vt 0.9531249999999999 0.8741183339169464
vt 1 1
vt 0.8124999999999999 1
vt 1 1
vt 1 0.78125
vt 0.8125 0.78125
vt 0.8125 1
vt 0.8125 1
vt 0.09375 1
vt 0.09375 0.65625
vt 0.8125 0.65625
vt 0.8593749999999999 0.8739937499999981
vt 0.9531249999999999 0.8741183339169464
vt 1 1
vt 0.8124999999999999 1
vt 0.8124999999999999 0.9998754160830509
vt 0.8593749999999999 0.8741183339169463
vt 0.9531249999999999 0.8741183339169463
vt 0.9999999999999998 0.9998754160830509
vt 0.84375 0.375
vt 0.84375 0.46875
vt 0.9375 0.46875
vt 0.3125 0.75
vt 0.5625 0.75
vt 0.5625 0.5
vt 0.84375 0.375
vt 0.84375 0.46875
vt 0.96875 0.46875
vt 0.96875 0.375
vt 0.75 0.9374999999999969
vt 0.875 0.9374999999999969
vt 0.875 0.7714499999999969
vt 0.75 0.7714499999999969
vt 0.75 1
vt 0.75 0.84375
vt 0.875 0.84375
vt 0.875 1
vt 0.84375 0.375
vt 0.84375 0.46875
vt 0.9375 0.46875
vt 0.3125 0.75
vt 0.5625 0.75
vt 0.5625 0.5
vt 0.84375 0.375
vt 0.84375 0.46875
vt 0.96875 0.46875
vt 0.96875 0.375
vt 0.75 0.9374999999999969
vt 0.875 0.9374999999999969
vt 0.875 0.7714499999999969
vt 0.75 0.7714499999999969
vt 0.75 1
vt 0.75 0.84375
vt 0.875 0.84375
vt 0.875 1
vt 0.84375 0.375
vt 0.84375 0.46875
vt 0.9375 0.46875
vt 0.3125 0.75
vt 0.5625 0.75
vt 0.5625 0.5
vt 0.84375 0.375
vt 0.84375 0.46875
vt 0.96875 0.46875
vt 0.96875 0.375
vt 0.75 0.9374999999999969
vt 0.875 0.9374999999999969
vt 0.875 0.7714499999999969
vt 0.75 0.7714499999999969
vt 0.75 1
vt 0.75 0.84375
vt 0.875 0.84375
vt 0.875 1
vt 0.625 1
vt 0.625 0
vt 0.375 0
vt 0.375 1
vt 0.625 1
vt 0.625 0
vt 0.375 0
vt 0.375 1
vt 0.625 1
vt 0.625 0
vt 0.375 0
vt 0.375 1
vt 0.625 1
vt 0.625 0
vt 0.375 0
vt 0.375 1
vt 0.625 0.625
vt 0.625 0.375
vt 0.375 0.375
vt 0.375 0.625
vt 0.625 0.625
vt 0.625 0.375
vt 0.375 0.375
vt 0.375 0.625
vt 0.8125 0.78125
vt 0.8125 1
vt 1 1
vt 1 0.78125
vt 0.8125 1
vt 1 1
vt 1 0.78125
vt 0.8125 0.78125
vt 0.5625 0.71875
vt 0.5625 0.25
vt 0.25 0.25
vt 0.25 0.71875
vt 0.25 0.71875
vt 0.5625 0.71875
vt 0.5625 0.25
vt 0.25 0.25
vt 0.8125 1
vt 1 1
vt 1 0.78125
vt 0.8125 0.78125
vt 0.8125 0.78125
vt 0.8125 1
vt 1 1
vt 1 0.78125
vt 0.8124999999999999 0.9998754160830509
vt 0.8593749999999999 0.8741183339169463
vt 0.9531249999999999 0.8741183339169463
vt 0.9999999999999998 0.9998754160830509
vt 0.8593749999999999 0.8739937499999981
vt 0.9531249999999999 0.8741183339169464
vt 1 1
vt 0.8124999999999999 1
vt 1 1
vt 1 0.78125
vt 0.8125 0.78125
vt 0.8125 1
vt 0.8125 1
vt 0.09375 1
vt 0.09375 0.65625
vt 0.8125 0.65625
vt 0.8593749999999999 0.8739937499999981
vt 0.9531249999999999 0.8741183339169464
vt 1 1
vt 0.8124999999999999 1
vt 0.8124999999999999 0.9998754160830509
vt 0.8593749999999999 0.8741183339169463
vt 0.9531249999999999 0.8741183339169463
vt 0.9999999999999998 0.9998754160830509
vt 0.8124999999999999 0.9998754160830509
vt 0.8593749999999999 0.8741183339169463
vt 0.9531249999999999 0.8741183339169463
vt 0.9999999999999998 0.9998754160830509
vt 0.8593749999999999 0.8739937499999981
vt 0.9531249999999999 0.8741183339169464
vt 1 1
vt 0.8124999999999999 1
vt 1 1
vt 1 0.78125
vt 0.8125 0.78125
vt 0.8125 1
vt 0.8125 1
vt 0.09375 1
vt 0.09375 0.65625
vt 0.8125 0.65625
vt 0.8593749999999999 0.8739937499999981
vt 0.9531249999999999 0.8741183339169464
vt 1 1
vt 0.8124999999999999 1
vt 0.8124999999999999 0.9998754160830509
vt 0.8593749999999999 0.8741183339169463
vt 0.9531249999999999 0.8741183339169463
vt 0.9999999999999998 0.9998754160830509
vt 0.84375 0.375
vt 0.84375 0.46875
vt 0.9375 0.46875
vt 0.3125 0.75
vt 0.5625 0.75
vt 0.5625 0.5
vt 0.84375 0.375
vt 0.84375 0.46875
vt 0.96875 0.46875
vt 0.96875 0.375
vt 0.75 0.9374999999999969
vt 0.875 0.9374999999999969
vt 0.875 0.7714499999999969
vt 0.75 0.7714499999999969
vt 0.75 1
vt 0.75 0.84375
vt 0.875 0.84375
vt 0.875 1
vt 0.625 1
vt 0.625 0
vt 0.375 0
vt 0.375 1
vt 0.625 1
vt 0.625 0
vt 0.375 0
vt 0.375 1
vt 0.625 1
vt 0.625 0
vt 0.375 0
vt 0.375 1
vt 0.625 1
vt 0.625 0
vt 0.375 0
vt 0.375 1
vt 0.625 0.625
vt 0.625 0.375
vt 0.375 0.375
vt 0.375 0.625
vt 0.625 0.625
vt 0.625 0.375
vt 0.375 0.375
vt 0.375 0.625
vt 0.8125 0.78125
vt 0.8125 1
vt 1 1
vt 1 0.78125
vt 0.8125 1
vt 1 1
vt 1 0.78125
vt 0.8125 0.78125
vt 0.5625 0.71875
vt 0.5625 0.25
vt 0.25 0.25
vt 0.25 0.71875
vt 0.25 0.71875
vt 0.5625 0.71875
vt 0.5625 0.25
vt 0.25 0.25
vt 0.8125 1
vt 1 1
vt 1 0.78125
vt 0.8125 0.78125
vt 0.8125 0.78125
vt 0.8125 1
vt 1 1
vt 1 0.78125
vt 0.8124999999999999 0.9998754160830509
vt 0.8593749999999999 0.8741183339169463
vt 0.9531249999999999 0.8741183339169463
vt 0.9999999999999998 0.9998754160830509
vt 0.8593749999999999 0.8739937499999981
vt 0.9531249999999999 0.8741183339169464
vt 1 1
vt 0.8124999999999999 1
vt 1 1
vt 1 0.78125
vt 0.8125 0.78125
vt 0.8125 1
vt 0.8125 1
vt 0.09375 1
vt 0.09375 0.65625
vt 0.8125 0.65625
vt 0.8593749999999999 0.8739937499999981
vt 0.9531249999999999 0.8741183339169464
vt 1 1
vt 0.8124999999999999 1
vt 0.8124999999999999 0.9998754160830509
vt 0.8593749999999999 0.8741183339169463
vt 0.9531249999999999 0.8741183339169463
vt 0.9999999999999998 0.9998754160830509
vt 0.8124999999999999 0.9998754160830509
vt 0.8593749999999999 0.8741183339169463
vt 0.9531249999999999 0.8741183339169463
vt 0.9999999999999998 0.9998754160830509
vt 0.8593749999999999 0.8739937499999981
vt 0.9531249999999999 0.8741183339169464
vt 1 1
vt 0.8124999999999999 1
vt 1 1
vt 1 0.78125
vt 0.8125 0.78125
vt 0.8125 1
vt 0.8125 1
vt 0.09375 1
vt 0.09375 0.65625
vt 0.8125 0.65625
vt 0.8593749999999999 0.8739937499999981
vt 0.9531249999999999 0.8741183339169464
vt 1 1
vt 0.8124999999999999 1
vt 0.8124999999999999 0.9998754160830509
vt 0.8593749999999999 0.8741183339169463
vt 0.9531249999999999 0.8741183339169463
vt 0.9999999999999998 0.9998754160830509
vt 0.84375 0.375
vt 0.84375 0.46875
vt 0.9375 0.46875
vt 0.3125 0.75
vt 0.5625 0.75
vt 0.5625 0.5
vt 0.84375 0.375
vt 0.84375 0.46875
vt 0.96875 0.46875
vt 0.96875 0.375
vt 0.75 0.9374999999999969
vt 0.875 0.9374999999999969
vt 0.875 0.7714499999999969
vt 0.75 0.7714499999999969
vt 0.75 1
vt 0.75 0.84375
vt 0.875 0.84375
vt 0.875 1
vt 0.84375 0.375
vt 0.84375 0.46875
vt 0.9375 0.46875
vt 0.3125 0.75
vt 0.5625 0.75
vt 0.5625 0.5
vt 0.84375 0.375
vt 0.84375 0.46875
vt 0.96875 0.46875
vt 0.96875 0.375
vt 0.75 0.9374999999999969
vt 0.875 0.9374999999999969
vt 0.875 0.7714499999999969
vt 0.75 0.7714499999999969
vt 0.75 1
vt 0.75 0.84375
vt 0.875 0.84375
vt 0.875 1
vt 0.84375 0.375
vt 0.84375 0.46875
vt 0.9375 0.46875
vt 0.3125 0.75
vt 0.5625 0.75
vt 0.5625 0.5
vt 0.84375 0.375
vt 0.84375 0.46875
vt 0.96875 0.46875
vt 0.96875 0.375
vt 0.75 0.9374999999999969
vt 0.875 0.9374999999999969
vt 0.875 0.7714499999999969
vt 0.75 0.7714499999999969
vt 0.75 1
vt 0.75 0.84375
vt 0.875 0.84375
vt 0.875 1
vt 0.625 1
vt 0.625 0
vt 0.375 0
vt 0.375 1
vt 0.625 1
vt 0.625 0
vt 0.375 0
vt 0.375 1
vt 0.625 1
vt 0.625 0
vt 0.375 0
vt 0.375 1
vt 0.625 1
vt 0.625 0
vt 0.375 0
vt 0.375 1
vt 0.625 0.625
vt 0.625 0.375
vt 0.375 0.375
vt 0.375 0.625
vt 0.625 0.625
vt 0.625 0.375
vt 0.375 0.375
vt 0.375 0.625
vt 0.8125 0.78125
vt 0.8125 1
vt 1 1
vt 1 0.78125
vt 0.8125 1
vt 1 1
vt 1 0.78125
vt 0.8125 0.78125
vt 0.5625 0.71875
vt 0.5625 0.25
vt 0.25 0.25
vt 0.25 0.71875
vt 0.25 0.71875
vt 0.5625 0.71875
vt 0.5625 0.25
vt 0.25 0.25
vt 0.8125 1
vt 1 1
vt 1 0.78125
vt 0.8125 0.78125
vt 0.8125 0.78125
vt 0.8125 1
vt 1 1
vt 1 0.78125
vt 0.8124999999999999 0.9998754160830509
vt 0.8593749999999999 0.8741183339169463
vt 0.9531249999999999 0.8741183339169463
vt 0.9999999999999998 0.9998754160830509
vt 0.8593749999999999 0.8739937499999981
vt 0.9531249999999999 0.8741183339169464
vt 1 1
vt 0.8124999999999999 1
vt 1 1
vt 1 0.78125
vt 0.8125 0.78125
vt 0.8125 1
vt 0.8125 1
vt 0.09375 1
vt 0.09375 0.65625
vt 0.8125 0.65625
vt 0.8593749999999999 0.8739937499999981
vt 0.9531249999999999 0.8741183339169464
vt 1 1
vt 0.8124999999999999 1
vt 0.8124999999999999 0.9998754160830509
vt 0.8593749999999999 0.8741183339169463
vt 0.9531249999999999 0.8741183339169463
vt 0.9999999999999998 0.9998754160830509
vt 0.8124999999999999 0.9998754160830509
vt 0.8593749999999999 0.8741183339169463
vt 0.9531249999999999 0.8741183339169463
vt 0.9999999999999998 0.9998754160830509
vt 0.8593749999999999 0.8739937499999981
vt 0.9531249999999999 0.8741183339169464
vt 1 1
vt 0.8124999999999999 1
vt 1 1
vt 1 0.78125
vt 0.8125 0.78125
vt 0.8125 1
vt 0.8125 1
vt 0.09375 1
vt 0.09375 0.65625
vt 0.8125 0.65625
vt 0.8593749999999999 0.8739937499999981
vt 0.9531249999999999 0.8741183339169464
vt 1 1
vt 0.8124999999999999 1
vt 0.8124999999999999 0.9998754160830509
vt 0.8593749999999999 0.8741183339169463
vt 0.9531249999999999 0.8741183339169463
vt 0.9999999999999998 0.9998754160830509
vt 0.84375 0.375
vt 0.84375 0.46875
vt 0.9375 0.46875
vt 0.3125 0.75
vt 0.5625 0.75
vt 0.5625 0.5
vt 0.84375 0.375
vt 0.84375 0.46875
vt 0.96875 0.46875
vt 0.96875 0.375
vt 0.75 0.9374999999999969
vt 0.875 0.9374999999999969
vt 0.875 0.7714499999999969
vt 0.75 0.7714499999999969
vt 0.75 1
vt 0.75 0.84375
vt 0.875 0.84375
vt 0.875 1
vt 0.625 1
vt 0.625 0
vt 0.375 0
vt 0.375 1
vt 0.625 1
vt 0.625 0
vt 0.375 0
vt 0.375 1
vt 0.625 1
vt 0.625 0
vt 0.375 0
vt 0.375 1
vt 0.625 1
vt 0.625 0
vt 0.375 0
vt 0.375 1
vt 0.625 0.625
vt 0.625 0.375
vt 0.375 0.375
vt 0.375 0.625
vt 0.625 0.625
vt 0.625 0.375
vt 0.375 0.375
vt 0.375 0.625
vt 0.8125 0.78125
vt 0.8125 1
vt 1 1
vt 1 0.78125
vt 0.8125 1
vt 1 1
vt 1 0.78125
vt 0.8125 0.78125
vt 0.5625 0.71875
vt 0.5625 0.25
vt 0.25 0.25
vt 0.25 0.71875
vt 0.25 0.71875
vt 0.5625 0.71875
vt 0.5625 0.25
vt 0.25 0.25
vt 0.8125 1
vt 1 1
vt 1 0.78125
vt 0.8125 0.78125
vt 0.8125 0.78125
vt 0.8125 1
vt 1 1
vt 1 0.78125
vt 0.8124999999999999 0.9998754160830509
vt 0.8593749999999999 0.8741183339169463
vt 0.9531249999999999 0.8741183339169463
vt 0.9999999999999998 0.9998754160830509
vt 0.8593749999999999 0.8739937499999981
vt 0.9531249999999999 0.8741183339169464
vt 1 1
vt 0.8124999999999999 1
vt 1 1
vt 1 0.78125
vt 0.8125 0.78125
vt 0.8125 1
vt 0.8125 1
vt 0.09375 1
vt 0.09375 0.65625
vt 0.8125 0.65625
vt 0.8593749999999999 0.8739937499999981
vt 0.9531249999999999 0.8741183339169464
vt 1 1
vt 0.8124999999999999 1
vt 0.8124999999999999 0.9998754160830509
vt 0.8593749999999999 0.8741183339169463
vt 0.9531249999999999 0.8741183339169463
vt 0.9999999999999998 0.9998754160830509
vt 0.8124999999999999 0.9998754160830509
vt 0.8593749999999999 0.8741183339169463
vt 0.9531249999999999 0.8741183339169463
vt 0.9999999999999998 0.9998754160830509
vt 0.8593749999999999 0.8739937499999981
vt 0.9531249999999999 0.8741183339169464
vt 1 1
vt 0.8124999999999999 1
vt 1 1
vt 1 0.78125
vt 0.8125 0.78125
vt 0.8125 1
vt 0.8125 1
vt 0.09375 1
vt 0.09375 0.65625
vt 0.8125 0.65625
vt 0.8593749999999999 0.8739937499999981
vt 0.9531249999999999 0.8741183339169464
vt 1 1
vt 0.8124999999999999 1
vt 0.8124999999999999 0.9998754160830509
vt 0.8593749999999999 0.8741183339169463
vt 0.9531249999999999 0.8741183339169463
vt 0.9999999999999998 0.9998754160830509
vt 0.84375 0.375
vt 0.84375 0.46875
vt 0.9375 0.46875
vt 0.3125 0.75
vt 0.5625 0.75
vt 0.5625 0.5
vt 0.84375 0.375
vt 0.84375 0.46875
vt 0.96875 0.46875
vt 0.96875 0.375
vt 0.75 0.9374999999999969
vt 0.875 0.9374999999999969
vt 0.875 0.7714499999999969
vt 0.75 0.7714499999999969
vt 0.75 1
vt 0.75 0.84375
vt 0.875 0.84375
vt 0.875 1
vt 0.84375 0.375
vt 0.84375 0.46875
vt 0.9375 0.46875
vt 0.3125 0.75
vt 0.5625 0.75
vt 0.5625 0.5
vt 0.84375 0.375
vt 0.84375 0.46875
vt 0.96875 0.46875
vt 0.96875 0.375
vt 0.75 0.9374999999999969
vt 0.875 0.9374999999999969
vt 0.875 0.7714499999999969
vt 0.75 0.7714499999999969
vt 0.75 1
vt 0.75 0.84375
vt 0.875 0.84375
vt 0.875 1
vt 0.84375 0.375
vt 0.84375 0.46875
vt 0.9375 0.46875
vt 0.3125 0.75
vt 0.5625 0.75
vt 0.5625 0.5
vt 0.84375 0.375
vt 0.84375 0.46875
vt 0.96875 0.46875
vt 0.96875 0.375
vt 0.75 0.9374999999999969
vt 0.875 0.9374999999999969
vt 0.875 0.7714499999999969
vt 0.75 0.7714499999999969
vt 0.75 1
vt 0.75 0.84375
vt 0.875 0.84375
vt 0.875 1
vt 0.625 1
vt 0.625 0
vt 0.375 0
vt 0.375 1
vt 0.625 1
vt 0.625 0
vt 0.375 0
vt 0.375 1
vt 0.625 1
vt 0.625 0
vt 0.375 0
vt 0.375 1
vt 0.625 1
vt 0.625 0
vt 0.375 0
vt 0.375 1
vt 0.625 0.625
vt 0.625 0.375
vt 0.375 0.375
vt 0.375 0.625
vt 0.625 0.625
vt 0.625 0.375
vt 0.375 0.375
vt 0.375 0.625
vt 0.8125 0.78125
vt 0.8125 1
vt 1 1
vt 1 0.78125
vt 0.8125 1
vt 1 1
vt 1 0.78125
vt 0.8125 0.78125
vt 0.5625 0.71875
vt 0.5625 0.25
vt 0.25 0.25
vt 0.25 0.71875
vt 0.25 0.71875
vt 0.5625 0.71875
vt 0.5625 0.25
vt 0.25 0.25
vt 0.8125 1
vt 1 1
vt 1 0.78125
vt 0.8125 0.78125
vt 0.8125 0.78125
vt 0.8125 1
vt 1 1
vt 1 0.78125
vt 0.8124999999999999 0.9998754160830509
vt 0.8593749999999999 0.8741183339169463
vt 0.9531249999999999 0.8741183339169463
vt 0.9999999999999998 0.9998754160830509
vt 0.8593749999999999 0.8739937499999981
vt 0.9531249999999999 0.8741183339169464
vt 1 1
vt 0.8124999999999999 1
vt 1 1
vt 1 0.78125
vt 0.8125 0.78125
vt 0.8125 1
vt 0.8125 1
vt 0.09375 1
vt 0.09375 0.65625
vt 0.8125 0.65625
vt 0.8593749999999999 0.8739937499999981
vt 0.9531249999999999 0.8741183339169464
vt 1 1
vt 0.8124999999999999 1
vt 0.8124999999999999 0.9998754160830509
vt 0.8593749999999999 0.8741183339169463
vt 0.9531249999999999 0.8741183339169463
vt 0.9999999999999998 0.9998754160830509
vt 0.8124999999999999 0.9998754160830509
vt 0.8593749999999999 0.8741183339169463
vt 0.9531249999999999 0.8741183339169463
vt 0.9999999999999998 0.9998754160830509
vt 0.8593749999999999 0.8739937499999981
vt 0.9531249999999999 0.8741183339169464
vt 1 1
vt 0.8124999999999999 1
vt 1 1
vt 1 0.78125
vt 0.8125 0.78125
vt 0.8125 1
vt 0.8125 1
vt 0.09375 1
vt 0.09375 0.65625
vt 0.8125 0.65625
vt 0.8593749999999999 0.8739937499999981
vt 0.9531249999999999 0.8741183339169464
vt 1 1
vt 0.8124999999999999 1
vt 0.8124999999999999 0.9998754160830509
vt 0.8593749999999999 0.8741183339169463
vt 0.9531249999999999 0.8741183339169463
vt 0.9999999999999998 0.9998754160830509
vt 0.84375 0.375
vt 0.84375 0.46875
vt 0.9375 0.46875
vt 0.3125 0.75
vt 0.5625 0.75
vt 0.5625 0.5
vt 0.84375 0.375
vt 0.84375 0.46875
vt 0.96875 0.46875
vt 0.96875 0.375
vt 0.75 0.9374999999999969
vt 0.875 0.9374999999999969
vt 0.875 0.7714499999999969
vt 0.75 0.7714499999999969
vt 0.75 1
vt 0.75 0.84375
vt 0.875 0.84375
vt 0.875 1
vt 0.625 1
vt 0.625 0
vt 0.375 0
vt 0.375 1
vt 0.625 1
vt 0.625 0
vt 0.375 0
vt 0.375 1
vt 0.625 1
vt 0.625 0
vt 0.375 0
vt 0.375 1
vt 0.625 1
vt 0.625 0
vt 0.375 0
vt 0.375 1
vt 0.625 0.625
vt 0.625 0.375
vt 0.375 0.375
vt 0.375 0.625
vt 0.625 0.625
vt 0.625 0.375
vt 0.375 0.375
vt 0.375 0.625
vt 0.8125 0.78125
vt 0.8125 1
vt 1 1
vt 1 0.78125
vt 0.8125 1
vt 1 1
vt 1 0.78125
vt 0.8125 0.78125
vt 0.5625 0.71875
vt 0.5625 0.25
vt 0.25 0.25
vt 0.25 0.71875
vt 0.25 0.71875
vt 0.5625 0.71875
vt 0.5625 0.25
vt 0.25 0.25
vt 0.8125 1
vt 1 1
vt 1 0.78125
vt 0.8125 0.78125
vt 0.8125 0.78125
vt 0.8125 1
vt 1 1
vt 1 0.78125
vt 0.8124999999999999 0.9998754160830509
vt 0.8593749999999999 0.8741183339169463
vt 0.9531249999999999 0.8741183339169463
vt 0.9999999999999998 0.9998754160830509
vt 0.8593749999999999 0.8739937499999981
vt 0.9531249999999999 0.8741183339169464
vt 1 1
vt 0.8124999999999999 1
vt 1 1
vt 1 0.78125
vt 0.8125 0.78125
vt 0.8125 1
vt 0.8125 1
vt 0.09375 1
vt 0.09375 0.65625
vt 0.8125 0.65625
vt 0.8593749999999999 0.8739937499999981
vt 0.9531249999999999 0.8741183339169464
vt 1 1
vt 0.8124999999999999 1
vt 0.8124999999999999 0.9998754160830509
vt 0.8593749999999999 0.8741183339169463
vt 0.9531249999999999 0.8741183339169463
vt 0.9999999999999998 0.9998754160830509
vt 0.8124999999999999 0.9998754160830509
vt 0.8593749999999999 0.8741183339169463
vt 0.9531249999999999 0.8741183339169463
vt 0.9999999999999998 0.9998754160830509
vt 0.8593749999999999 0.8739937499999981
vt 0.9531249999999999 0.8741183339169464
vt 1 1
vt 0.8124999999999999 1
vt 1 1
vt 1 0.78125
vt 0.8125 0.78125
vt 0.8125 1
vt 0.8125 1
vt 0.09375 1
vt 0.09375 0.65625
vt 0.8125 0.65625
vt 0.8593749999999999 0.8739937499999981
vt 0.9531249999999999 0.8741183339169464
vt 1 1
vt 0.8124999999999999 1
vt 0.8124999999999999 0.9998754160830509
vt 0.8593749999999999 0.8741183339169463
vt 0.9531249999999999 0.8741183339169463
vt 0.9999999999999998 0.9998754160830509
vt 0.84375 0.375
vt 0.84375 0.46875
vt 0.9375 0.46875
vt 0.3125 0.75
vt 0.5625 0.75
vt 0.5625 0.5
vt 0.84375 0.375
vt 0.84375 0.46875
vt 0.96875 0.46875
vt 0.96875 0.375
vt 0.75 0.9374999999999969
vt 0.875 0.9374999999999969
vt 0.875 0.7714499999999969
vt 0.75 0.7714499999999969
vt 0.75 1
vt 0.75 0.84375
vt 0.875 0.84375
vt 0.875 1
vt 0.84375 0.375
vt 0.84375 0.46875
vt 0.9375 0.46875
vt 0.3125 0.75
vt 0.5625 0.75
vt 0.5625 0.5
vt 0.84375 0.375
vt 0.84375 0.46875
vt 0.96875 0.46875
vt 0.96875 0.375
vt 0.75 0.9374999999999969
vt 0.875 0.9374999999999969
vt 0.875 0.7714499999999969
vt 0.75 0.7714499999999969
vt 0.75 1
vt 0.75 0.84375
vt 0.875 0.84375
vt 0.875 1
vt 0.84375 0.375
vt 0.84375 0.46875
vt 0.9375 0.46875
vt 0.3125 0.75
vt 0.5625 0.75
vt 0.5625 0.5
vt 0.84375 0.375
vt 0.84375 0.46875
vt 0.96875 0.46875
vt 0.96875 0.375
vt 0.75 0.9374999999999969
vt 0.875 0.9374999999999969
vt 0.875 0.7714499999999969
vt 0.75 0.7714499999999969
vt 0.75 1
vt 0.75 0.84375
vt 0.875 0.84375
vt 0.875 1
vt 0.625 1
vt 0.625 0
vt 0.375 0
vt 0.375 1
vt 0.625 1
vt 0.625 0
vt 0.375 0
vt 0.375 1
vt 0.625 1
vt 0.625 0
vt 0.375 0
vt 0.375 1
vt 0.625 1
vt 0.625 0
vt 0.375 0
vt 0.375 1
vt 0.625 0.625
vt 0.625 0.375
vt 0.375 0.375
vt 0.375 0.625
vt 0.625 0.625
vt 0.625 0.375
vt 0.375 0.375
vt 0.375 0.625
vt 0.8125 0.78125
vt 0.8125 1
vt 1 1
vt 1 0.78125
vt 0.8125 1
vt 1 1
vt 1 0.78125
vt 0.8125 0.78125
vt 0.5625 0.71875
vt 0.5625 0.25
vt 0.25 0.25
vt 0.25 0.71875
vt 0.25 0.71875
vt 0.5625 0.71875
vt 0.5625 0.25
vt 0.25 0.25
vt 0.8125 1
vt 1 1
vt 1 0.78125
vt 0.8125 0.78125
vt 0.8125 0.78125
vt 0.8125 1
vt 1 1
vt 1 0.78125
vt 0.8124999999999999 0.9998754160830509
vt 0.8593749999999999 0.8741183339169463
vt 0.9531249999999999 0.8741183339169463
vt 0.9999999999999998 0.9998754160830509
vt 0.8593749999999999 0.8739937499999981
vt 0.9531249999999999 0.8741183339169464
vt 1 1
vt 0.8124999999999999 1
vt 1 1
vt 1 0.78125
vt 0.8125 0.78125
vt 0.8125 1
vt 0.8125 1
vt 0.09375 1
vt 0.09375 0.65625
vt 0.8125 0.65625
vt 0.8593749999999999 0.8739937499999981
vt 0.9531249999999999 0.8741183339169464
vt 1 1
vt 0.8124999999999999 1
vt 0.8124999999999999 0.9998754160830509
vt 0.8593749999999999 0.8741183339169463
vt 0.9531249999999999 0.8741183339169463
vt 0.9999999999999998 0.9998754160830509
vt 0.8124999999999999 0.9998754160830509
vt 0.8593749999999999 0.8741183339169463
vt 0.9531249999999999 0.8741183339169463
vt 0.9999999999999998 0.9998754160830509
vt 0.8593749999999999 0.8739937499999981
vt 0.9531249999999999 0.8741183339169464
vt 1 1
vt 0.8124999999999999 1
vt 1 1
vt 1 0.78125
vt 0.8125 0.78125
vt 0.8125 1
vt 0.8125 1
vt 0.09375 1
vt 0.09375 0.65625
vt 0.8125 0.65625
vt 0.8593749999999999 0.8739937499999981
vt 0.9531249999999999 0.8741183339169464
vt 1 1
vt 0.8124999999999999 1
vt 0.8124999999999999 0.9998754160830509
vt 0.8593749999999999 0.8741183339169463
vt 0.9531249999999999 0.8741183339169463
vt 0.9999999999999998 0.9998754160830509
vt 0.84375 0.375
vt 0.84375 0.46875
vt 0.9375 0.46875
vt 0.3125 0.75
vt 0.5625 0.75
vt 0.5625 0.5
vt 0.84375 0.375
vt 0.84375 0.46875
vt 0.96875 0.46875
vt 0.96875 0.375
vt 0.75 0.9374999999999969
vt 0.875 0.9374999999999969
vt 0.875 0.7714499999999969
vt 0.75 0.7714499999999969
vt 0.75 1
vt 0.75 0.84375
vt 0.875 0.84375
vt 0.875 1
vn -1.2246467991473532e-16 -1 0
vn -0.7071067811865475 8.659560562354932e-17 0.7071067811865476
vn 1.2246467991473532e-16 1 0
vn -1.2246467991473532e-16 -1 0
vn -1 1.2246467991473532e-16 0
vn 1.2246467991473532e-16 1 0
vn -1.2246467991473532e-16 -1 0
vn -0.7071067811865477 8.659560562354935e-17 -0.7071067811865474
vn 1.2246467991473532e-16 1 0
vn -1.2246467991473532e-16 -1 0
vn 0 0 -1
vn 1.2246467991473532e-16 1 0
vn -1.2246467991473532e-16 -1 0
vn 0.7071067811865472 -8.659560562354929e-17 -0.7071067811865478
vn 1.2246467991473532e-16 1 0
vn -1.2246467991473532e-16 -1 0
vn 1 -1.2246467991473532e-16 0
vn 1.2246467991473532e-16 1 0
vn -1.2246467991473532e-16 -1 0
vn 0.7071067811865479 -8.659560562354938e-17 0.7071067811865471
vn 1.2246467991473532e-16 1 0
vn -1.2246467991473532e-16 -1 0
vn 0 0 1
vn 1.2246467991473532e-16 1 0
vn -0.7071047380409733 8.659535541038057e-17 0.7071088243262184
vn 0.7071067811865474 -8.65956056235493e-17 -0.7071067811865478
vn -9.708139912689129e-8 -0.9999999999999765 -1.941627980088532e-7
vn -8.413721469395771e-8 0.9999999999999823 -1.6827442303494798e-7
vn -1 1.2246467991473532e-16 0
vn 1 -1.2246467991473532e-16 0
vn -1.2246467991473532e-16 -1 0
vn -1.7743972154244982e-16 1 5.998088029143703e-16
vn -0.7071047380325198 -0.000004714944901846478 -0.7071088243189522
vn 0.7071067811865476 -8.659560562354934e-17 0.7071067811865476
vn -0.0000014554531461369796 -0.9999999999982632 -0.0000011642089487479691
vn 0.000001092999104350929 0.9999999999984976 0.0000013454107411997418
vn -2.999052428823898e-16 -0.000006667919760310938 -0.9999999999777696
vn 0 0 1
vn -1.2246467991451614e-16 -0.9999999999982103 -0.0000018919512924683713
vn 1.2246614061419049e-16 0.9999999999982103 0.0000018919102933134272
vn 0.7071047380409735 -8.65953554103806e-17 -0.7071088243262179
vn -0.7071067811865472 8.659560562354929e-17 0.7071067811865478
vn 9.70813998970229e-8 -0.9999999999999765 1.941627967400271e-7
vn 8.413721244634823e-8 0.9999999999999823 1.6827442464776738e-7
vn 1 -1.2246467991473532e-16 0
vn -1 1.2246467991473532e-16 0
vn -3.0573959191634813e-16 -1 3.6654982400322627e-16
vn 1.2246467991473532e-16 1 0
vn 0.7071047380325197 -0.000004714944903814067 0.7071088243189524
vn -0.7071067811865479 8.659560562354938e-17 -0.7071067811865471
vn 0.0000014554531451730461 -0.9999999999982632 0.0000011642089482827287
vn -0.0000010929991041059976 0.9999999999984976 -0.000001345410741199737
vn -8.165846593611587e-22 -0.000006667919762087296 0.9999999999777696
vn 0 0 -1
vn -1.2246467991451614e-16 -0.9999999999982103 0.000001891951291643626
vn 1.2246467991451614e-16 0.9999999999982103 -0.0000018919102933134249
vn 0 0 -1
vn -0.7071067811865474 -0.7071067811865478 0
vn 0 0 1
vn 0.7071067811865472 0.7071067811865478 0
vn -0.7071067811865477 0.7071067811865474 0
vn 0.707106781186548 -0.707106781186547 0
vn 0.7071067811865476 0.7071067811865476 0
vn -0.7071067811865476 -0.7071067811865475 0
vn 0.7071067811865475 -0.7071067811865477 0
vn -0.7071067811865476 0.7071067811865476 0
vn 0 0 1
vn 0 0 -1
vn 0.1606756020817109 0.9870072699305106 0
vn -0.9870072699305107 -0.16067560208171125 0
vn -0.7071067811865476 0.7071067811865476 0
vn 0.7071067811865476 -0.7071067811865476 0
vn -0.4131658339244007 0.4131658339244007 -0.8115343414514935
vn -0.4131658339243997 0.4131658339243997 0.8115343414514944
vn 0.9870072699305106 0.16067560208171072 0
vn -0.16067560208171094 -0.9870072699305106 0
vn 0.7071067811865475 -0.7071067811865477 0
vn -0.7071067811865475 0.7071067811865477 0
vn 0.41316583392439976 -0.4131658339243999 0.8115343414514943
vn 0.4131658339244008 -0.41316583392440087 -0.8115343414514935
vn 0.707106781186548 -2.1220300231825118e-16 -0.7071067811865471
vn -0.7071067811865476 -1.6461918776585465e-16 -0.7071067811865476
vn -0.707106781186548 -3.9011791071152706e-17 0.7071067811865471
vn 0.7071067811865476 3.901179107115266e-17 0.7071067811865476
vn 1.2246467991473532e-16 1 0
vn -1.2246467991473532e-16 -1 0
vn 0.7071067811865476 -2.1220300231825136e-16 0.7071067811865476
vn 0.7071067811865476 -3.3781039901295336e-16 -0.7071067811865476
vn -0.707106781186548 3.3781039901295366e-16 -0.7071067811865471
vn -0.7071067811865471 5.890251924023574e-16 0.707106781186548
vn 4.3648317165148993e-16 1 3.1401849173675503e-16
vn -1.2246467991473532e-16 -1 0
vn -0.7071067811865471 8.659560562354897e-17 0.707106781186548
vn 0.7071067811865471 -4.0061409736030453e-16 0.707106781186548
vn 0.7071067811865485 -3.378103990129544e-16 -0.7071067811865467
vn -0.7071067811865467 5.890251924023573e-16 -0.7071067811865485
vn -1.9155381182201961e-16 1 3.1401849173675493e-16
vn -1.2246467991473532e-16 -1 0
vn -0.7071067662853863 -3.9011784955084716e-17 -0.7071067960877087
vn -0.7071067960877077 -3.9011791893264647e-17 0.707106766285387
vn 0.7071067662853862 -8.659561438659521e-17 0.7071067960877085
vn 0.7071067960877095 1.6461918064703237e-16 -0.7071067662853854
vn 1.2246467991473532e-16 1 0
vn -1.2246467991473532e-16 -1 0
vn -1.2246467991473532e-16 -1 0
vn -5.055723035587741e-16 1 -6.280369834735103e-16
vn -0.7071067811865476 -1.4178147927590883e-16 -0.7071067811865475
vn 0.7071067811865472 1.8745689625580045e-16 0.7071067811865478
vn -0.7071067811865475 1.3227102260344096e-16 0.7071067811865477
vn 0.7071067811865477 -4.0920188643657647e-17 -0.7071067811865474
vn -1.2246467991473532e-16 -1 0
vn 4.813429561853127e-16 1 3.588782762705776e-16
vn 0.7071067811865472 -3.330761914700911e-17 0.7071067811865478
vn -0.7071067811865474 4.596115109593313e-16 -0.7071067811865478
vn 0.7071067811865477 2.331323132356923e-16 -0.7071067811865475
vn -0.7071067811865476 -1.7984432675915207e-16 0.7071067811865476
vn -0.7071067811865475 -1.7984432675915202e-16 -0.7071067811865476
vn 1.5700924586837754e-16 -2.2608177956003195e-16 -1
vn 1.2246467991473532e-16 1 0
vn 0.7071067811865476 -8.659560562354929e-17 -0.7071067811865475
vn 1.2246467991473532e-16 1 0
vn 1 3.2969887920532826e-16 0
vn -5.057248263904102e-16 1 -2.0919313832620117e-16
vn 0.7071067811865474 5.528602320949336e-16 0.7071067811865477
vn 1.2246467991473532e-16 1 0
vn 5.53740655367461e-32 4.521635591200637e-16 1
vn 1.2246467991473532e-16 1 0
vn -0.7071067811865478 8.659560562354932e-17 0.7071067811865475
vn 1.2246467991473532e-16 1 0
vn -1 -1.0361709964529653e-16 0
vn -5.057248263904091e-16 1 -2.0919313832620233e-16
vn 1.2246467991473532e-16 1 0
vn -4.865718853150199e-16 1 -1.1193694243388005e-31
vn -6.127074123211885e-16 1 -3.045188057872649e-16
vn 1.2246467991473532e-16 1 0
vn 1.2246467991473532e-16 1 0
vn -5.531188575275296e-16 -1 -4.3065417761279443e-16
vn -7.315019834091092e-16 -1 2.238735010839324e-31
vn -8.576376633147953e-16 -1 -3.045179146231289e-16
vn 1.2246467991473532e-16 1 0
vn -1.2246467991473532e-16 -1 0
vn -1.2246467991473532e-16 -1 0
vn -1.2246467991473532e-16 -1 0
vn -4.269825945378641e-16 -1 -7.3517298340005995e-16
vn -1.8205323470839343e-16 1 -7.3517298340005995e-16
vn -1.2246467991473532e-16 -1 0
vn -1.2246378875028621e-16 -1 -6.090369343613008e-16
vn -3.316614070134444e-16 -1 -6.28185917532637e-16
vn -1.2246467991473532e-16 -1 0
vn 1.2246467991473576e-16 1 -6.090373034943739e-16
vn -1.2246467991473532e-16 -1 0
vn -1.2246467991473532e-16 -1 0
vn -3.316578182409358e-16 -1 -6.281895063051458e-16
vn -1.2246467991473532e-16 -1 0
vn -3.08189497698059e-16 1 -4.3065417761279433e-16
vn -1.2246467991473532e-16 -1 0
vn -5.411560022304083e-16 -1 -4.186913223156732e-16
vn -2.962266424009382e-16 1 -4.186913223156737e-16
vn -0.7071067811865476 8.659560562354934e-17 0.7071067811865475
vn 0.7071067811865476 1.2655634028261159e-16 -0.7071067811865476
vn 0.7071067811865475 5.528602320949336e-16 0.7071067811865478
vn -0.7071067811865474 8.659560562354932e-17 -0.7071067811865478
vn -2.6346126138087778e-15 -1 -2.5121479338940426e-15
vn 1.2246467991473532e-16 1 0
vn -0.7071067811865476 -1.4178147927590898e-16 -0.7071067811865476
vn 0.7071067811865471 -8.659560562354928e-17 0.7071067811865479
vn -0.7071067811865477 -4.7552283362340475e-18 0.7071067811865474
vn 0.7071067811865475 -1.3227102260344098e-16 -0.7071067811865476
vn -4.3648317165149063e-16 -1 -3.1401849173675543e-16
vn -3.454456595364227e-17 1 -1.5700924586837764e-16
vn -0.7071067811865474 -9.610606229601729e-17 -0.7071067811865478
vn 0.7071067811865476 -8.659560562354934e-17 0.7071067811865476
vn -0.7071067811865476 8.659560562354934e-17 0.7071067811865476
vn 0.7071067811865477 -8.659560562354933e-17 -0.7071067811865475
vn -1.2246467991473532e-16 -1 0
vn 1.2246467991473532e-16 1 0
vn -0.7071067811865476 8.659560562354934e-17 -0.7071067811865476
vn 0.707106781186547 -8.659560562354927e-17 0.707106781186548
vn -0.707106781186547 8.659560562354927e-17 0.707106781186548
vn 0.7071067811865476 -8.659560562354934e-17 -0.7071067811865476
vn -1.2246467991473532e-16 -1 0
vn 4.3648317165148974e-16 1 3.1401849173675533e-16
vn -0.7071067811865465 8.65956056235489e-17 -0.7071067811865486
vn 0.7071067811865467 -2.9974755152971e-16 0.7071067811865486
vn -0.7071067811865481 2.9974755152971034e-16 0.707106781186547
vn 0.7071067811865476 -2.997475515297103e-16 -0.7071067811865475
vn -2.634612613808777e-15 -1 -2.5121479338940434e-15
vn 1.2246467991473532e-16 1 0
vn -0.7071067811865474 -9.610606229601733e-17 -0.7071067811865477
vn 0.7071067811865474 -8.65956056235493e-17 0.7071067811865477
vn -0.7071067811865478 8.65956056235493e-17 0.7071067811865472
vn 0.7071067811865478 -8.65956056235493e-17 -0.7071067811865472
vn -5.411560022304078e-16 -1 -4.186913223156734e-16
vn -2.962266424009378e-16 1 -4.186913223156735e-16
vn 0.7071067811865485 -8.659560562354944e-17 -0.7071067811865467
vn -0.7071067811865483 1.9317157857663007e-16 0.7071067811865468
vn -0.7071067811865476 5.128994974358714e-16 -0.7071067811865476
vn 0.7071067811865471 -8.659560562354928e-17 0.7071067811865479
vn 0.707106781186548 -1.763151746911935e-16 -0.7071067811865471
vn -0.7071067811865476 -9.284353251173925e-17 -0.7071067811865476
vn -0.707106781186548 -3.1239634440949543e-18 0.7071067811865471
vn 0.7071067811865476 3.1239634440949543e-18 0.7071067811865476
vn 1.2246467991473532e-16 1 0
vn -1.2246467991473532e-16 -1 0
vn -0.7071067662853862 -3.12395959686526e-18 -0.7071067960877085
vn -0.7071067960877077 -3.1239635099275662e-18 0.707106766285387
vn 0.7071067662853862 -8.659561136147755e-17 0.7071067960877085
vn 0.7071067960877095 9.28435269054759e-17 -0.7071067662853854
vn 1.2246467991473532e-16 1 0
vn -1.2246467991473532e-16 -1 0
vn -0.7071067811865471 8.659560562354906e-17 0.707106781186548
vn 0.707106781186548 -3.5575431282648214e-16 0.7071067811865471
vn 0.7071067811865476 -8.659560562354934e-17 -0.7071067811865476
vn -0.7071067811865467 4.454738818941264e-16 -0.7071067811865485
vn 4.3648317165148855e-16 1 3.1401849173675484e-16
vn -1.2246467991473532e-16 -1 0
vn 0.7071067811865476 -1.7631517469119365e-16 0.7071067811865476
vn 0.7071067811865476 -2.6603474375883794e-16 -0.7071067811865476
vn -0.707106781186548 2.660347437588381e-16 -0.7071067811865471
vn -0.7071067811865471 4.454738818941264e-16 0.707106781186548
vn 1.2246467991473532e-16 1 0
vn -1.2246467991473532e-16 -1 0
vn 0 0 -1
vn 0 0 1
vn 1 1.2309500548664078e-15 0
vn -0.658504607868518 0.7525766947068779 0
vn -1.2246467991473532e-16 -1 0
vn -0.7070928678315662 -0.006273158969966847 0.7070928678315662
vn 0.7070928678315663 -0.006273158969966604 -0.7070928678315661
vn -1.2246467991473532e-16 -1 0
vn 1.2246467991473532e-16 1 0
vn -0.9999606482508177 -0.008871411939743572 0
vn 0.9999606482508177 -0.008871411939743227 0
vn -1.2246467991473532e-16 -1 0
vn 1.2246467991473532e-16 1 0
vn -0.7070928678315664 -0.006273158969966848 -0.7070928678315661
vn 0.7070928678315663 -0.006273158969967021 0.7070928678315661
vn -1.2246467991473532e-16 -1 0
vn 1.2246467991473532e-16 1 0
vn -1.086434623592473e-18 -0.008871411939743695 -0.9999606482508177
vn 3.798560243112589e-16 -0.008871411939743695 0.9999606482508177
vn -1.2246467991473532e-16 -1 0
vn 1.2246467991473532e-16 1 0
vn 0.707092867831566 -0.006273158969967021 -0.7070928678315664
vn -0.707092867831566 -0.0062731589699668465 0.7070928678315666
vn -1.2246467991473532e-16 -1 0
vn 1.2246467991473532e-16 1 0
vn 0.9999606482508177 -0.008871411939743227 -3.4306688105040635e-16
vn -0.9999606482508177 -0.008871411939743574 0
vn -1.2246467991473532e-16 -1 0
vn 1.2246467991473532e-16 1 0
vn 0.7070928678315666 -0.0062731589699666 0.7070928678315659
vn -0.7070928678315663 -0.006273158969966848 -0.7070928678315661
vn -1.2246467991473532e-16 -1 0
vn 1.2246467991473532e-16 1 0
vn -1.0864346235924003e-18 -0.008871411939743104 0.9999606482508177
vn -3.820288935584437e-16 -0.008871411939743695 -0.9999606482508177
vn -1.2246467991473532e-16 -1 0
vn 1.2246467991473532e-16 1 0
vn 0.7071067811865475 -8.659560562354932e-17 0.7071067811865476
vn -0.7071067811865475 8.659560562354932e-17 -0.7071067811865476
vn 1.2246467991473532e-16 1 0
vn -1.2246467991473532e-16 -1 0
vn 1 -1.2246467991473532e-16 0
vn -1 1.2246467991473532e-16 0
vn 1.2246467991473532e-16 1 0
vn -1.2246467991473532e-16 -1 0
vn 0.7071067811865476 -8.659560562354934e-17 -0.7071067811865476
vn -0.707106781186548 8.659560562354939e-17 0.7071067811865471
vn 1.2246467991473532e-16 1 0
vn -1.2246467991473532e-16 -1 0
vn 0 0 -1
vn 0 0 1
vn 1.2246467991473532e-16 1 0
vn -1.2246467991473532e-16 -1 0
vn -0.7071067811865469 8.659560562354925e-17 -0.7071067811865481
vn 0.7071067811865472 -8.659560562354929e-17 0.7071067811865478
vn 1.2246467991473532e-16 1 0
vn -1.2246467991473532e-16 -1 0
vn -1 1.2246467991473532e-16 0
vn 1 -1.2246467991473532e-16 1.4517346872300734e-16
vn 1.2246467991473532e-16 1 0
vn -1.2246467991473532e-16 -1 0
vn -0.7071067811865478 8.659560562354937e-17 0.7071067811865472
vn 0.7071067811865479 -8.659560562354938e-17 -0.7071067811865472
vn 1.2246467991473532e-16 1 0
vn -1.2246467991473532e-16 -1 0
vn 0 0 1
vn 0 0 -1
vn 1.2246467991473532e-16 1 0
vn -1.2246467991473532e-16 -1 0
vn -1.2246467991473532e-16 -1 0
vn 1.2246467991473532e-16 1 0
vn -1.2246467991473532e-16 -1 0
vn -1.9334820320337311e-16 1 3.158128831181075e-16
vn -1.2246467991473532e-16 -1 0
vn 1.2246467991473532e-16 1 0
vn 1.9334820320337247e-16 -1 3.1581288311810814e-16
vn 1.2246467991473532e-16 1 0
vn -1.2246467991473532e-16 -1 0
vn 1.2246467991473532e-16 1 0
vn -1.2246467991473532e-16 -1 0
vn -1.9334820320337237e-16 1 3.1581288311810755e-16
vn -1.2246467991473532e-16 -1 0
vn 1.2246467991473532e-16 1 0
vn 1.9334820320337272e-16 -1 3.1581288311810725e-16
vn 1.2246467991473532e-16 1 0
vn -1 1.2246467991473532e-16 0
vn 1 3.219949129293643e-16 0
vn 0 0 1
vn 0 0 -1
vn -0.7071067811865481 8.65956056235494e-17 0.7071067811865469
vn 0.7071067811865478 2.2768478643992557e-16 -0.7071067811865472
vn 0.7071067811865471 2.2768478643992537e-16 0.7071067811865479
vn -0.7071067811865478 8.659560562354938e-17 -0.7071067811865474
vn 0 0 1
vn 0 0 -1
vn 1 2.568851769996458e-17 2.2331343123888865e-16
vn -1 -2.568851769996458e-17 0
vn 0.7071067811865472 1.2292465575210046e-16 0.707106781186548
vn -0.707106781186548 8.659560562354939e-17 -0.707106781186547
vn 0.7071067811865483 -8.659560562354943e-17 -0.7071067811865468
vn -0.7071067811865471 -1.229246557521005e-16 0.707106781186548
vn 1 -1.2246467991473532e-16 0
vn -1 1.2246467991473532e-16 0
vn 0 0 -1
vn 0 0 1
vn 0.7071067811865479 -8.659560562354938e-17 -0.7071067811865471
vn -0.7071067811865476 -3.3244491712775043e-16 0.7071067811865476
vn -0.707106781186548 -1.229246557521006e-16 -0.7071067811865471
vn 0.7071067811865478 -8.659560562354937e-17 0.7071067811865472
vn 0 0 -1
vn 0 0 1
vn -1 -2.568851769996458e-17 2.2331343123888855e-16
vn 1 2.568851769996458e-17 -2.2331343123888855e-16
vn -0.7071067811865485 -2.2768478643992577e-16 -0.7071067811865467
vn 0.7071067811865472 1.2292465575210046e-16 0.7071067811865478
vn -0.7071067811865476 8.659560562354934e-17 0.7071067811865476
vn 0.7071067811865479 2.2768478643992557e-16 -0.7071067811865471
vn 0 0 -1
vn 0 0 1
vn -1 -1.0617732130187649e-15 0
vn 0.6585046078685177 -0.7525766947068782 0
vn 2.7049441653142265e-16 1 0
vn 0.38268343236509017 -1.5413189416547175e-16 -0.9238795325112866
vn -0.7085845269951933 -3.2965872571858173e-16 0.70562594063923
vn 0.9238795325112865 1.3962142592944875e-15 0.3826834323650905
vn -0.6083789292740949 0.7525766947068779 -0.25199880356735216
vn -1.2246467991473532e-16 -1 0
vn 0.3826834323650893 -6.437211020917458e-16 -0.923879532511287
vn -0.6532814824381875 -0.7071067811865477 -0.2705980500731002
vn -0.3826834323650902 -3.5103872797239236e-16 0.9238795325112866
vn 0.6532814824381874 0.7071067811865478 0.27059805007310006
vn -0.6532814824381887 0.7071067811865469 -0.27059805007309934
vn 0.6532814824381875 -0.7071067811865476 0.2705980500731001
vn 0.6532814824381883 0.7071067811865475 0.2705980500730986
vn -0.6532814824381883 -0.7071067811865476 -0.27059805007309873
vn 0.6532814824381882 -0.7071067811865477 0.2705980500730986
vn -0.6532814824381882 0.7071067811865477 -0.2705980500730988
vn -0.3826834323650899 -1.030149042711331e-16 0.9238795325112868
vn 0.38268343236509 7.30388826062539e-17 -0.9238795325112867
vn 0.14844490013722045 0.9870072699305108 0.06148789090195629
vn -0.9118758151286416 -0.16067560208171158 -0.37771132982630423
vn -0.6532814824381886 0.7071067811865474 -0.27059805007309823
vn 0.6532814824381882 -0.7071067811865476 0.27059805007309873
vn -0.07115471022690892 0.4131658339243988 -0.9078716874592362
vn -0.6922762047645111 0.41316583392440037 0.591648248534887
vn 0.9118758151286415 0.16067560208171142 0.37771132982630473
vn -0.14844490013722061 -0.9870072699305106 -0.06148789090195642
vn 0.6532814824381878 -0.7071067811865481 0.2705980500730985
vn -0.6532814824381881 0.7071067811865477 -0.27059805007309856
vn 0.07115471022690863 -0.4131658339243997 0.9078716874592359
vn 0.6922762047645106 -0.41316583392439965 -0.5916482485348882
vn 0.38268343236509017 3.41581843036389e-16 -0.9238795325112866
vn -0.033921902427266476 -2.884685115859e-17 0.9994244866600552
vn -0.9238795325112867 -8.246515181188472e-16 -0.38268343236508984
vn 0.6083789292740943 -0.7525766947068784 0.2519988035673521
vn 2.5922632377792927e-16 1 5.664852770057415e-17
vn 0.9238795325112863 -6.310720073483069e-16 -0.3826834323650908
vn -0.7306862390382772 -1.6120219078696548e-17 0.6827134245641415
vn -0.3826834323650901 -1.7214563645297628e-15 -0.9238795325112868
vn 0.2519988035673523 -0.7525766947068783 0.6083789292740941
vn 1.7911320761530955e-16 1 1.3676164386319392e-16
vn 0.9238795325112871 1.0805691848481976e-15 -0.382683432365089
vn -0.2705980500730989 -0.7071067811865478 -0.6532814824381878
vn -0.9238795325112873 -1.0805691848481976e-15 0.38268343236508884
vn 0.27059805007309884 0.7071067811865477 0.6532814824381881
vn -0.2705980500730988 0.7071067811865469 -0.653281482438189
vn 0.27059805007309823 -0.7071067811865467 0.6532814824381894
vn 0.2705980500730989 0.7071067811865474 0.6532814824381884
vn -0.27059805007309873 -0.7071067811865476 -0.6532814824381882
vn 0.2705980500730984 -0.7071067811865475 0.6532814824381884
vn -0.2705980500730987 0.7071067811865476 -0.6532814824381881
vn -0.9238795325112872 3.729347989910567e-16 0.3826834323650892
vn 0.9238795325112868 4.564018004039352e-16 -0.38268343236509006
vn 0.06148789090195688 0.9870072699305106 0.14844490013722061
vn -0.37771132982630395 -0.16067560208171103 -0.9118758151286417
vn -0.27059805007309834 0.7071067811865475 -0.6532814824381884
vn 0.27059805007309884 -0.7071067811865472 0.6532814824381886
vn 0.5916482485348868 0.41316583392440126 -0.6922762047645108
vn -0.9078716874592357 0.41316583392439965 -0.07115471022690875
vn 0.3777113298263046 0.1606756020817113 0.9118758151286415
vn -0.06148789090195655 -0.9870072699305106 -0.1484449001372207
vn 0.2705980500730981 -0.7071067811865478 0.6532814824381882
vn -0.27059805007309845 0.7071067811865474 -0.6532814824381885
vn -0.5916482485348853 -0.4131658339243997 0.692276204764513
vn 0.9078716874592356 -0.4131658339243997 0.0711547102269085
vn 0.9238795325112865 -5.663308328333643e-16 -0.3826834323650904
vn -0.9999978116892992 1.2002436132039403e-16 -0.0020920364750262118
vn 0.38268343236509 1.0472279468522904e-15 0.9238795325112867
vn -0.2519988035673522 0.7525766947068777 -0.6083789292740948
vn -1.2246467991473532e-16 -1 0
vn 0.707106781186547 3.9190876273721907e-16 -0.7071067811865481
vn -0.7071067811865474 8.65956056235493e-17 0.7071067811865477
vn -0.7071067811865477 -8.704131310979897e-16 -0.7071067811865474
vn 0.46563307366641704 -0.7525766947068784 0.46563307366641743
vn 2.271375104936534e-16 1 1.0467283057891815e-16
vn 0.7071067811865478 -5.650999739843187e-16 -0.7071067811865472
vn -0.7071067811865472 -3.64542639303498e-16 0.7071067811865478
vn 0.7071067811865478 1.3489174994587593e-15 0.7071067811865474
vn -0.4656330736664173 0.7525766947068778 -0.4656330736664178
vn -1.2246467991473532e-16 -1 0
vn 0.7071067811865475 2.1183234339569225e-16 -0.7071067811865477
vn -0.5000000000000001 -0.7071067811865476 -0.4999999999999998
vn -0.7071067811865476 8.659560562354934e-17 0.7071067811865476
vn 0.49999999999999983 0.7071067811865478 0.4999999999999997
vn -0.5000000000000003 0.7071067811865468 -0.5000000000000009
vn 0.5000000000000001 -0.7071067811865475 0.5000000000000002
vn 0.5000000000000001 0.7071067811865472 0.5000000000000004
vn -0.5 -0.7071067811865477 -0.49999999999999994
vn 0.49999999999999967 -0.7071067811865477 0.5000000000000001
vn -0.4999999999999998 0.7071067811865478 -0.4999999999999999
vn -0.7071067811865472 -2.3314862546849587e-16 0.7071067811865478
vn 0.7071067811865477 1.4322056047385793e-16 -0.7071067811865474
vn 0.11361480780320937 0.9870072699305106 0.11361480780320922
vn -0.6979195336482851 -0.16067560208171022 -0.6979195336482854
vn -0.4999999999999999 0.7071067811865476 -0.5
vn 0.49999999999999967 -0.7071067811865478 0.4999999999999999
vn 0.2816890730835727 0.4131658339243997 -0.8659937989286488
vn -0.8659937989286486 0.4131658339244003 0.28168907308357266
vn 0.6979195336482851 0.16067560208171106 0.6979195336482852
vn -0.11361480780320989 -0.9870072699305105 -0.11361480780320976
vn 0.5000000000000001 -0.7071067811865475 0.5000000000000002
vn -0.49999999999999967 0.7071067811865477 -0.5000000000000001
vn -0.2816890730835726 -0.41316583392439976 0.8659937989286489
vn 0.8659937989286489 -0.4131658339243997 -0.28168907308357277
vn 1 -1.0536710742899425e-8 -1.0536710620434728e-8
vn -1.4901160939382728e-8 -0.7071067811865481 -0.7071067811865469
vn -1 1.0536710742899415e-8 1.053671062043472e-8
vn 1.490116213309452e-8 0.7071067811865481 0.7071067811865468
vn -3.5303030886756304e-16 0.7071067811865464 -0.7071067811865488
vn -5.262214812040853e-16 -0.7071067811865469 0.7071067811865481
vn 1.4901161511369653e-8 0.7071067811865477 0.7071067811865472
vn -1.4901161339439276e-8 -0.7071067811865476 -0.7071067811865472
vn 7.041364913825811e-17 -0.7071067811865471 0.707106781186548
vn -7.993784807022461e-17 0.7071067811865472 -0.707106781186548
vn -0.9999999999999999 1.0536712250188192e-8 1.0536712127723505e-8
vn 0.9999999999999999 -1.053671169751565e-8 -1.0536715192543986e-8
vn 1.2092804247283685e-8 0.9870072699305107 0.1606756020817109
vn -1.2092804287348587e-8 -0.16067560208171142 -0.9870072699305105
vn -7.041365079261956e-17 0.7071067811865471 -0.707106781186548
vn 1.3544899930148255e-16 -0.7071067811865472 0.707106781186548
vn 0.8115343414514958 0.41316582537349417 -0.41316584247530225
vn -0.8115343414514944 0.4131658424753032 -0.4131658253734963
vn 1.2092804356917524e-8 0.1606756020817115 0.9870072699305105
vn -1.2092804388545018e-8 -0.9870072699305108 -0.16067560208171003
vn -8.659560066046563e-17 -0.7071067811865474 0.7071067811865478
vn -7.993784807022428e-17 0.7071067811865471 -0.707106781186548
vn -0.8115343414514943 -0.41316582537349583 0.41316584247530375
vn 0.8115343414514938 -0.41316584247530375 0.4131658253734967
vn 1 -1.2246467991473532e-16 0
vn -1 1.2246467991473532e-16 0
vn 1.6574550228685909e-31 1.3534147347811431e-15 1
vn 9.216406402856728e-17 0.7525766947068778 -0.6585046078685182
vn -1.2246467991473532e-16 -1 0
vn 1 -1.2246467991473532e-16 0
vn -1 1.2246467991473532e-16 0
vn 2.5376526277146434e-16 -1.1842378929335002e-15 -1
vn -2.5926965888054197e-16 -0.7525766947068782 0.658504607868518
vn 1.2246467991473527e-16 1 1.480297366166873e-16
vn 0.9238795325112863 -1.1045700856324906e-15 0.382683432365091
vn -0.7056259406392306 -8.505651768116424e-16 -0.7085845269951928
vn -0.3826834323650896 1.2972573765167535e-15 0.923879532511287
vn 0.2519988035673525 0.7525766947068783 -0.6083789292740941
vn -4.350627230306074e-16 -1 -1.294823490298842e-16
vn 0.9238795325112874 -1.9037103053442193e-15 0.3826834323650885
vn 0.2705980500730986 -0.7071067811865476 -0.6532814824381882
vn -0.9238795325112866 3.1209457724159764e-16 -0.38268343236509006
vn -0.27059805007309856 0.7071067811865477 0.6532814824381881
vn 0.27059805007309884 0.7071067811865476 -0.6532814824381881
vn -0.2705980500730999 -0.7071067811865475 0.6532814824381878
vn -0.2705980500730981 0.707106781186547 0.653281482438189
vn 0.2705980500730983 -0.7071067811865472 -0.6532814824381886
vn -0.27059805007309873 -0.7071067811865476 0.6532814824381882
vn 0.2705980500730987 0.7071067811865479 -0.6532814824381878
vn -0.9238795325112871 1.3222539012505913e-17 -0.3826834323650895
vn 0.9238795325112872 -5.927589578668381e-16 0.3826834323650888
vn -0.06148789090195619 0.9870072699305105 0.1484449001372213
vn 0.37771132982630445 -0.16067560208171058 -0.9118758151286416
vn 0.2705980500730988 0.7071067811865477 -0.6532814824381881
vn -0.2705980500730987 -0.7071067811865479 0.653281482438188
vn 0.9078716874592366 0.413165833924398 -0.07115471022690881
vn -0.5916482485348878 0.4131658339243994 -0.6922762047645111
vn -0.37771132982630384 0.16067560208171172 0.9118758151286417
vn 0.0614878909019568 -0.9870072699305105 -0.14844490013722156
vn -0.27059805007309834 -0.7071067811865481 0.6532814824381878
vn 0.27059805007309873 0.7071067811865476 -0.6532814824381882
vn -0.9078716874592365 -0.4131658339243985 0.07115471022690688
vn 0.5916482485348877 -0.41316583392440115 0.6922762047645102
vn 0.9238795325112866 2.753044358608819e-16 0.3826834323650901
vn -0.9994244866600552 9.599333099261707e-17 -0.03392190242726704
vn 0.38268343236509 -6.720612902850078e-16 -0.9238795325112867
vn -0.2519988035673527 -0.7525766947068782 0.6083789292740942
vn 1.5836214509161686e-16 1 3.3532168158155966e-16
vn 0.7071067886371266 -1.0536711373186199e-8 0.7071067737359683
vn 0.49999998946328794 -0.7071067811865483 -0.500000010536711
vn -0.7071067886371274 1.053671206951808e-8 -0.7071067737359675
vn -0.4999999894632875 0.7071067811865485 0.5000000105367112
vn 0.5000000000000009 0.7071067811865468 -0.5000000000000003
vn -0.500000000000001 -0.7071067811865477 0.499999999999999
vn -0.4999999894632879 0.7071067811865477 0.5000000105367116
vn 0.4999999894632876 -0.7071067811865482 -0.5000000105367112
vn -0.5000000000000011 -0.7071067811865472 0.49999999999999933
vn 0.5000000000000006 0.7071067811865476 -0.49999999999999933
vn -0.7071067886371274 1.0536712189422191e-8 -0.7071067737359676
vn 0.7071067886371271 -1.0536712768958605e-8 0.7071067737359679
vn -0.1136147992523043 0.9870072699305107 0.11361481635411261
vn 0.6979195250973824 -0.16067560208170972 -0.6979195421991881
vn 0.5000000000000009 0.7071067811865478 -0.4999999999999989
vn -0.5000000000000007 -0.7071067811865477 0.49999999999999933
vn 0.8659938049750503 0.4131658253734974 0.28168906703716995
vn -0.2816890791299726 0.4131658424753043 -0.8659937928822471
vn -0.697919525097382 0.160675602081712 0.6979195421991882
vn 0.1136147992523041 -0.9870072699305108 -0.1136148163541127
vn -0.5000000000000008 -0.7071067811865472 0.4999999999999995
vn 0.5000000000000012 0.7071067811865472 -0.49999999999999944
vn -0.865993804975051 -0.41316582537349594 -0.28168906703717056
vn 0.28168907912997343 -0.4131658424753039 0.8659937928822471
vn 0.7071067811865472 -1.0436043423450875e-15 0.7071067811865479
vn -0.707106781186548 -3.6454263930349816e-16 -0.7071067811865471
vn -0.7071067811865475 1.522108710705858e-15 0.7071067811865476
vn 0.4656330736664178 0.7525766947068777 -0.4656330736664177
vn -3.0190381805002374e-16 -1 -1.7943913813528854e-16
vn 0.707106781186547 -8.659560562354766e-17 0.7071067811865481
vn -0.7071067811865476 8.659560562354934e-17 -0.7071067811865476
vn 0.7071067811865475 -2.0006130790666275e-15 -0.7071067811865476
vn -0.4656330736664181 -0.7525766947068779 0.46563307366641715
vn 2.8385878245431654e-18 1 2.9906523022548043e-16
vn 0.3826834323650888 -5.64794600172797e-16 0.9238795325112872
vn 0.0020920364750273038 -1.356517661062593e-15 -0.9999978116892992
vn -0.9238795325112866 1.8814641798117956e-15 0.3826834323650902
vn 0.608378929274095 0.7525766947068775 -0.2519988035673524
vn -1.2246467991473532e-16 -1 0
vn 0.38268343236508984 -1.1411010171238168e-15 0.9238795325112868
vn 0.6532814824381885 -0.7071067811865475 -0.2705980500730982
vn -0.38268343236508945 1.240577000130231e-15 -0.9238795325112868
vn -0.6532814824381886 0.7071067811865471 0.27059805007309873
vn 0.6532814824381886 0.7071067811865474 -0.2705980500730984
vn -0.653281482438189 -0.7071067811865477 0.27059805007309673
vn -0.6532814824381886 0.7071067811865469 0.27059805007309934
vn 0.6532814824381886 -0.7071067811865469 -0.27059805007309934
vn -0.6532814824381883 -0.7071067811865479 0.2705980500730975
vn 0.6532814824381882 0.7071067811865479 -0.2705980500730976
vn -0.3826834323650895 1.1459859984321686e-15 -0.9238795325112868
vn 0.3826834323650899 -7.263216951238589e-16 0.9238795325112867
vn -0.14844490013722125 0.9870072699305105 0.06148789090195777
vn 0.9118758151286417 -0.1606756020817106 -0.37771132982630456
vn 0.6532814824381883 0.7071067811865479 -0.2705980500730978
vn -0.6532814824381883 -0.707106781186548 0.27059805007309756
vn 0.6922762047645102 0.413165833924401 0.5916482485348877
vn 0.07115471022690936 0.41316583392440054 -0.9078716874592353
vn -0.9118758151286415 0.16067560208171114 0.3777113298263046
vn 0.1484449001372216 -0.9870072699305104 -0.06148789090195782
vn -0.653281482438188 -0.7071067811865481 0.27059805007309773
vn 0.6532814824381883 0.7071067811865479 -0.2705980500730975
vn -0.6922762047645119 -0.41316583392439904 -0.591648248534887
vn -0.07115471022691022 -0.413165833924401 0.907871687459235
vn 0.3826834323650885 -5.647946001727968e-16 0.9238795325112873
vn -0.6827134245641404 6.11625658315846e-16 -0.7306862390382782
vn 0.9238795325112867 -7.383386974605151e-16 -0.38268343236508984
vn -0.6083789292740946 -0.7525766947068783 0.2519988035673516
vn -8.9260213956481e-17 1 2.6249157597917825e-16
vn 1.0536709414603712e-8 -1.0536711826265745e-8 1
vn 0.7071067811865471 -0.7071067811865479 -1.4901162046498917e-8
vn -1.0536709816547385e-8 1.0536711424322074e-8 -1
vn -0.7071067811865469 0.707106781186548 1.4901162046498917e-8
vn 0.7071067811865478 0.7071067811865474 1.538690605874363e-15
vn -0.7071067811865479 -0.7071067811865471 -1.5386906026318144e-15
vn -0.7071067811865474 0.7071067811865476 1.490116146474207e-8
vn 0.7071067811865472 -0.7071067811865478 -1.4901161723871376e-8
vn -0.7071067811865477 -0.7071067811865474 -1.4915878342103856e-15
vn 0.7071067811865477 0.7071067811865474 1.4988010832439623e-15
vn -1.053671122335025e-8 1.0536713032096767e-8 -0.9999999999999999
vn 1.0536712127723504e-8 -1.0536712127723507e-8 0.9999999999999999
vn -0.1606756020817104 0.9870072699305107 1.2092805294085535e-8
vn 0.9870072699305107 -0.16067560208171083 -1.209280316677654e-8
vn 0.707106781186548 0.7071067811865471 1.413083205175121e-15
vn -0.7071067811865478 -0.7071067811865474 -1.55431223447522e-15
vn 0.4131658424753014 0.4131658253734935 0.8115343414514966
vn 0.41316582537349744 0.4131658424753046 -0.8115343414514931
vn -0.9870072699305105 0.1606756020817115 1.2092803445266147e-8
vn 0.16067560208171133 -0.9870072699305106 -1.2092805037278585e-8
vn -0.7071067811865479 -0.7071067811865472 -1.7271016998094839e-15
vn 0.7071067811865477 0.7071067811865474 1.498801083243961e-15
vn -0.4131658424753049 -0.41316582537349505 -0.8115343414514941
vn -0.41316582537349467 -0.41316584247530413 0.8115343414514946
vn 0 0 1
vn 0 0 -1
vn -1 1.6450562565435214e-15 3.4344964581050853e-31
vn 0.6585046078685185 0.7525766947068777 0
vn -1.2246467991473532e-16 -1 0
vn 0 0 1
vn 0 0 -1
vn 1 -1.4758794146958785e-15 5.075305255429286e-16
vn -0.6585046078685179 -0.752576694706878 -4.2970010104793455e-16
vn -1.7359479331863935e-16 1 1.2688263138573205e-16
vn -0.3826834323650897 5.647946001727983e-16 0.9238795325112867
vn 0.7085845269951929 -8.677657729100044e-17 -0.7056259406392305
vn -0.9238795325112871 1.8814641798117956e-15 -0.3826834323650895
vn 0.6083789292740951 0.7525766947068777 0.25199880356735205
vn -1.2246467991473532e-16 -1 0
vn -0.38268343236509095 -1.5208676195956482e-16 0.9238795325112863
vn 0.6532814824381885 -0.7071067811865472 0.27059805007309873
vn 0.38268343236509084 3.510387279723926e-16 -0.9238795325112865
vn -0.6532814824381887 0.7071067811865474 -0.2705980500730983
vn 0.6532814824381876 0.7071067811865477 0.27059805007309984
vn -0.6532814824381877 -0.7071067811865474 -0.2705980500731002
vn -0.653281482438189 0.7071067811865469 -0.27059805007309845
vn 0.6532814824381891 -0.7071067811865468 0.27059805007309845
vn -0.6532814824381875 -0.707106781186548 -0.27059805007309934
vn 0.6532814824381876 0.7071067811865479 0.2705980500730992
vn 0.38268343236509017 1.0422635831040157e-15 -0.9238795325112866
vn -0.38268343236509006 -1.0222795686607627e-15 0.9238795325112868
vn -0.1484449001372219 0.9870072699305106 -0.06148789090195625
vn 0.9118758151286415 -0.16067560208171036 0.3777113298263049
vn 0.6532814824381875 0.707106781186548 0.27059805007309934
vn -0.6532814824381874 -0.7071067811865481 -0.27059805007309917
vn 0.07115471022690859 0.41316583392439804 0.9078716874592366
vn 0.6922762047645107 0.41316583392440165 -0.5916482485348867
vn -0.9118758151286416 0.16067560208171056 -0.3777113298263045
vn 0.1484449001372217 -0.9870072699305105 0.06148789090195614
vn -0.6532814824381874 -0.7071067811865482 -0.27059805007309895
vn 0.6532814824381874 0.7071067811865481 0.2705980500730993
vn -0.07115471022690893 -0.4131658339243993 -0.9078716874592359
vn -0.6922762047645099 -0.4131658339244008 0.5916482485348881
vn -0.38268343236508967 4.353122511429145e-16 0.9238795325112868
vn 0.033921902427267024 1.3158892083349086e-15 -0.9994244866600552
vn 0.9238795325112865 -1.5688661366959232e-15 0.38268343236509034
vn -0.6083789292740944 -0.752576694706878 -0.25199880356735216
vn -2.1285700166682448e-16 1 3.5897465176881704e-17
vn -0.707106773735968 -1.0536712891086705e-8 0.7071067886371271
vn 0.5000000105367118 -0.7071067811865476 0.49999998946328783
vn 0.707106773735968 1.0536712891086708e-8 -0.707106788637127
vn -0.5000000105367121 0.7071067811865475 -0.49999998946328783
vn 0.49999999999999967 0.7071067811865472 0.5000000000000007
vn -0.4999999999999983 -0.7071067811865482 -0.5000000000000007
vn -0.5000000105367126 0.7071067811865471 -0.4999999894632878
vn 0.5000000105367124 -0.7071067811865471 0.499999989463288
vn -0.49999999999999883 -0.7071067811865481 -0.5000000000000006
vn 0.49999999999999856 0.707106781186548 0.500000000000001
vn 0.7071067737359674 1.0536713255239874e-8 -0.7071067886371276
vn -0.7071067737359682 -1.0536713455080026e-8 0.7071067886371268
vn -0.11361481635411391 0.9870072699305105 -0.1136147992523051
vn 0.6979195421991886 -0.16067560208171242 0.6979195250973813
vn 0.49999999999999867 0.7071067811865483 0.5000000000000003
vn -0.49999999999999845 -0.7071067811865481 -0.5000000000000009
vn -0.2816890670371721 0.41316582537349616 0.8659938049750504
vn 0.8659937928822462 0.41316584247530586 -0.28168907912997326
vn -0.697919542199188 0.16067560208170856 -0.6979195250973829
vn 0.11361481635411419 -0.9870072699305104 0.11361479925230536
vn -0.4999999999999986 -0.7071067811865474 -0.5000000000000016
vn 0.4999999999999988 0.7071067811865481 0.5000000000000007
vn 0.28168906703717234 -0.4131658253734958 -0.8659938049750505
vn -0.8659937928822464 -0.4131658424753042 0.281689079129975
vn -0.7071067811865476 8.659560562354934e-17 0.7071067811865476
vn 0.7071067811865476 9.284654454623067e-16 -0.7071067811865476
vn -0.7071067811865472 1.0436043423450887e-15 -0.7071067811865478
vn 0.4656330736664173 0.7525766947068778 0.4656330736664178
vn -3.617168640951195e-16 -1 -5.981304604509614e-16
vn -0.7071067811865481 8.65956056235494e-17 0.7071067811865469
vn 0.7071067811865482 -8.659560562354941e-17 -0.7071067811865468
vn 0.7071067811865467 -1.0436043423450885e-15 0.7071067811865485
vn -0.46563307366641704 -0.7525766947068782 -0.4656330736664177
vn -1.7660055031074545e-16 1 -1.1962609209019253e-16
vn -0.9238795325112866 2.095997560036213e-15 0.38268343236509017
vn 0.9999978116892992 -1.2531113762813285e-16 0.0020920364750273033
vn -0.38268343236508945 1.2972573765167529e-15 -0.923879532511287
vn 0.2519988035673517 0.7525766947068779 0.6083789292740948
vn 7.683630779998882e-17 -1 -4.0300563675627196e-16
vn -0.9238795325112868 -3.8423730380329894e-16 0.38268343236508984
vn 0.2705980500730986 -0.7071067811865476 0.6532814824381883
vn 0.9238795325112868 4.837132868097127e-16 -0.38268343236508967
vn -0.2705980500730993 0.7071067811865478 -0.6532814824381876
vn 0.2705980500730974 0.7071067811865477 0.6532814824381886
vn -0.27059805007309823 -0.7071067811865479 -0.653281482438188
vn -0.2705980500730993 0.7071067811865475 -0.653281482438188
vn 0.27059805007309917 -0.7071067811865472 0.6532814824381883
vn -0.2705980500730982 -0.7071067811865479 -0.6532814824381881
vn 0.27059805007309773 0.7071067811865479 0.6532814824381883
vn 0.9238795325112868 7.661540242743534e-16 -0.38268343236508956
vn -0.9238795325112867 -5.663138798418259e-16 0.3826834323650899
vn -0.06148789090195735 0.9870072699305106 -0.1484449001372206
vn 0.3777113298263042 -0.16067560208170958 0.9118758151286419
vn 0.2705980500730982 0.7071067811865476 0.6532814824381885
vn -0.27059805007309773 -0.7071067811865481 -0.6532814824381881
vn -0.5916482485348894 0.4131658339243981 0.6922762047645106
vn 0.907871687459235 0.4131658339244008 0.0711547102269102
vn -0.37771132982630445 0.16067560208171094 -0.9118758151286415
vn 0.06148789090195743 -0.9870072699305105 0.14844490013722048
vn -0.27059805007309773 -0.7071067811865481 -0.653281482438188
vn 0.2705980500730981 0.7071067811865479 0.6532814824381881
vn 0.5916482485348882 -0.4131658339243996 -0.6922762047645107
vn -0.9078716874592355 -0.41316583392440026 -0.07115471022690668
vn -0.9238795325112868 -1.4582208683099758e-16 0.38268343236508956
vn 0.7306862390382783 4.3853412092118093e-16 -0.6827134245641403
vn 0.38268343236508967 -6.720612902850079e-16 0.9238795325112868
vn -0.2519988035673515 -0.7525766947068782 -0.6083789292740946
vn -1.9667542376501654e-16 1 -3.484865377344102e-16
vn -0.9999999999999992 2.9802322150843784e-8 -2.9802321224491826e-8
vn -4.2146849211997406e-8 -0.7071067811865462 0.7071067811865477
vn 0.9999999999999992 -2.9802323909347326e-8 2.980232298299536e-8
vn 4.21468480182855e-8 0.7071067811865462 -0.7071067811865476
vn 8.659564453412542e-17 0.7071067811865481 0.7071067811865469
vn -8.659568020215351e-17 -0.7071067811865488 -0.7071067811865464
vn 4.214684881764619e-8 0.707106781186546 -0.7071067811865479
vn -4.2146848754498943e-8 -0.7071067811865461 0.7071067811865477
vn -1.6510029007991541e-16 -0.7071067811865486 -0.7071067811865466
vn 8.659560562354946e-17 0.7071067811865486 0.7071067811865466
vn 0.9999999999999992 -2.980232262815191e-8 2.980232250568731e-8
vn -0.9999999999999992 2.980232200011493e-8 -2.980232187765033e-8
vn 3.420361529873551e-8 0.98700726993051 -0.16067560208171158
vn -3.4203614970221365e-8 -0.160675602081709 0.9870072699305102
vn 2.436049116705546e-16 0.7071067811865486 0.7071067811865466
vn -1.9761790808606518e-16 -0.7071067811865487 -0.7071067811865464
vn -0.811534341451494 0.41316585811000783 0.4131658097387913
vn 0.8115343414514951 0.4131658097387906 0.41316585811000667
vn 3.420361526240997e-8 0.16067560208170892 -0.9870072699305104
vn -3.420361554541427e-8 -0.9870072699305098 0.1606756020817128
vn -2.436049116705548e-16 -0.7071067811865486 -0.7071067811865466
vn 1.976179080860652e-16 0.7071067811865486 0.7071067811865466
vn 0.8115343414514935 -0.41316585811000833 -0.4131658097387917
vn -0.8115343414514937 -0.41316580973879186 -0.41316585811000806
vn -1 1.2246467991473532e-16 0
vn 1 -1.2246467991473532e-16 0
vn 2.5376526277146454e-16 1.691768418476429e-15 -1
vn -7.494153082340742e-17 0.7525766947068776 0.6585046078685184
vn -1.2246467991473525e-16 -1 -2.960594732333747e-16
vn -1 1.2246467991473532e-16 0
vn 1 -1.2246467991473532e-16 0
vn 5.075305255429284e-16 -6.215456335757213e-32 1
vn -9.216406402856738e-17 -0.7525766947068787 -0.6585046078685172
vn 1.2246467991473532e-16 1 -1.0362081563168109e-15
vn -0.9238795325112865 -3.603554670554139e-16 -0.38268343236509084
vn 0.7056259406392305 -8.641425495991739e-17 0.708584526995193
vn 0.3826834323650904 1.721456364529763e-15 -0.9238795325112865
vn -0.25199880356735227 0.7525766947068778 0.6083789292740949
vn -9.167624513586978e-18 -1 -2.735232877263879e-16
vn -0.9238795325112865 9.089504752800815e-16 -0.3826834323650906
vn -0.27059805007309884 -0.7071067811865479 0.6532814824381877
vn 0.9238795325112867 -9.089504752800813e-16 0.38268343236508984
vn 0.2705980500730978 0.7071067811865481 -0.6532814824381881
vn -0.27059805007309856 0.7071067811865468 0.6532814824381892
vn 0.27059805007309884 -0.7071067811865472 -0.6532814824381886
vn 0.2705980500730984 0.7071067811865478 -0.6532814824381881
vn -0.27059805007309834 -0.7071067811865479 0.6532814824381881
vn 0.2705980500730984 -0.7071067811865474 -0.6532814824381886
vn -0.2705980500730984 0.7071067811865471 0.6532814824381887
vn 0.9238795325112866 3.265057065227919e-16 0.38268343236509006
vn -0.9238795325112866 -3.364977137444184e-16 -0.38268343236509006
vn 0.06148789090195632 0.9870072699305108 -0.14844490013722036
vn -0.37771132982630384 -0.16067560208171228 0.9118758151286415
vn -0.27059805007309784 0.7071067811865475 0.6532814824381887
vn 0.27059805007309845 -0.7071067811865472 -0.6532814824381887
vn -0.9078716874592351 0.4131658339244008 0.07115471022691033
vn 0.5916482485348881 0.41316583392439904 0.6922762047645111
vn 0.3777113298263046 0.16067560208171067 -0.9118758151286415
vn -0.06148789090195668 -0.9870072699305105 0.14844490013722103
vn 0.2705980500730987 -0.7071067811865469 -0.653281482438189
vn -0.27059805007309834 0.7071067811865472 0.6532814824381886
vn 0.9078716874592353 -0.4131658339244001 -0.071154710226912
vn -0.5916482485348875 -0.4131658339243992 -0.6922762047645116
vn -0.9238795325112867 2.426249602586541e-16 -0.38268343236509034
vn 0.9994244866600555 -1.3559463429034998e-16 0.03392190242726592
vn -0.38268343236508945 -2.6573283906260957e-16 0.923879532511287
vn 0.25199880356735144 -0.7525766947068787 -0.608378929274094
vn 5.190043738187539e-16 1 -9.57331507042358e-16
vn -0.7071067601131223 2.9802323284309605e-8 -0.7071068022599715
vn -0.5000000298023219 -0.7071067811865464 0.499999970197678
vn 0.7071067601131225 -2.9802322985881666e-8 0.7071068022599714
vn 0.5000000298023228 0.7071067811865462 -0.4999999701976775
vn -0.49999999999999867 0.7071067811865481 0.5000000000000006
vn 0.499999999999999 -0.7071067811865483 -0.5
vn 0.5000000298023228 0.7071067811865458 -0.4999999701976778
vn -0.5000000298023228 -0.7071067811865456 0.49999997019767817
vn 0.4999999999999994 -0.7071067811865483 -0.49999999999999944
vn -0.49999999999999895 0.7071067811865486 0.49999999999999967
vn 0.7071067601131231 -2.9802322556447423e-8 0.7071068022599708
vn -0.7071067601131222 2.9802322376591257e-8 -0.7071068022599716
vn 0.11361483198881835 0.9870072699305098 -0.11361478361760172
vn -0.6979195578338927 -0.16067560208170886 0.6979195094626773
vn -0.4999999999999992 0.7071067811865486 0.49999999999999944
vn 0.499999999999999 -0.7071067811865486 -0.4999999999999997
vn -0.8659937818268406 0.4131658581100086 -0.28168909018537924
vn 0.2816890559817653 0.4131658097387921 0.8659938160304556
vn 0.6979195578338923 0.16067560208171064 -0.6979195094626774
vn -0.11361483198881793 -0.98700726993051 0.1136147836176013
vn 0.4999999999999989 -0.7071067811865486 -0.4999999999999999
vn -0.49999999999999944 0.7071067811865483 0.4999999999999994
vn 0.8659937818268407 -0.413165858110008 0.28168909018537946
vn -0.2816890559817676 -0.41316580973879147 -0.8659938160304551
vn -0.7071067811865472 -3.919087627372196e-16 -0.7071067811865479
vn 0.7071067811865475 3.645426393034982e-16 0.7071067811865477
vn 0.707106781186548 1.3489174994587595e-15 -0.7071067811865471
vn -0.4656330736664178 0.7525766947068777 0.46563307366641754
vn 8.68809812431012e-17 -1 -2.0934566115783638e-16
vn -0.7071067811865476 8.659560562354934e-17 -0.7071067811865476
vn 0.7071067811865476 -8.659560562354934e-17 0.7071067811865476
vn -0.7071067811865478 8.659560562354937e-17 0.7071067811865472
vn 0.46563307366641693 -0.7525766947068788 -0.46563307366641665
vn 8.551744939671631e-16 1 -7.327098140524271e-16
vn -0.3826834323650904 -5.358053665812153e-16 -0.9238795325112867
vn -0.0020920364750273046 -6.797045676180493e-16 0.9999978116892992
vn 0.9238795325112871 1.552513280852424e-15 -0.3826834323650893
vn -0.6083789292740949 0.7525766947068778 0.25199880356735194
vn 1.5105860781165273e-16 -1 -1.1329705540114817e-16
vn -0.3826834323650902 -2.5156274496597873e-16 -0.9238795325112867
vn -0.6532814824381881 -0.7071067811865478 0.2705980500730983
vn 0.3826834323650903 5.499906939852203e-16 0.9238795325112867
vn 0.6532814824381881 0.7071067811865476 -0.27059805007309873
vn -0.6532814824381881 0.7071067811865474 0.2705980500730995
vn 0.653281482438188 -0.7071067811865478 -0.2705980500730986
vn 0.6532814824381885 0.7071067811865474 -0.2705980500730987
vn -0.6532814824381884 -0.7071067811865474 0.2705980500730986
vn 0.6532814824381883 -0.7071067811865476 -0.27059805007309884
vn -0.653281482438188 0.7071067811865478 0.27059805007309873
vn 0.38268343236508917 2.1292698370902375e-16 0.923879532511287
vn -0.3826834323650897 2.1672932682091195e-16 -0.9238795325112867
vn 0.148444900137221 0.9870072699305105 -0.06148789090195657
vn -0.9118758151286415 -0.1606756020817113 0.37771132982630423
vn -0.6532814824381884 0.7071067811865476 0.27059805007309856
vn 0.6532814824381883 -0.7071067811865474 -0.27059805007309884
vn -0.692276204764511 0.41316583392439854 -0.5916482485348885
vn -0.07115471022690886 0.41316583392439876 0.9078716874592362
vn 0.9118758151286416 0.16067560208171122 -0.3777113298263047
vn -0.14844490013722061 -0.9870072699305106 0.06148789090195649
vn 0.6532814824381882 -0.7071067811865477 -0.2705980500730986
vn -0.6532814824381882 0.7071067811865476 0.2705980500730988
vn 0.6922762047645107 -0.41316583392439976 0.5916482485348881
vn 0.07115471022690943 -0.4131658339243993 -0.9078716874592357
vn -0.38268343236509006 1.541318941654719e-16 -0.9238795325112866
vn 0.6827134245641406 1.2759866990850183e-16 0.730686239038278
vn -0.9238795325112866 -1.9945543188710236e-16 0.38268343236509017
vn 0.6083789292740938 -0.7525766947068788 -0.2519988035673517
vn 1.0797961869570927e-15 1 -3.965396939040186e-16
usemtl m_980034eb-2d55-576c-b6c9-096ec077141f
f 11/25/7 10/26/7 12/27/7
f 13/28/8 10/29/8 11/30/8 14/31/8
f 13/32/9 14/33/9 15/34/9
f 10/35/10 16/36/10 12/37/10
f 17/38/11 16/39/11 10/40/11 13/41/11
f 17/42/12 13/43/12 15/44/12
f 16/45/13 18/46/13 12/47/13
f 19/48/14 18/49/14 16/50/14 17/51/14
f 19/52/15 17/53/15 15/54/15
f 18/55/16 20/56/16 12/57/16
f 21/58/17 20/59/17 18/60/17 19/61/17
f 21/62/18 19/63/18 15/64/18
f 20/65/19 22/66/19 12/67/19
f 23/68/20 22/69/20 20/70/20 21/71/20
f 23/72/21 21/73/21 15/74/21
f 22/75/22 24/76/22 12/77/22
f 25/78/23 24/79/23 22/80/23 23/81/23
f 25/82/24 23/83/24 15/84/24
f 24/85/25 26/86/25 12/87/25
f 27/88/26 26/89/26 24/90/26 25/91/26
f 27/92/27 25/93/27 15/94/27
f 26/95/28 11/96/28 12/97/28
f 14/98/29 11/99/29 26/100/29 27/101/29
f 14/102/30 27/103/30 15/104/30
f 30/105/31 29/106/31 28/107/31 31/108/31
f 34/109/32 33/110/32 32/111/32 35/112/32
f 29/113/33 34/114/33 35/115/33 28/116/33
f 33/117/34 30/118/34 31/119/34 32/120/34
f 37/121/35 36/122/35 29/123/35 30/124/35
f 39/125/36 38/126/36 33/127/36 34/128/36
f 36/129/37 39/130/37 34/131/37 29/132/37
f 38/133/38 37/134/38 30/135/38 33/136/38
f 41/137/39 40/138/39 36/139/39 37/140/39
f 42/141/40 9/142/40 38/143/40 39/144/40
f 40/145/41 42/146/41 39/147/41 36/148/41
f 9/149/42 41/150/42 37/151/42 38/152/42
f 44/153/43 43/154/43 40/155/43 41/156/43
f 46/157/44 45/158/44 9/159/44 42/160/44
f 43/161/45 46/162/45 42/163/45 40/164/45
f 45/165/46 44/166/46 41/167/46 9/168/46
f 48/169/47 47/170/47 43/171/47 44/172/47
f 50/173/48 49/174/48 45/175/48 46/176/48
f 47/177/49 50/178/49 46/179/49 43/180/49
f 49/181/50 48/182/50 44/183/50 45/184/50
f 52/185/51 51/186/51 47/187/51 48/188/51
f 54/189/52 53/190/52 49/191/52 50/192/52
f 51/193/53 54/194/53 50/195/53 47/196/53
f 53/197/54 52/198/54 48/199/54 49/200/54
f 56/201/55 55/202/55 51/203/55 52/204/55
f 58/205/56 57/206/56 53/207/56 54/208/56
f 55/209/57 58/210/57 54/211/57 51/212/57
f 57/213/58 56/214/58 52/215/58 53/216/58
f 31/217/59 28/218/59 55/219/59 56/220/59
f 35/221/60 32/222/60 57/223/60 58/224/60
f 28/225/61 35/226/61 58/227/61 55/228/61
f 32/229/62 31/230/62 56/231/62 57/232/62
usemtl m_7c6aab4a-f50e-4807-a152-81f7092118e5
f 61/233/63 60/234/63 59/235/63 62/236/63
f 62/237/64 59/238/64 63/239/64 64/240/64
f 64/241/65 63/242/65 65/243/65 66/244/65
f 66/245/66 65/246/66 60/247/66 61/248/66
usemtl m_dffce1a3-9427-9411-6bc7-a281d292efe4
f 62/249/67 64/250/67 66/251/67 61/252/67
f 63/253/68 59/254/68 60/255/68 65/256/68
usemtl m_52c6fc1f-ab7d-6711-6bca-3d39441590b0
f 69/257/69 67/258/69 68/259/69 70/260/69
f 72/261/70 71/262/70 73/263/70 74/264/70
f 68/265/71 67/266/71 71/267/71 72/268/71
f 73/269/72 69/270/72 70/271/72 74/272/72
f 71/273/73 67/274/73 69/275/73 73/276/73
f 70/277/74 68/278/74 72/279/74 74/280/74
f 77/281/75 75/282/75 76/283/75 78/284/75
f 80/285/76 79/286/76 81/287/76 82/288/76
f 76/289/77 75/290/77 79/291/77 80/292/77
f 81/293/78 77/294/78 78/295/78 82/296/78
f 79/297/79 75/298/79 77/299/79 81/300/79
f 78/301/80 76/302/80 80/303/80 82/304/80
f 85/305/81 83/306/81 84/307/81 86/308/81
f 88/309/82 87/310/82 89/311/82 90/312/82
f 84/313/83 83/314/83 87/315/83 88/316/83
f 89/317/84 85/318/84 86/319/84 90/320/84
f 87/321/85 83/322/85 85/323/85 89/324/85
f 86/325/86 84/326/86 88/327/86 90/328/86
usemtl m_980034eb-2d55-576c-b6c9-096ec077141f
f 93/329/87 92/330/87 91/331/87 94/332/87
f 94/333/88 91/334/88 95/335/88 96/336/88
f 96/337/89 95/338/89 97/339/89 98/340/89
f 98/341/90 97/342/90 92/343/90 93/344/90
f 94/345/91 96/346/91 98/347/91 93/348/91
f 95/349/92 91/350/92 92/351/92 97/352/92
f 101/353/93 100/354/93 99/355/93 102/356/93
f 102/357/94 99/358/94 103/359/94 104/360/94
f 104/361/95 103/362/95 105/363/95 106/364/95
f 106/365/96 105/366/96 100/367/96 101/368/96
f 102/369/97 104/370/97 106/371/97 101/372/97
f 103/373/98 99/374/98 100/375/98 105/376/98
f 109/377/99 108/378/99 107/379/99 110/380/99
f 110/381/100 107/382/100 111/383/100 112/384/100
f 112/385/101 111/386/101 113/387/101 114/388/101
f 114/389/102 113/390/102 108/391/102 109/392/102
f 110/393/103 112/394/103 114/395/103 109/396/103
f 111/397/104 107/398/104 108/399/104 113/400/104
f 117/401/105 116/402/105 115/403/105 118/404/105
f 118/405/106 115/406/106 119/407/106 120/408/106
f 120/409/107 119/410/107 121/411/107 122/412/107
f 122/413/108 121/414/108 116/415/108 117/416/108
f 118/417/109 120/418/109 122/419/109 117/420/109
f 119/421/110 115/422/110 116/423/110 121/424/110
f 125/425/111 124/426/111 123/427/111 126/428/111
f 129/429/112 128/430/112 127/431/112 130/432/112
f 129/433/113 124/434/113 125/435/113 128/436/113
f 127/437/114 126/438/114 123/439/114 130/440/114
f 128/441/115 125/442/115 126/443/115 127/444/115
f 124/445/116 129/446/116 130/447/116 123/448/116
f 133/449/117 132/450/117 131/451/117 134/452/117
f 137/453/118 136/454/118 135/455/118 138/456/118
f 137/457/119 132/458/119 133/459/119 136/460/119
f 135/461/120 134/462/120 131/463/120 138/464/120
f 136/465/121 133/466/121 134/467/121 135/468/121
f 132/469/122 137/470/122 138/471/122 131/472/122
f 141/473/123 140/474/123 139/475/123 142/476/123
f 144/477/124 143/478/124 140/479/124 141/480/124
f 141/481/125 142/482/125 145/483/125 146/484/125
f 148/485/126 147/486/126 143/487/126 144/488/126
f 144/489/127 141/490/127 146/491/127 149/492/127
f 151/493/128 150/494/128 147/495/128 148/496/128
f 148/497/129 144/498/129 149/499/129 152/500/129
f 154/501/130 153/502/130 150/503/130 151/504/130
f 151/505/131 148/506/131 152/507/131 155/508/131
f 157/509/132 156/510/132 153/511/132 154/512/132
f 154/513/133 151/514/133 155/515/133 158/516/133
f 160/517/134 159/518/134 156/519/134 157/520/134
f 157/521/135 154/522/135 158/523/135 161/524/135
f 142/525/136 139/526/136 159/527/136 160/528/136
f 160/529/137 157/530/137 161/531/137 162/532/137
f 142/533/138 160/534/138 162/535/138 145/536/138
f 162/537/139 163/538/139 145/539/139
f 161/540/140 163/541/140 162/542/140
f 158/543/141 163/544/141 161/545/141
f 155/546/142 163/547/142 158/548/142
f 165/549/143 164/550/143 166/551/143
f 166/552/144 164/553/144 167/554/144
f 167/555/145 164/556/145 168/557/145
f 152/558/146 163/559/146 155/560/146
f 169/561/147 164/562/147 170/563/147
f 168/564/148 164/565/148 169/566/148
f 170/567/149 164/568/149 171/569/149
f 171/570/150 164/571/150 172/572/150
f 149/573/151 163/574/151 152/575/151
f 140/576/152 143/577/152 172/578/152 165/579/152
f 172/580/153 164/581/153 165/582/153
f 143/583/154 147/584/154 171/585/154 172/586/154
f 147/587/155 150/588/155 170/589/155 171/590/155
f 146/591/156 163/592/156 149/593/156
f 153/594/157 156/595/157 168/596/157 169/597/157
f 150/598/158 153/599/158 169/600/158 170/601/158
f 156/602/159 159/603/159 167/604/159 168/605/159
f 159/606/160 139/607/160 166/608/160 167/609/160
f 145/610/161 163/611/161 146/612/161
f 139/613/162 140/614/162 165/615/162 166/616/162
f 175/617/163 174/618/163 173/619/163 176/620/163
f 179/621/164 178/622/164 177/623/164 180/624/164
f 179/625/165 174/626/165 175/627/165 178/628/165
f 177/629/166 176/630/166 173/631/166 180/632/166
f 178/633/167 175/634/167 176/635/167 177/636/167
f 174/637/168 179/638/168 180/639/168 173/640/168
f 183/641/169 182/642/169 181/643/169 184/644/169
f 187/645/170 186/646/170 185/647/170 188/648/170
f 187/649/171 182/650/171 183/651/171 186/652/171
f 185/653/172 184/654/172 181/655/172 188/656/172
f 186/657/173 183/658/173 184/659/173 185/660/173
f 182/661/174 187/662/174 188/663/174 181/664/174
f 191/665/175 190/666/175 189/667/175 192/668/175
f 195/669/176 194/670/176 193/671/176 196/672/176
f 195/673/177 190/674/177 191/675/177 194/676/177
f 193/677/178 192/678/178 189/679/178 196/680/178
f 194/681/179 191/682/179 192/683/179 193/684/179
f 190/685/180 195/686/180 196/687/180 189/688/180
f 199/689/181 198/690/181 197/691/181 200/692/181
f 203/693/182 202/694/182 201/695/182 204/696/182
f 203/697/183 198/698/183 199/699/183 202/700/183
f 201/701/184 200/702/184 197/703/184 204/704/184
f 202/705/185 199/706/185 200/707/185 201/708/185
f 198/709/186 203/710/186 204/711/186 197/712/186
f 207/713/187 206/714/187 205/715/187 208/716/187
f 211/717/188 210/718/188 209/719/188 212/720/188
f 211/721/189 206/722/189 207/723/189 210/724/189
f 209/725/190 208/726/190 205/727/190 212/728/190
f 210/729/191 207/730/191 208/731/191 209/732/191
f 206/733/192 211/734/192 212/735/192 205/736/192
f 215/737/193 214/738/193 213/739/193 216/740/193
f 219/741/194 218/742/194 217/743/194 220/744/194
f 219/745/195 214/746/195 215/747/195 218/748/195
f 217/749/196 216/750/196 213/751/196 220/752/196
f 218/753/197 215/754/197 216/755/197 217/756/197
f 214/757/198 219/758/198 220/759/198 213/760/198
f 223/761/199 222/762/199 221/763/199 224/764/199
f 227/765/200 226/766/200 225/767/200 228/768/200
f 227/769/201 222/770/201 223/771/201 226/772/201
f 225/773/202 224/774/202 221/775/202 228/776/202
f 226/777/203 223/778/203 224/779/203 225/780/203
f 222/781/204 227/782/204 228/783/204 221/784/204
f 231/785/205 230/786/205 229/787/205 232/788/205
f 232/789/206 229/790/206 233/791/206 234/792/206
f 234/793/207 233/794/207 235/795/207 236/796/207
f 236/797/208 235/798/208 230/799/208 231/800/208
f 232/801/209 234/802/209 236/803/209 231/804/209
f 233/805/210 229/806/210 230/807/210 235/808/210
f 239/809/211 238/810/211 237/811/211 240/812/211
f 240/813/212 237/814/212 241/815/212 242/816/212
f 242/817/213 241/818/213 243/819/213 244/820/213
f 244/821/214 243/822/214 238/823/214 239/824/214
f 240/825/215 242/826/215 244/827/215 239/828/215
f 241/829/216 237/830/216 238/831/216 243/832/216
f 247/833/217 246/834/217 245/835/217 248/836/217
f 248/837/218 245/838/218 249/839/218 250/840/218
f 250/841/219 249/842/219 251/843/219 252/844/219
f 252/845/220 251/846/220 246/847/220 247/848/220
f 248/849/221 250/850/221 252/851/221 247/852/221
f 249/853/222 245/854/222 246/855/222 251/856/222
f 255/857/223 254/858/223 253/859/223 256/860/223
f 256/861/224 253/862/224 257/863/224 258/864/224
f 258/865/225 257/866/225 259/867/225 260/868/225
f 260/869/226 259/870/226 254/871/226 255/872/226
f 256/873/227 258/874/227 260/875/227 255/876/227
f 257/877/228 253/878/228 254/879/228 259/880/228
f 262/881/229 261/882/229 263/883/229
f 264/884/230 265/885/230 266/886/230
f 266/887/231 265/888/231 261/889/231 262/890/231
f 263/891/232 264/892/232 266/893/232 262/894/232
f 264/895/233 263/896/233 261/897/233 265/898/233
f 269/899/234 268/900/234 267/901/234 270/902/234
f 273/903/235 272/904/235 271/905/235 274/906/235
usemtl m_52c6fc1f-ab7d-6711-6bca-3d39441590b0
f 268/907/236 273/908/236 274/909/236 267/910/236
f 272/911/237 269/912/237 270/913/237 271/914/237
usemtl m_980034eb-2d55-576c-b6c9-096ec077141f
f 276/915/238 275/916/238 268/917/238 269/918/238
f 278/919/239 277/920/239 272/921/239 273/922/239
usemtl m_52c6fc1f-ab7d-6711-6bca-3d39441590b0
f 275/923/240 278/924/240 273/925/240 268/926/240
f 277/927/241 276/928/241 269/929/241 272/930/241
usemtl m_980034eb-2d55-576c-b6c9-096ec077141f
f 280/931/242 279/932/242 275/933/242 276/934/242
f 282/935/243 281/936/243 277/937/243 278/938/243
usemtl m_52c6fc1f-ab7d-6711-6bca-3d39441590b0
f 279/939/244 282/940/244 278/941/244 275/942/244
f 281/943/245 280/944/245 276/945/245 277/946/245
usemtl m_980034eb-2d55-576c-b6c9-096ec077141f
f 284/947/246 283/948/246 279/949/246 280/950/246
f 286/951/247 285/952/247 281/953/247 282/954/247
usemtl m_52c6fc1f-ab7d-6711-6bca-3d39441590b0
f 283/955/248 286/956/248 282/957/248 279/958/248
f 285/959/249 284/960/249 280/961/249 281/962/249
usemtl m_980034eb-2d55-576c-b6c9-096ec077141f
f 288/963/250 287/964/250 283/965/250 284/966/250
f 290/967/251 289/968/251 285/969/251 286/970/251
usemtl m_52c6fc1f-ab7d-6711-6bca-3d39441590b0
f 287/971/252 290/972/252 286/973/252 283/974/252
f 289/975/253 288/976/253 284/977/253 285/978/253
usemtl m_980034eb-2d55-576c-b6c9-096ec077141f
f 292/979/254 291/980/254 287/981/254 288/982/254
f 294/983/255 293/984/255 289/985/255 290/986/255
usemtl m_52c6fc1f-ab7d-6711-6bca-3d39441590b0
f 291/987/256 294/988/256 290/989/256 287/990/256
f 293/991/257 292/992/257 288/993/257 289/994/257
usemtl m_980034eb-2d55-576c-b6c9-096ec077141f
f 296/995/258 295/996/258 291/997/258 292/998/258
f 298/999/259 297/1000/259 293/1001/259 294/1002/259
usemtl m_52c6fc1f-ab7d-6711-6bca-3d39441590b0
f 295/1003/260 298/1004/260 294/1005/260 291/1006/260
f 297/1007/261 296/1008/261 292/1009/261 293/1010/261
usemtl m_980034eb-2d55-576c-b6c9-096ec077141f
f 270/1011/262 267/1012/262 295/1013/262 296/1014/262
f 274/1015/263 271/1016/263 297/1017/263 298/1018/263
usemtl m_52c6fc1f-ab7d-6711-6bca-3d39441590b0
f 267/1019/264 274/1020/264 298/1021/264 295/1022/264
f 271/1023/265 270/1024/265 296/1025/265 297/1026/265
f 301/1027/266 300/1028/266 299/1029/266 302/1030/266
f 305/1031/267 304/1032/267 303/1033/267 306/1034/267
f 300/1035/268 305/1036/268 306/1037/268 299/1038/268
f 304/1039/269 301/1040/269 302/1041/269 303/1042/269
f 308/1043/270 307/1044/270 300/1045/270 301/1046/270
f 310/1047/271 309/1048/271 304/1049/271 305/1050/271
f 307/1051/272 310/1052/272 305/1053/272 300/1054/272
f 309/1055/273 308/1056/273 301/1057/273 304/1058/273
f 312/1059/274 311/1060/274 307/1061/274 308/1062/274
f 314/1063/275 313/1064/275 309/1065/275 310/1066/275
f 311/1067/276 314/1068/276 310/1069/276 307/1070/276
f 313/1071/277 312/1072/277 308/1073/277 309/1074/277
f 316/1075/278 315/1076/278 311/1077/278 312/1078/278
f 318/1079/279 317/1080/279 313/1081/279 314/1082/279
f 315/1083/280 318/1084/280 314/1085/280 311/1086/280
f 317/1087/281 316/1088/281 312/1089/281 313/1090/281
f 320/1091/282 319/1092/282 315/1093/282 316/1094/282
f 322/1095/283 321/1096/283 317/1097/283 318/1098/283
f 319/1099/284 322/1100/284 318/1101/284 315/1102/284
f 321/1103/285 320/1104/285 316/1105/285 317/1106/285
f 324/1107/286 323/1108/286 319/1109/286 320/1110/286
f 326/1111/287 325/1112/287 321/1113/287 322/1114/287
f 323/1115/288 326/1116/288 322/1117/288 319/1118/288
f 325/1119/289 324/1120/289 320/1121/289 321/1122/289
f 328/1123/290 327/1124/290 323/1125/290 324/1126/290
f 330/1127/291 329/1128/291 325/1129/291 326/1130/291
f 327/1131/292 330/1132/292 326/1133/292 323/1134/292
f 329/1135/293 328/1136/293 324/1137/293 325/1138/293
f 302/1139/294 299/1140/294 327/1141/294 328/1142/294
f 306/1143/295 303/1144/295 329/1145/295 330/1146/295
f 299/1147/296 306/1148/296 330/1149/296 327/1150/296
f 303/1151/297 302/1152/297 328/1153/297 329/1154/297
f 333/1155/298 332/1156/298 331/1157/298 334/1158/298
f 337/1159/299 336/1160/299 335/1161/299 338/1162/299
f 341/1163/300 340/1164/300 339/1165/300 342/1166/300
f 345/1167/301 344/1168/301 343/1169/301 346/1170/301
f 349/1171/302 348/1172/302 347/1173/302 350/1174/302
f 353/1175/303 352/1176/303 351/1177/303 354/1178/303
f 357/1179/304 356/1180/304 355/1181/304 358/1182/304
f 361/1183/305 360/1184/305 359/1185/305 362/1186/305
f 365/1187/306 364/1188/306 363/1189/306 366/1190/306
f 369/1191/307 368/1192/307 367/1193/307 370/1194/307
f 373/1195/308 372/1196/308 371/1197/308 374/1198/308
f 377/1199/309 376/1200/309 375/1201/309 378/1202/309
f 381/1203/310 380/1204/310 379/1205/310 382/1206/310
f 385/1207/311 384/1208/311 383/1209/311 386/1210/311
f 389/1211/312 388/1212/312 387/1213/312 390/1214/312
f 393/1215/313 392/1216/313 391/1217/313 394/1218/313
f 337/1219/314 332/1220/314 333/1221/314 336/1222/314
f 335/1223/315 334/1224/315 331/1225/315 338/1226/315
f 336/1227/316 333/1228/316 334/1229/316 335/1230/316
f 332/1231/317 337/1232/317 338/1233/317 331/1234/317
f 345/1235/318 340/1236/318 341/1237/318 344/1238/318
f 343/1239/319 342/1240/319 339/1241/319 346/1242/319
f 344/1243/320 341/1244/320 342/1245/320 343/1246/320
f 340/1247/321 345/1248/321 346/1249/321 339/1250/321
f 353/1251/322 348/1252/322 349/1253/322 352/1254/322
f 351/1255/323 350/1256/323 347/1257/323 354/1258/323
f 352/1259/324 349/1260/324 350/1261/324 351/1262/324
f 348/1263/325 353/1264/325 354/1265/325 347/1266/325
f 361/1267/326 356/1268/326 357/1269/326 360/1270/326
f 359/1271/327 358/1272/327 355/1273/327 362/1274/327
f 360/1275/328 357/1276/328 358/1277/328 359/1278/328
f 356/1279/329 361/1280/329 362/1281/329 355/1282/329
f 369/1283/330 364/1284/330 365/1285/330 368/1286/330
f 367/1287/331 366/1288/331 363/1289/331 370/1290/331
f 368/1291/332 365/1292/332 366/1293/332 367/1294/332
f 364/1295/333 369/1296/333 370/1297/333 363/1298/333
f 377/1299/334 372/1300/334 373/1301/334 376/1302/334
f 375/1303/335 374/1304/335 371/1305/335 378/1306/335
f 376/1307/336 373/1308/336 374/1309/336 375/1310/336
f 372/1311/337 377/1312/337 378/1313/337 371/1314/337
f 385/1315/338 380/1316/338 381/1317/338 384/1318/338
f 383/1319/339 382/1320/339 379/1321/339 386/1322/339
f 384/1323/340 381/1324/340 382/1325/340 383/1326/340
f 380/1327/341 385/1328/341 386/1329/341 379/1330/341
f 393/1331/342 388/1332/342 389/1333/342 392/1334/342
f 391/1335/343 390/1336/343 387/1337/343 394/1338/343
f 392/1339/344 389/1340/344 390/1341/344 391/1342/344
f 388/1343/345 393/1344/345 394/1345/345 387/1346/345
usemtl m_980034eb-2d55-576c-b6c9-096ec077141f
f 396/1347/346 395/1348/346 397/1349/346
f 398/1350/347 399/1351/347 400/1352/347
f 400/1353/348 399/1354/348 395/1355/348 396/1356/348
f 397/1357/349 398/1358/349 400/1359/349 396/1360/349
f 398/1361/350 397/1362/350 395/1363/350 399/1364/350
f 402/1365/351 401/1366/351 403/1367/351
f 404/1368/352 405/1369/352 406/1370/352
f 406/1371/353 405/1372/353 401/1373/353 402/1374/353
f 403/1375/354 404/1376/354 406/1377/354 402/1378/354
f 404/1379/355 403/1380/355 401/1381/355 405/1382/355
usemtl m_7c6aab4a-f50e-4807-a152-81f7092118e5
f 409/1383/356 408/1384/356 407/1385/356 410/1386/356
f 410/1387/357 407/1388/357 411/1389/357 412/1390/357
f 412/1391/358 411/1392/358 413/1393/358 414/1394/358
f 414/1395/359 413/1396/359 408/1397/359 409/1398/359
usemtl m_dffce1a3-9427-9411-6bc7-a281d292efe4
f 410/1399/360 412/1400/360 414/1401/360 409/1402/360
f 411/1403/361 407/1404/361 408/1405/361 413/1406/361
usemtl m_52c6fc1f-ab7d-6711-6bca-3d39441590b0
f 417/1407/362 415/1408/362 416/1409/362 418/1410/362
f 420/1411/363 419/1412/363 421/1413/363 422/1414/363
f 416/1415/364 415/1416/364 419/1417/364 420/1418/364
f 421/1419/365 417/1420/365 418/1421/365 422/1422/365
f 419/1423/366 415/1424/366 417/1425/366 421/1426/366
f 418/1427/367 416/1428/367 420/1429/367 422/1430/367
f 425/1431/368 423/1432/368 424/1433/368 426/1434/368
f 428/1435/369 427/1436/369 429/1437/369 430/1438/369
f 424/1439/370 423/1440/370 427/1441/370 428/1442/370
f 429/1443/371 425/1444/371 426/1445/371 430/1446/371
f 427/1447/372 423/1448/372 425/1449/372 429/1450/372
f 426/1451/373 424/1452/373 428/1453/373 430/1454/373
f 433/1455/374 431/1456/374 432/1457/374 434/1458/374
f 436/1459/375 435/1460/375 437/1461/375 438/1462/375
f 432/1463/376 431/1464/376 435/1465/376 436/1466/376
f 437/1467/377 433/1468/377 434/1469/377 438/1470/377
f 435/1471/378 431/1472/378 433/1473/378 437/1474/378
f 434/1475/379 432/1476/379 436/1477/379 438/1478/379
usemtl m_980034eb-2d55-576c-b6c9-096ec077141f
f 440/1479/380 439/1480/380 441/1481/380
f 442/1482/381 443/1483/381 444/1484/381
f 444/1485/382 443/1486/382 439/1487/382 440/1488/382
f 441/1489/383 442/1490/383 444/1491/383 440/1492/383
f 442/1493/384 441/1494/384 439/1495/384 443/1496/384
f 446/1497/385 445/1498/385 447/1499/385
f 448/1500/386 449/1501/386 450/1502/386
f 450/1503/387 449/1504/387 445/1505/387 446/1506/387
f 447/1507/388 448/1508/388 450/1509/388 446/1510/388
f 448/1511/389 447/1512/389 445/1513/389 449/1514/389
usemtl m_7c6aab4a-f50e-4807-a152-81f7092118e5
f 453/1515/390 452/1516/390 451/1517/390 454/1518/390
f 454/1519/391 451/1520/391 455/1521/391 456/1522/391
f 456/1523/392 455/1524/392 457/1525/392 458/1526/392
f 458/1527/393 457/1528/393 452/1529/393 453/1530/393
usemtl m_dffce1a3-9427-9411-6bc7-a281d292efe4
f 454/1531/394 456/1532/394 458/1533/394 453/1534/394
f 455/1535/395 451/1536/395 452/1537/395 457/1538/395
usemtl m_52c6fc1f-ab7d-6711-6bca-3d39441590b0
f 461/1539/396 459/1540/396 460/1541/396 462/1542/396
f 464/1543/397 463/1544/397 465/1545/397 466/1546/397
f 460/1547/398 459/1548/398 463/1549/398 464/1550/398
f 465/1551/399 461/1552/399 462/1553/399 466/1554/399
f 463/1555/400 459/1556/400 461/1557/400 465/1558/400
f 462/1559/401 460/1560/401 464/1561/401 466/1562/401
f 469/1563/402 467/1564/402 468/1565/402 470/1566/402
f 472/1567/403 471/1568/403 473/1569/403 474/1570/403
f 468/1571/404 467/1572/404 471/1573/404 472/1574/404
f 473/1575/405 469/1576/405 470/1577/405 474/1578/405
f 471/1579/406 467/1580/406 469/1581/406 473/1582/406
f 470/1583/407 468/1584/407 472/1585/407 474/1586/407
f 477/1587/408 475/1588/408 476/1589/408 478/1590/408
f 480/1591/409 479/1592/409 481/1593/409 482/1594/409
f 476/1595/410 475/1596/410 479/1597/410 480/1598/410
f 481/1599/411 477/1600/411 478/1601/411 482/1602/411
f 479/1603/412 475/1604/412 477/1605/412 481/1606/412
f 478/1607/413 476/1608/413 480/1609/413 482/1610/413
usemtl m_980034eb-2d55-576c-b6c9-096ec077141f
f 484/1611/414 483/1612/414 485/1613/414
f 486/1614/415 487/1615/415 488/1616/415
f 488/1617/416 487/1618/416 483/1619/416 484/1620/416
f 485/1621/417 486/1622/417 488/1623/417 484/1624/417
f 486/1625/418 485/1626/418 483/1627/418 487/1628/418
f 490/1629/419 489/1630/419 491/1631/419
f 492/1632/420 493/1633/420 494/1634/420
f 494/1635/421 493/1636/421 489/1637/421 490/1638/421
f 491/1639/422 492/1640/422 494/1641/422 490/1642/422
f 492/1643/423 491/1644/423 489/1645/423 493/1646/423
f 496/1647/424 495/1648/424 497/1649/424
f 498/1650/425 499/1651/425 500/1652/425
f 500/1653/426 499/1654/426 495/1655/426 496/1656/426
f 497/1657/427 498/1658/427 500/1659/427 496/1660/427
f 498/1661/428 497/1662/428 495/1663/428 499/1664/428
usemtl m_7c6aab4a-f50e-4807-a152-81f7092118e5
f 503/1665/429 502/1666/429 501/1667/429 504/1668/429
f 504/1669/430 501/1670/430 505/1671/430 506/1672/430
f 506/1673/431 505/1674/431 507/1675/431 508/1676/431
f 508/1677/432 507/1678/432 502/1679/432 503/1680/432
usemtl m_dffce1a3-9427-9411-6bc7-a281d292efe4
f 504/1681/433 506/1682/433 508/1683/433 503/1684/433
f 505/1685/434 501/1686/434 502/1687/434 507/1688/434
usemtl m_52c6fc1f-ab7d-6711-6bca-3d39441590b0
f 511/1689/435 509/1690/435 510/1691/435 512/1692/435
f 514/1693/436 513/1694/436 515/1695/436 516/1696/436
f 510/1697/437 509/1698/437 513/1699/437 514/1700/437
f 515/1701/438 511/1702/438 512/1703/438 516/1704/438
f 513/1705/439 509/1706/439 511/1707/439 515/1708/439
f 512/1709/440 510/1710/440 514/1711/440 516/1712/440
f 519/1713/441 517/1714/441 518/1715/441 520/1716/441
f 522/1717/442 521/1718/442 523/1719/442 524/1720/442
f 518/1721/443 517/1722/443 521/1723/443 522/1724/443
f 523/1725/444 519/1726/444 520/1727/444 524/1728/444
f 521/1729/445 517/1730/445 519/1731/445 523/1732/445
f 520/1733/446 518/1734/446 522/1735/446 524/1736/446
f 527/1737/447 525/1738/447 526/1739/447 528/1740/447
f 530/1741/448 529/1742/448 531/1743/448 532/1744/448
f 526/1745/449 525/1746/449 529/1747/449 530/1748/449
f 531/1749/450 527/1750/450 528/1751/450 532/1752/450
f 529/1753/451 525/1754/451 527/1755/451 531/1756/451
f 528/1757/452 526/1758/452 530/1759/452 532/1760/452
usemtl m_7c6aab4a-f50e-4807-a152-81f7092118e5
f 535/1761/453 534/1762/453 533/1763/453 536/1764/453
f 536/1765/454 533/1766/454 537/1767/454 538/1768/454
f 538/1769/455 537/1770/455 539/1771/455 540/1772/455
f 540/1773/456 539/1774/456 534/1775/456 535/1776/456
usemtl m_dffce1a3-9427-9411-6bc7-a281d292efe4
f 536/1777/457 538/1778/457 540/1779/457 535/1780/457
f 537/1781/458 533/1782/458 534/1783/458 539/1784/458
usemtl m_52c6fc1f-ab7d-6711-6bca-3d39441590b0
f 543/1785/459 541/1786/459 542/1787/459 544/1788/459
f 546/1789/460 545/1790/460 547/1791/460 548/1792/460
f 542/1793/461 541/1794/461 545/1795/461 546/1796/461
f 547/1797/462 543/1798/462 544/1799/462 548/1800/462
f 545/1801/463 541/1802/463 543/1803/463 547/1804/463
f 544/1805/464 542/1806/464 546/1807/464 548/1808/464
f 551/1809/465 549/1810/465 550/1811/465 552/1812/465
f 554/1813/466 553/1814/466 555/1815/466 556/1816/466
f 550/1817/467 549/1818/467 553/1819/467 554/1820/467
f 555/1821/468 551/1822/468 552/1823/468 556/1824/468
f 553/1825/469 549/1826/469 551/1827/469 555/1828/469
f 552/1829/470 550/1830/470 554/1831/470 556/1832/470
f 559/1833/471 557/1834/471 558/1835/471 560/1836/471
f 562/1837/472 561/1838/472 563/1839/472 564/1840/472
f 558/1841/473 557/1842/473 561/1843/473 562/1844/473
f 563/1845/474 559/1846/474 560/1847/474 564/1848/474
f 561/1849/475 557/1850/475 559/1851/475 563/1852/475
f 560/1853/476 558/1854/476 562/1855/476 564/1856/476
usemtl m_980034eb-2d55-576c-b6c9-096ec077141f
f 566/1857/477 565/1858/477 567/1859/477
f 568/1860/478 569/1861/478 570/1862/478
f 570/1863/479 569/1864/479 565/1865/479 566/1866/479
f 567/1867/480 568/1868/480 570/1869/480 566/1870/480
f 568/1871/481 567/1872/481 565/1873/481 569/1874/481
f 572/1875/482 571/1876/482 573/1877/482
f 574/1878/483 575/1879/483 576/1880/483
f 576/1881/484 575/1882/484 571/1883/484 572/1884/484
f 573/1885/485 574/1886/485 576/1887/485 572/1888/485
f 574/1889/486 573/1890/486 571/1891/486 575/1892/486
f 578/1893/487 577/1894/487 579/1895/487
f 580/1896/488 581/1897/488 582/1898/488
f 582/1899/489 581/1900/489 577/1901/489 578/1902/489
f 579/1903/490 580/1904/490 582/1905/490 578/1906/490
f 580/1907/491 579/1908/491 577/1909/491 581/1910/491
usemtl m_7c6aab4a-f50e-4807-a152-81f7092118e5
f 585/1911/492 584/1912/492 583/1913/492 586/1914/492
f 586/1915/493 583/1916/493 587/1917/493 588/1918/493
f 588/1919/494 587/1920/494 589/1921/494 590/1922/494
f 590/1923/495 589/1924/495 584/1925/495 585/1926/495
usemtl m_dffce1a3-9427-9411-6bc7-a281d292efe4
f 586/1927/496 588/1928/496 590/1929/496 585/1930/496
f 587/1931/497 583/1932/497 584/1933/497 589/1934/497
usemtl m_52c6fc1f-ab7d-6711-6bca-3d39441590b0
f 593/1935/498 591/1936/498 592/1937/498 594/1938/498
f 596/1939/499 595/1940/499 597/1941/499 598/1942/499
f 592/1943/500 591/1944/500 595/1945/500 596/1946/500
f 597/1947/501 593/1948/501 594/1949/501 598/1950/501
f 595/1951/502 591/1952/502 593/1953/502 597/1954/502
f 594/1955/503 592/1956/503 596/1957/503 598/1958/503
f 601/1959/504 599/1960/504 600/1961/504 602/1962/504
f 604/1963/505 603/1964/505 605/1965/505 606/1966/505
f 600/1967/506 599/1968/506 603/1969/506 604/1970/506
f 605/1971/507 601/1972/507 602/1973/507 606/1974/507
f 603/1975/508 599/1976/508 601/1977/508 605/1978/508
f 602/1979/509 600/1980/509 604/1981/509 606/1982/509
f 609/1983/510 607/1984/510 608/1985/510 610/1986/510
f 612/1987/511 611/1988/511 613/1989/511 614/1990/511
f 608/1991/512 607/1992/512 611/1993/512 612/1994/512
f 613/1995/513 609/1996/513 610/1997/513 614/1998/513
f 611/1999/514 607/2000/514 609/2001/514 613/2002/514
f 610/2003/515 608/2004/515 612/2005/515 614/2006/515
usemtl m_980034eb-2d55-576c-b6c9-096ec077141f
f 616/2007/516 615/2008/516 617/2009/516
f 618/2010/517 619/2011/517 620/2012/517
f 620/2013/518 619/2014/518 615/2015/518 616/2016/518
f 617/2017/519 618/2018/519 620/2019/519 616/2020/519
f 618/2021/520 617/2022/520 615/2023/520 619/2024/520
usemtl m_7c6aab4a-f50e-4807-a152-81f7092118e5
f 623/2025/521 622/2026/521 621/2027/521 624/2028/521
f 624/2029/522 621/2030/522 625/2031/522 626/2032/522
f 626/2033/523 625/2034/523 627/2035/523 628/2036/523
f 628/2037/524 627/2038/524 622/2039/524 623/2040/524
usemtl m_dffce1a3-9427-9411-6bc7-a281d292efe4
f 624/2041/525 626/2042/525 628/2043/525 623/2044/525
f 625/2045/526 621/2046/526 622/2047/526 627/2048/526
usemtl m_52c6fc1f-ab7d-6711-6bca-3d39441590b0
f 631/2049/527 629/2050/527 630/2051/527 632/2052/527
f 634/2053/528 633/2054/528 635/2055/528 636/2056/528
f 630/2057/529 629/2058/529 633/2059/529 634/2060/529
f 635/2061/530 631/2062/530 632/2063/530 636/2064/530
f 633/2065/531 629/2066/531 631/2067/531 635/2068/531
f 632/2069/532 630/2070/532 634/2071/532 636/2072/532
f 639/2073/533 637/2074/533 638/2075/533 640/2076/533
f 642/2077/534 641/2078/534 643/2079/534 644/2080/534
f 638/2081/535 637/2082/535 641/2083/535 642/2084/535
f 643/2085/536 639/2086/536 640/2087/536 644/2088/536
f 641/2089/537 637/2090/537 639/2091/537 643/2092/537
f 640/2093/538 638/2094/538 642/2095/538 644/2096/538
f 647/2097/539 645/2098/539 646/2099/539 648/2100/539
f 650/2101/540 649/2102/540 651/2103/540 652/2104/540
f 646/2105/541 645/2106/541 649/2107/541 650/2108/541
f 651/2109/542 647/2110/542 648/2111/542 652/2112/542
f 649/2113/543 645/2114/543 647/2115/543 651/2116/543
f 648/2117/544 646/2118/544 650/2119/544 652/2120/544
usemtl m_980034eb-2d55-576c-b6c9-096ec077141f
f 654/2121/545 653/2122/545 655/2123/545
f 656/2124/546 657/2125/546 658/2126/546
f 658/2127/547 657/2128/547 653/2129/547 654/2130/547
f 655/2131/548 656/2132/548 658/2133/548 654/2134/548
f 656/2135/549 655/2136/549 653/2137/549 657/2138/549
f 660/2139/550 659/2140/550 661/2141/550
f 662/2142/551 663/2143/551 664/2144/551
f 664/2145/552 663/2146/552 659/2147/552 660/2148/552
f 661/2149/553 662/2150/553 664/2151/553 660/2152/553
f 662/2153/554 661/2154/554 659/2155/554 663/2156/554
f 666/2157/555 665/2158/555 667/2159/555
f 668/2160/556 669/2161/556 670/2162/556
f 670/2163/557 669/2164/557 665/2165/557 666/2166/557
f 667/2167/558 668/2168/558 670/2169/558 666/2170/558
f 668/2171/559 667/2172/559 665/2173/559 669/2174/559
usemtl m_7c6aab4a-f50e-4807-a152-81f7092118e5
f 673/2175/560 672/2176/560 671/2177/560 674/2178/560
f 674/2179/561 671/2180/561 675/2181/561 676/2182/561
f 676/2183/562 675/2184/562 677/2185/562 678/2186/562
f 678/2187/563 677/2188/563 672/2189/563 673/2190/563
usemtl m_dffce1a3-9427-9411-6bc7-a281d292efe4
f 674/2191/564 676/2192/564 678/2193/564 673/2194/564
f 675/2195/565 671/2196/565 672/2197/565 677/2198/565
usemtl m_52c6fc1f-ab7d-6711-6bca-3d39441590b0
f 681/2199/566 679/2200/566 680/2201/566 682/2202/566
f 684/2203/567 683/2204/567 685/2205/567 686/2206/567
f 680/2207/568 679/2208/568 683/2209/568 684/2210/568
f 685/2211/569 681/2212/569 682/2213/569 686/2214/569
f 683/2215/570 679/2216/570 681/2217/570 685/2218/570
f 682/2219/571 680/2220/571 684/2221/571 686/2222/571
f 689/2223/572 687/2224/572 688/2225/572 690/2226/572
f 692/2227/573 691/2228/573 693/2229/573 694/2230/573
f 688/2231/574 687/2232/574 691/2233/574 692/2234/574
f 693/2235/575 689/2236/575 690/2237/575 694/2238/575
f 691/2239/576 687/2240/576 689/2241/576 693/2242/576
f 690/2243/577 688/2244/577 692/2245/577 694/2246/577
f 697/2247/578 695/2248/578 696/2249/578 698/2250/578
f 700/2251/579 699/2252/579 701/2253/579 702/2254/579
f 696/2255/580 695/2256/580 699/2257/580 700/2258/580
f 701/2259/581 697/2260/581 698/2261/581 702/2262/581
f 699/2263/582 695/2264/582 697/2265/582 701/2266/582
f 698/2267/583 696/2268/583 700/2269/583 702/2270/583
usemtl m_980034eb-2d55-576c-b6c9-096ec077141f
f 704/2271/584 703/2272/584 705/2273/584
f 706/2274/585 707/2275/585 708/2276/585
f 708/2277/586 707/2278/586 703/2279/586 704/2280/586
f 705/2281/587 706/2282/587 708/2283/587 704/2284/587
f 706/2285/588 705/2286/588 703/2287/588 707/2288/588
usemtl m_7c6aab4a-f50e-4807-a152-81f7092118e5
f 711/2289/589 710/2290/589 709/2291/589 712/2292/589
f 712/2293/590 709/2294/590 713/2295/590 714/2296/590
f 714/2297/591 713/2298/591 715/2299/591 716/2300/591
f 716/2301/592 715/2302/592 710/2303/592 711/2304/592
usemtl m_dffce1a3-9427-9411-6bc7-a281d292efe4
f 712/2305/593 714/2306/593 716/2307/593 711/2308/593
f 713/2309/594 709/2310/594 710/2311/594 715/2312/594
usemtl m_52c6fc1f-ab7d-6711-6bca-3d39441590b0
f 719/2313/595 717/2314/595 718/2315/595 720/2316/595
f 722/2317/596 721/2318/596 723/2319/596 724/2320/596
f 718/2321/597 717/2322/597 721/2323/597 722/2324/597
f 723/2325/598 719/2326/598 720/2327/598 724/2328/598
f 721/2329/599 717/2330/599 719/2331/599 723/2332/599
f 720/2333/600 718/2334/600 722/2335/600 724/2336/600
f 727/2337/601 725/2338/601 726/2339/601 728/2340/601
f 730/2341/602 729/2342/602 731/2343/602 732/2344/602
f 726/2345/603 725/2346/603 729/2347/603 730/2348/603
f 731/2349/604 727/2350/604 728/2351/604 732/2352/604
f 729/2353/605 725/2354/605 727/2355/605 731/2356/605
f 728/2357/606 726/2358/606 730/2359/606 732/2360/606
f 735/2361/607 733/2362/607 734/2363/607 736/2364/607
f 738/2365/608 737/2366/608 739/2367/608 740/2368/608
f 734/2369/609 733/2370/609 737/2371/609 738/2372/609
f 739/2373/610 735/2374/610 736/2375/610 740/2376/610
f 737/2377/611 733/2378/611 735/2379/611 739/2380/611
f 736/2381/612 734/2382/612 738/2383/612 740/2384/612
usemtl m_980034eb-2d55-576c-b6c9-096ec077141f
f 742/2385/613 741/2386/613 743/2387/613
f 744/2388/614 745/2389/614 746/2390/614
f 746/2391/615 745/2392/615 741/2393/615 742/2394/615
f 743/2395/616 744/2396/616 746/2397/616 742/2398/616
f 744/2399/617 743/2400/617 741/2401/617 745/2402/617
f 748/2403/618 747/2404/618 749/2405/618
f 750/2406/619 751/2407/619 752/2408/619
f 752/2409/620 751/2410/620 747/2411/620 748/2412/620
f 749/2413/621 750/2414/621 752/2415/621 748/2416/621
f 750/2417/622 749/2418/622 747/2419/622 751/2420/622
f 754/2421/623 753/2422/623 755/2423/623
f 756/2424/624 757/2425/624 758/2426/624
f 758/2427/625 757/2428/625 753/2429/625 754/2430/625
f 755/2431/626 756/2432/626 758/2433/626 754/2434/626
f 756/2435/627 755/2436/627 753/2437/627 757/2438/627
usemtl m_7c6aab4a-f50e-4807-a152-81f7092118e5
f 761/2439/628 760/2440/628 759/2441/628 762/2442/628
f 762/2443/629 759/2444/629 763/2445/629 764/2446/629
f 764/2447/630 763/2448/630 765/2449/630 766/2450/630
f 766/2451/631 765/2452/631 760/2453/631 761/2454/631
usemtl m_dffce1a3-9427-9411-6bc7-a281d292efe4
f 762/2455/632 764/2456/632 766/2457/632 761/2458/632
f 763/2459/633 759/2460/633 760/2461/633 765/2462/633
usemtl m_52c6fc1f-ab7d-6711-6bca-3d39441590b0
f 769/2463/634 767/2464/634 768/2465/634 770/2466/634
f 772/2467/635 771/2468/635 773/2469/635 774/2470/635
f 768/2471/636 767/2472/636 771/2473/636 772/2474/636
f 773/2475/637 769/2476/637 770/2477/637 774/2478/637
f 771/2479/638 767/2480/638 769/2481/638 773/2482/638
f 770/2483/639 768/2484/639 772/2485/639 774/2486/639
f 777/2487/640 775/2488/640 776/2489/640 778/2490/640
f 780/2491/641 779/2492/641 781/2493/641 782/2494/641
f 776/2495/642 775/2496/642 779/2497/642 780/2498/642
f 781/2499/643 777/2500/643 778/2501/643 782/2502/643
f 779/2503/644 775/2504/644 777/2505/644 781/2506/644
f 778/2507/645 776/2508/645 780/2509/645 782/2510/645
f 785/2511/646 783/2512/646 784/2513/646 786/2514/646
f 788/2515/647 787/2516/647 789/2517/647 790/2518/647
f 784/2519/648 783/2520/648 787/2521/648 788/2522/648
f 789/2523/649 785/2524/649 786/2525/649 790/2526/649
f 787/2527/650 783/2528/650 785/2529/650 789/2530/650
f 786/2531/651 784/2532/651 788/2533/651 790/2534/651
usemtl m_980034eb-2d55-576c-b6c9-096ec077141f
f 792/2535/652 791/2536/652 793/2537/652
f 794/2538/653 795/2539/653 796/2540/653
f 796/2541/654 795/2542/654 791/2543/654 792/2544/654
f 793/2545/655 794/2546/655 796/2547/655 792/2548/655
f 794/2549/656 793/2550/656 791/2551/656 795/2552/656
usemtl m_7c6aab4a-f50e-4807-a152-81f7092118e5
f 799/2553/657 798/2554/657 797/2555/657 800/2556/657
f 800/2557/658 797/2558/658 801/2559/658 802/2560/658
f 802/2561/659 801/2562/659 803/2563/659 804/2564/659
f 804/2565/660 803/2566/660 798/2567/660 799/2568/660
usemtl m_dffce1a3-9427-9411-6bc7-a281d292efe4
f 800/2569/661 802/2570/661 804/2571/661 799/2572/661
f 801/2573/662 797/2574/662 798/2575/662 803/2576/662
usemtl m_52c6fc1f-ab7d-6711-6bca-3d39441590b0
f 807/2577/663 805/2578/663 806/2579/663 808/2580/663
f 810/2581/664 809/2582/664 811/2583/664 812/2584/664
f 806/2585/665 805/2586/665 809/2587/665 810/2588/665
f 811/2589/666 807/2590/666 808/2591/666 812/2592/666
f 809/2593/667 805/2594/667 807/2595/667 811/2596/667
f 808/2597/668 806/2598/668 810/2599/668 812/2600/668
f 815/2601/669 813/2602/669 814/2603/669 816/2604/669
f 818/2605/670 817/2606/670 819/2607/670 820/2608/670
f 814/2609/671 813/2610/671 817/2611/671 818/2612/671
f 819/2613/672 815/2614/672 816/2615/672 820/2616/672
f 817/2617/673 813/2618/673 815/2619/673 819/2620/673
f 816/2621/674 814/2622/674 818/2623/674 820/2624/674
f 823/2625/675 821/2626/675 822/2627/675 824/2628/675
f 826/2629/676 825/2630/676 827/2631/676 828/2632/676
f 822/2633/677 821/2634/677 825/2635/677 826/2636/677
f 827/2637/678 823/2638/678 824/2639/678 828/2640/678
f 825/2641/679 821/2642/679 823/2643/679 827/2644/679
f 824/2645/680 822/2646/680 826/2647/680 828/2648/680
usemtl m_980034eb-2d55-576c-b6c9-096ec077141f
f 830/2649/681 829/2650/681 831/2651/681
f 832/2652/682 833/2653/682 834/2654/682
f 834/2655/683 833/2656/683 829/2657/683 830/2658/683
f 831/2659/684 832/2660/684 834/2661/684 830/2662/684
f 832/2663/685 831/2664/685 829/2665/685 833/2666/685
f 836/2667/686 835/2668/686 837/2669/686
f 838/2670/687 839/2671/687 840/2672/687
f 840/2673/688 839/2674/688 835/2675/688 836/2676/688
f 837/2677/689 838/2678/689 840/2679/689 836/2680/689
f 838/2681/690 837/2682/690 835/2683/690 839/2684/690
f 842/2685/691 841/2686/691 843/2687/691
f 844/2688/692 845/2689/692 846/2690/692
f 846/2691/693 845/2692/693 841/2693/693 842/2694/693
f 843/2695/694 844/2696/694 846/2697/694 842/2698/694
f 844/2699/695 843/2700/695 841/2701/695 845/2702/695
usemtl m_7c6aab4a-f50e-4807-a152-81f7092118e5
f 849/2703/696 848/2704/696 847/2705/696 850/2706/696
f 850/2707/697 847/2708/697 851/2709/697 852/2710/697
f 852/2711/698 851/2712/698 853/2713/698 854/2714/698
f 854/2715/699 853/2716/699 848/2717/699 849/2718/699
usemtl m_dffce1a3-9427-9411-6bc7-a281d292efe4
f 850/2719/700 852/2720/700 854/2721/700 849/2722/700
f 851/2723/701 847/2724/701 848/2725/701 853/2726/701
usemtl m_52c6fc1f-ab7d-6711-6bca-3d39441590b0
f 857/2727/702 855/2728/702 856/2729/702 858/2730/702
f 860/2731/703 859/2732/703 861/2733/703 862/2734/703
f 856/2735/704 855/2736/704 859/2737/704 860/2738/704
f 861/2739/705 857/2740/705 858/2741/705 862/2742/705
f 859/2743/706 855/2744/706 857/2745/706 861/2746/706
f 858/2747/707 856/2748/707 860/2749/707 862/2750/707
f 865/2751/708 863/2752/708 864/2753/708 866/2754/708
f 868/2755/709 867/2756/709 869/2757/709 870/2758/709
f 864/2759/710 863/2760/710 867/2761/710 868/2762/710
f 869/2763/711 865/2764/711 866/2765/711 870/2766/711
f 867/2767/712 863/2768/712 865/2769/712 869/2770/712
f 866/2771/713 864/2772/713 868/2773/713 870/2774/713
f 873/2775/714 871/2776/714 872/2777/714 874/2778/714
f 876/2779/715 875/2780/715 877/2781/715 878/2782/715
f 872/2783/716 871/2784/716 875/2785/716 876/2786/716
f 877/2787/717 873/2788/717 874/2789/717 878/2790/717
f 875/2791/718 871/2792/718 873/2793/718 877/2794/718
f 874/2795/719 872/2796/719 876/2797/719 878/2798/719
usemtl m_980034eb-2d55-576c-b6c9-096ec077141f
f 880/2799/720 879/2800/720 881/2801/720
f 882/2802/721 883/2803/721 884/2804/721
f 884/2805/722 883/2806/722 879/2807/722 880/2808/722
f 881/2809/723 882/2810/723 884/2811/723 880/2812/723
f 882/2813/724 881/2814/724 879/2815/724 883/2816/724
usemtl m_7c6aab4a-f50e-4807-a152-81f7092118e5
f 887/2817/725 886/2818/725 885/2819/725 888/2820/725
f 888/2821/726 885/2822/726 889/2823/726 890/2824/726
f 890/2825/727 889/2826/727 891/2827/727 892/2828/727
f 892/2829/728 891/2830/728 886/2831/728 887/2832/728
usemtl m_dffce1a3-9427-9411-6bc7-a281d292efe4
f 888/2833/729 890/2834/729 892/2835/729 887/2836/729
f 889/2837/730 885/2838/730 886/2839/730 891/2840/730
usemtl m_52c6fc1f-ab7d-6711-6bca-3d39441590b0
f 895/2841/731 893/2842/731 894/2843/731 896/2844/731
f 898/2845/732 897/2846/732 899/2847/732 900/2848/732
f 894/2849/733 893/2850/733 897/2851/733 898/2852/733
f 899/2853/734 895/2854/734 896/2855/734 900/2856/734
f 897/2857/735 893/2858/735 895/2859/735 899/2860/735
f 896/2861/736 894/2862/736 898/2863/736 900/2864/736
f 903/2865/737 901/2866/737 902/2867/737 904/2868/737
f 906/2869/738 905/2870/738 907/2871/738 908/2872/738
f 902/2873/739 901/2874/739 905/2875/739 906/2876/739
f 907/2877/740 903/2878/740 904/2879/740 908/2880/740
f 905/2881/741 901/2882/741 903/2883/741 907/2884/741
f 904/2885/742 902/2886/742 906/2887/742 908/2888/742
f 911/2889/743 909/2890/743 910/2891/743 912/2892/743
f 914/2893/744 913/2894/744 915/2895/744 916/2896/744
f 910/2897/745 909/2898/745 913/2899/745 914/2900/745
f 915/2901/746 911/2902/746 912/2903/746 916/2904/746
f 913/2905/747 909/2906/747 911/2907/747 915/2908/747
f 912/2909/748 910/2910/748 914/2911/748 916/2912/748
usemtl m_980034eb-2d55-576c-b6c9-096ec077141f
f 918/2913/749 917/2914/749 919/2915/749
f 920/2916/750 921/2917/750 922/2918/750
f 922/2919/751 921/2920/751 917/2921/751 918/2922/751
f 919/2923/752 920/2924/752 922/2925/752 918/2926/752
f 920/2927/753 919/2928/753 917/2929/753 921/2930/753
f 924/2931/754 923/2932/754 925/2933/754
f 926/2934/755 927/2935/755 928/2936/755
f 928/2937/756 927/2938/756 923/2939/756 924/2940/756
f 925/2941/757 926/2942/757 928/2943/757 924/2944/757
f 926/2945/758 925/2946/758 923/2947/758 927/2948/758
f 930/2949/759 929/2950/759 931/2951/759
f 932/2952/760 933/2953/760 934/2954/760
f 934/2955/761 933/2956/761 929/2957/761 930/2958/761
f 931/2959/762 932/2960/762 934/2961/762 930/2962/762
f 932/2963/763 931/2964/763 929/2965/763 933/2966/763
usemtl m_7c6aab4a-f50e-4807-a152-81f7092118e5
f 937/2967/764 936/2968/764 935/2969/764 938/2970/764
f 938/2971/765 935/2972/765 939/2973/765 940/2974/765
f 940/2975/766 939/2976/766 941/2977/766 942/2978/766
f 942/2979/767 941/2980/767 936/2981/767 937/2982/767
usemtl m_dffce1a3-9427-9411-6bc7-a281d292efe4
f 938/2983/768 940/2984/768 942/2985/768 937/2986/768
f 939/2987/769 935/2988/769 936/2989/769 941/2990/769
usemtl m_52c6fc1f-ab7d-6711-6bca-3d39441590b0
f 945/2991/770 943/2992/770 944/2993/770 946/2994/770
f 948/2995/771 947/2996/771 949/2997/771 950/2998/771
f 944/2999/772 943/3000/772 947/3001/772 948/3002/772
f 949/3003/773 945/3004/773 946/3005/773 950/3006/773
f 947/3007/774 943/3008/774 945/3009/774 949/3010/774
f 946/3011/775 944/3012/775 948/3013/775 950/3014/775
f 953/3015/776 951/3016/776 952/3017/776 954/3018/776
f 956/3019/777 955/3020/777 957/3021/777 958/3022/777
f 952/3023/778 951/3024/778 955/3025/778 956/3026/778
f 957/3027/779 953/3028/779 954/3029/779 958/3030/779
f 955/3031/780 951/3032/780 953/3033/780 957/3034/780
f 954/3035/781 952/3036/781 956/3037/781 958/3038/781
f 961/3039/782 959/3040/782 960/3041/782 962/3042/782
f 964/3043/783 963/3044/783 965/3045/783 966/3046/783
f 960/3047/784 959/3048/784 963/3049/784 964/3050/784
f 965/3051/785 961/3052/785 962/3053/785 966/3054/785
f 963/3055/786 959/3056/786 961/3057/786 965/3058/786
f 962/3059/787 960/3060/787 964/3061/787 966/3062/787
usemtl m_980034eb-2d55-576c-b6c9-096ec077141f
f 968/3063/788 967/3064/788 969/3065/788
f 970/3066/789 971/3067/789 972/3068/789
f 972/3069/790 971/3070/790 967/3071/790 968/3072/790
f 969/3073/791 970/3074/791 972/3075/791 968/3076/791
f 970/3077/792 969/3078/792 967/3079/792 971/3080/792
usemtl m_7c6aab4a-f50e-4807-a152-81f7092118e5
f 975/3081/793 974/3082/793 973/3083/793 976/3084/793
f 976/3085/794 973/3086/794 977/3087/794 978/3088/794
f 978/3089/795 977/3090/795 979/3091/795 980/3092/795
f 980/3093/796 979/3094/796 974/3095/796 975/3096/796
usemtl m_dffce1a3-9427-9411-6bc7-a281d292efe4
f 976/3097/797 978/3098/797 980/3099/797 975/3100/797
f 977/3101/798 973/3102/798 974/3103/798 979/3104/798
usemtl m_52c6fc1f-ab7d-6711-6bca-3d39441590b0
f 983/3105/799 981/3106/799 982/3107/799 984/3108/799
f 986/3109/800 985/3110/800 987/3111/800 988/3112/800
f 982/3113/801 981/3114/801 985/3115/801 986/3116/801
f 987/3117/802 983/3118/802 984/3119/802 988/3120/802
f 985/3121/803 981/3122/803 983/3123/803 987/3124/803
f 984/3125/804 982/3126/804 986/3127/804 988/3128/804
f 991/3129/805 989/3130/805 990/3131/805 992/3132/805
f 994/3133/806 993/3134/806 995/3135/806 996/3136/806
f 990/3137/807 989/3138/807 993/3139/807 994/3140/807
f 995/3141/808 991/3142/808 992/3143/808 996/3144/808
f 993/3145/809 989/3146/809 991/3147/809 995/3148/809
f 992/3149/810 990/3150/810 994/3151/810 996/3152/810
f 999/3153/811 997/3154/811 998/3155/811 1000/3156/811
f 1002/3157/812 1001/3158/812 1003/3159/812 1004/3160/812
f 998/3161/813 997/3162/813 1001/3163/813 1002/3164/813
f 1003/3165/814 999/3166/814 1000/3167/814 1004/3168/814
f 1001/3169/815 997/3170/815 999/3171/815 1003/3172/815
f 1000/3173/816 998/3174/816 1002/3175/816 1004/3176/816
usemtl m_980034eb-2d55-576c-b6c9-096ec077141f
f 1006/3177/817 1005/3178/817 1007/3179/817
f 1008/3180/818 1009/3181/818 1010/3182/818
f 1010/3183/819 1009/3184/819 1005/3185/819 1006/3186/819
f 1007/3187/820 1008/3188/820 1010/3189/820 1006/3190/820
f 1008/3191/821 1007/3192/821 1005/3193/821 1009/3194/821
f 1012/3195/822 1011/3196/822 1013/3197/822
f 1014/3198/823 1015/3199/823 1016/3200/823
f 1016/3201/824 1015/3202/824 1011/3203/824 1012/3204/824
f 1013/3205/825 1014/3206/825 1016/3207/825 1012/3208/825
f 1014/3209/826 1013/3210/826 1011/3211/826 1015/3212/826
f 1018/3213/827 1017/3214/827 1019/3215/827
f 1020/3216/828 1021/3217/828 1022/3218/828
f 1022/3219/829 1021/3220/829 1017/3221/829 1018/3222/829
f 1019/3223/830 1020/3224/830 1022/3225/830 1018/3226/830
f 1020/3227/831 1019/3228/831 1017/3229/831 1021/3230/831
usemtl m_7c6aab4a-f50e-4807-a152-81f7092118e5
f 1025/3231/832 1024/3232/832 1023/3233/832 1026/3234/832
f 1026/3235/833 1023/3236/833 1027/3237/833 1028/3238/833
f 1028/3239/834 1027/3240/834 1029/3241/834 1030/3242/834
f 1030/3243/835 1029/3244/835 1024/3245/835 1025/3246/835
usemtl m_dffce1a3-9427-9411-6bc7-a281d292efe4
f 1026/3247/836 1028/3248/836 1030/3249/836 1025/3250/836
f 1027/3251/837 1023/3252/837 1024/3253/837 1029/3254/837
usemtl m_52c6fc1f-ab7d-6711-6bca-3d39441590b0
f 1033/3255/838 1031/3256/838 1032/3257/838 1034/3258/838
f 1036/3259/839 1035/3260/839 1037/3261/839 1038/3262/839
f 1032/3263/840 1031/3264/840 1035/3265/840 1036/3266/840
f 1037/3267/841 1033/3268/841 1034/3269/841 1038/3270/841
f 1035/3271/842 1031/3272/842 1033/3273/842 1037/3274/842
f 1034/3275/843 1032/3276/843 1036/3277/843 1038/3278/843
f 1041/3279/844 1039/3280/844 1040/3281/844 1042/3282/844
f 1044/3283/845 1043/3284/845 1045/3285/845 1046/3286/845
f 1040/3287/846 1039/3288/846 1043/3289/846 1044/3290/846
f 1045/3291/847 1041/3292/847 1042/3293/847 1046/3294/847
f 1043/3295/848 1039/3296/848 1041/3297/848 1045/3298/848
f 1042/3299/849 1040/3300/849 1044/3301/849 1046/3302/849
f 1049/3303/850 1047/3304/850 1048/3305/850 1050/3306/850
f 1052/3307/851 1051/3308/851 1053/3309/851 1054/3310/851
f 1048/3311/852 1047/3312/852 1051/3313/852 1052/3314/852
f 1053/3315/853 1049/3316/853 1050/3317/853 1054/3318/853
f 1051/3319/854 1047/3320/854 1049/3321/854 1053/3322/854
f 1050/3323/855 1048/3324/855 1052/3325/855 1054/3326/855
usemtl m_980034eb-2d55-576c-b6c9-096ec077141f
f 1056/3327/856 1055/3328/856 1057/3329/856
f 1058/3330/857 1059/3331/857 1060/3332/857
f 1060/3333/858 1059/3334/858 1055/3335/858 1056/3336/858
f 1057/3337/859 1058/3338/859 1060/3339/859 1056/3340/859
f 1058/3341/860 1057/3342/860 1055/3343/860 1059/3344/860