# Made in Blockbench 4.12.0-beta.3
mtllib item.mtl

o core
v 0.1875000000000001 0.9375000000000002 0.4375
v 0.06250000000000011 0.9375000000000002 0.4375
v 0.06250000000000011 0.9375000000000002 0.5625
v 0.1875000000000001 0.9375000000000002 0.5625
v 0.1874999999999999 0.06250000000000011 0.5625
v 0.06249999999999989 0.06250000000000022 0.5625
v 0.06249999999999989 0.06250000000000022 0.4375
v 0.1874999999999999 0.06250000000000011 0.4375
v -0.06249999999999967 0.875 0.6874999999999998
v 0.06250000000000044 0.875 0.6874999999999998
v 0.06250000000000056 0.875 0.3124999999999998
v -0.062499999999999445 0.875 0.3124999999999998
v -0.062499999999999334 0.125 0.3125
v 0.06250000000000044 0.12500000000000022 0.3125
v 0.06250000000000044 0.12500000000000022 0.6875
v -0.062499999999999556 0.125 0.6875
v 0.06250000000000044 0.875 0.6875
v 0.06250000000000044 0.875 0.3125
v 0.06250000000000022 0.12500000000000022 0.3125
v 0.06250000000000022 0.12500000000000022 0.6875
v 0.31250000000000044 0.875 0.0625
v 0.3125000000000002 0.12500000000000022 0.0625
v 0.13541687500000021 0.12500000000000022 0.6510156249999999
v 0.13541687500000021 0.12500000000000022 0.3489849999999999
v 0.6875000000000007 0.8750000000000002 0.0625
v 0.6875000000000002 0.125 0.0625
v 0.3489850000000003 0.12500000000000022 0.135416875
v 0.9375000000000007 0.8750000000000002 0.3125
v 0.9375000000000002 0.125 0.3125
v 0.6510156250000003 0.125 0.135416875
v 0.9375000000000007 0.8750000000000002 0.6875
v 0.9375000000000002 0.125 0.6875
v 0.8645831250000002 0.125 0.3489849999999999
v 0.6875000000000007 0.8750000000000002 0.9375
v 0.6875000000000002 0.125 0.9375
v 0.8645831250000002 0.125 0.6510156249999999
v 0.31250000000000044 0.875 0.9375
v 0.3125000000000002 0.12500000000000022 0.9375
v 0.6510150000000003 0.125 0.864583125
v 0.34898437500000035 0.12500000000000022 0.864583125
v 0.5 0.125 0.5
v 0.5000000000000002 0.8750000000000002 0.5
v 0.13541687500000044 0.875 0.3489843750000001
v 0.13541687500000044 0.875 0.6510150000000001
v 0.34898500000000043 0.875 0.864583125
v 0.6510156250000005 0.8750000000000002 0.864583125
v 0.8645831250000005 0.8750000000000002 0.6510150000000001
v 0.8645831250000005 0.8750000000000002 0.3489843750000001
v 0.6510156250000005 0.8750000000000002 0.135416875
v 0.34898500000000043 0.875 0.135416875
v 0.31250000000000044 0.875 -0.0625
v 0.31250000000000044 0.875 0.0625
v 0.6875000000000007 0.8750000000000002 0.0625
v 0.6875000000000007 0.8750000000000002 -0.0625
v 0.6875000000000002 0.125 -0.0625
v 0.6875000000000002 0.125 0.0625
v 0.31250000000000044 0.12500000000000022 0.0625
v 0.31250000000000044 0.12500000000000022 -0.0625
v 0.5625 0.9375000000000002 0.0625
v 0.43750000000000017 0.9374999999999998 0.0625
v 0.43750000000000017 0.9374999999999998 0.1875
v 0.5625 0.9375000000000002 0.1875
v 0.5625 0.06250000000000011 0.1875
v 0.4375 0.06250000000000011 0.1875
v 0.4375 0.06250000000000011 0.0625
v 0.5625 0.06250000000000011 0.0625
v 0.75 0.9375000000000002 0.25
v 0.25000000000000056 0.9375 0.25
v 0.25000000000000056 0.9375 0.75
v 0.75 0.9375000000000002 0.75
v 0.75 0.0625 0.75
v 0.25000000000000033 0.06250000000000011 0.75
v 0.25000000000000033 0.06250000000000011 0.25
v 0.75 0.0625 0.25
v 0.9375 0.9375000000000002 0.4375
v 0.8125 0.9375000000000002 0.4375
v 0.8125 0.9375000000000002 0.5625
v 0.9375 0.9375000000000002 0.5625
v 0.9375 0.0625 0.5625
v 0.8125 0.0625 0.5625
v 0.8125 0.0625 0.4375
v 0.9375 0.0625 0.4375
v 1.0625000000000007 0.8750000000000002 0.3125000000000009
v 0.9375000000000007 0.8750000000000002 0.31250000000000067
v 0.9375000000000002 0.8750000000000002 0.6875000000000007
v 1.0625000000000002 0.8750000000000002 0.6875000000000009
v 1.0625000000000002 0.12500000000000022 0.6875000000000007
v 0.9375000000000002 0.125 0.6875000000000004
v 0.9375000000000007 0.125 0.31250000000000044
v 1.0625000000000007 0.12500000000000022 0.31250000000000067
v 0.5625 0.9375000000000002 0.8125
v 0.43750000000000017 0.9374999999999998 0.8125
v 0.43750000000000017 0.9374999999999998 0.9375
v 0.5625 0.9375000000000002 0.9375
v 0.5625 0.06250000000000011 0.9375
v 0.4375 0.06250000000000011 0.9375
v 0.4375 0.06250000000000011 0.8125
v 0.5625 0.06250000000000011 0.8125
v 0.6874999999999998 0.8750000000000002 1.0625000000000002
v 0.6875000000000002 0.8750000000000002 0.9375000000000002
v 0.3125 0.875 0.9374999999999998
v 0.3124999999999999 0.875 1.0624999999999998
v 0.3125 0.12500000000000022 1.0624999999999998
v 0.3125000000000002 0.12500000000000022 0.9374999999999998
v 0.6875000000000002 0.125 0.9375000000000002
v 0.6875 0.125 1.0625000000000002
vt 0.8125 0.375
vt 0.8125 0.4375
vt 0.75 0.4375
vt 0.75 0.375
vt 0.75 0.375
vt 0.75 0.4375
vt 0.8125 0.4375
vt 0.8125 0.375
vt 0.8125 0.4375
vt 0.8125 0.375
vt 0.75 0.375
vt 0.75 0.4375
vt 0.8125 0.375
vt 0.8125 0.4375
vt 0.75 0.4375
vt 0.75 0.375
vt 0.8125 0.375
vt 0.8125 0.4375
vt 0.75 0.4375
vt 0.75 0.375
vt 0.8125 0.375
vt 0.8125 0.4375
vt 0.75 0.4375
vt 0.75 0.375
vt 0.8125 0.46875
vt 0.8125 0.40625
vt 1 0.40625
vt 1 0.46875
vt 0.8125 0.46875
vt 0.8125 0.40625
vt 1 0.40625
vt 1 0.46875
vt 0.5625 0
vt 0.625 0
vt 0.625 0.375
vt 0.5625 0.375
vt 0.5625 0
vt 0.625 0
vt 0.625 0.375
vt 0.5625 0.375
vt 0.5625 0
vt 0.625 0
vt 0.625 0.375
vt 0.5625 0.375
vt 0.5625 0
vt 0.625 0
vt 0.625 0.375
vt 0.5625 0.375
vt 0.5625 0
vt 0.625 0
vt 0.625 0.375
vt 0.5625 0.375
vt 0.5625 0
vt 0.625 0
vt 0.625 0.375
vt 0.5625 0.375
vt 0.981759375 0.375
vt 1 0.40625
vt 0.8125 0.40625
vt 0.83074375 0.375
vt 0.5625 0
vt 0.625 0
vt 0.625 0.375
vt 0.5625 0.375
vt 0.981759375 0.4375
vt 1 0.46875
vt 0.8125 0.46875
vt 0.83074375 0.4375
vt 0.5625 0
vt 0.625 0
vt 0.625 0.375
vt 0.5625 0.375
vt 0.981759375 0.375
vt 1 0.40625
vt 0.8125 0.40625
vt 0.83074375 0.375
vt 0.5625 0
vt 0.625 0
vt 0.625 0.375
vt 0.5625 0.375
vt 0.981759375 0.4375
vt 1 0.46875
vt 0.8125 0.46875
vt 0.83074375 0.4375
vt 0.5625 0
vt 0.625 0
vt 0.625 0.375
vt 0.5625 0.375
vt 0.981759375 0.375
vt 1 0.40625
vt 0.8125 0.40625
vt 0.83074375 0.375
vt 0.5625 0
vt 0.625 0
vt 0.625 0.375
vt 0.5625 0.375
vt 0.981759375 0.4375
vt 1 0.46875
vt 0.8125 0.46875
vt 0.83074375 0.4375
vt 0.5625 0
vt 0.625 0
vt 0.625 0.375
vt 0.5625 0.375
vt 0.981759375 0.375
vt 1 0.40625
vt 0.8125 0.40625
vt 0.83074375 0.375
vt 0.981759375 0.4375
vt 1 0.46875
vt 0.8125 0.46875
vt 0.83074375 0.4375
vt 0.8125 0.1875
vt 1 0.26249999999999996
vt 0.8875 0.375
vt 0.8125 0.1875
vt 1 0.11250000000000004
vt 1 0.26249999999999996
vt 0.8125 0.1875
vt 0.8875 0
vt 1 0.11250000000000004
vt 0.8125 0.1875
vt 0.7375 0
vt 0.8875 0
vt 0.8125 0.1875
vt 0.8875 0.375
vt 0.7375 0.375
vt 0.8125 0.1875
vt 0.7375 0.375
vt 0.625 0.26249999999999996
vt 0.8125 0.1875
vt 0.625 0.26249999999999996
vt 0.625 0.11250000000000004
vt 0.8125 0.1875
vt 0.625 0.11250000000000004
vt 0.7375 0
vt 0.8125 0.1875
vt 0.7375 0
vt 0.8875 0
vt 0.8125 0.1875
vt 0.625 0.11250000000000004
vt 0.7375 0
vt 0.8125 0.1875
vt 0.8875 0
vt 1 0.11250000000000004
vt 0.8125 0.1875
vt 1 0.11250000000000004
vt 1 0.26249999999999996
vt 0.8125 0.1875
vt 0.625 0.26249999999999996
vt 0.625 0.11250000000000004
vt 0.981759375 0.4375
vt 1 0.46875
vt 0.8125 0.46875
vt 0.83074375 0.4375
vt 0.8125 0.1875
vt 1 0.26249999999999996
vt 0.8875 0.375
vt 0.981759375 0.375
vt 1 0.40625
vt 0.8125 0.40625
vt 0.83074375 0.375
vt 0.981759375 0.4375
vt 1 0.46875
vt 0.8125 0.46875
vt 0.83074375 0.4375
vt 0.8125 0.1875
vt 0.7375 0.375
vt 0.625 0.26249999999999996
vt 0.981759375 0.4375
vt 1 0.46875
vt 0.8125 0.46875
vt 0.83074375 0.4375
vt 0.981759375 0.375
vt 1 0.40625
vt 0.8125 0.40625
vt 0.83074375 0.375
vt 0.981759375 0.375
vt 1 0.40625
vt 0.8125 0.40625
vt 0.83074375 0.375
vt 0.981759375 0.4375
vt 1 0.46875
vt 0.8125 0.46875
vt 0.83074375 0.4375
vt 0.8125 0.1875
vt 0.8875 0.375
vt 0.7375 0.375
vt 0.981759375 0.375
vt 1 0.40625
vt 0.8125 0.40625
vt 0.83074375 0.375
vt 0.8125 0.46875
vt 0.8125 0.40625
vt 1 0.40625
vt 1 0.46875
vt 0.8125 0.46875
vt 0.8125 0.40625
vt 1 0.40625
vt 1 0.46875
vt 0.5625 0
vt 0.625 0
vt 0.625 0.375
vt 0.5625 0.375
vt 0.5625 0
vt 0.625 0
vt 0.625 0.375
vt 0.5625 0.375
vt 0.5625 0
vt 0.625 0
vt 0.625 0.375
vt 0.5625 0.375
vt 0.5625 0
vt 0.625 0
vt 0.625 0.375
vt 0.5625 0.375
vt 0.8125 0.375
vt 0.8125 0.4375
vt 0.75 0.4375
vt 0.75 0.375
vt 0.75 0.375
vt 0.75 0.4375
vt 0.8125 0.4375
vt 0.8125 0.375
vt 0.8125 0.4375
vt 0.8125 0.375
vt 0.75 0.375
vt 0.75 0.4375
vt 0.8125 0.375
vt 0.8125 0.4375
vt 0.75 0.4375
vt 0.75 0.375
vt 0.8125 0.375
vt 0.8125 0.4375
vt 0.75 0.4375
vt 0.75 0.375
vt 0.8125 0.375
vt 0.8125 0.4375
vt 0.75 0.4375
vt 0.75 0.375
vt 0.9375 0.0625
vt 0.9375 0.3125
vt 0.6875 0.3125
vt 0.6875 0.0625
vt 0.9375 0.0625
vt 0.9375 0.3125
vt 0.6875 0.3125
vt 0.6875 0.0625
vt 0.5625 0.34375
vt 0.625 0.34375
vt 0.625 0.375
vt 0.5625 0.375
vt 0.5625 0.34375
vt 0.625 0.34375
vt 0.625 0.375
vt 0.5625 0.375
vt 0.5625 0.34375
vt 0.625 0.34375
vt 0.625 0.375
vt 0.5625 0.375
vt 0.5625 0.34375
vt 0.625 0.34375
vt 0.625 0.375
vt 0.5625 0.375
vt 0.8125 0.375
vt 0.8125 0.4375
vt 0.75 0.4375
vt 0.75 0.375
vt 0.75 0.375
vt 0.75 0.4375
vt 0.8125 0.4375
vt 0.8125 0.375
vt 0.8125 0.4375
vt 0.8125 0.375
vt 0.75 0.375
vt 0.75 0.4375
vt 0.8125 0.375
vt 0.8125 0.4375
vt 0.75 0.4375
vt 0.75 0.375
vt 0.8125 0.375
vt 0.8125 0.4375
vt 0.75 0.4375
vt 0.75 0.375
vt 0.8125 0.375
vt 0.8125 0.4375
vt 0.75 0.4375
vt 0.75 0.375
vt 0.8125 0.46875
vt 0.8125 0.40625
vt 1 0.40625
vt 1 0.46875
vt 0.8125 0.46875
vt 0.8125 0.40625
vt 1 0.40625
vt 1 0.46875
vt 0.5625 0
vt 0.625 0
vt 0.625 0.375
vt 0.5625 0.375
vt 0.5625 0
vt 0.625 0
vt 0.625 0.375
vt 0.5625 0.375
vt 0.5625 0
vt 0.625 0
vt 0.625 0.375
vt 0.5625 0.375
vt 0.5625 0
vt 0.625 0
vt 0.625 0.375
vt 0.5625 0.375
vt 0.8125 0.375
vt 0.8125 0.4375
vt 0.75 0.4375
vt 0.75 0.375
vt 0.75 0.375
vt 0.75 0.4375
vt 0.8125 0.4375
vt 0.8125 0.375
vt 0.8125 0.4375
vt 0.8125 0.375
vt 0.75 0.375
vt 0.75 0.4375
vt 0.8125 0.375
vt 0.8125 0.4375
vt 0.75 0.4375
vt 0.75 0.375
vt 0.8125 0.375
vt 0.8125 0.4375
vt 0.75 0.4375
vt 0.75 0.375
vt 0.8125 0.375
vt 0.8125 0.4375
vt 0.75 0.4375
vt 0.75 0.375
vt 0.8125 0.46875
vt 0.8125 0.40625
vt 1 0.40625
vt 1 0.46875
vt 0.8125 0.46875
vt 0.8125 0.40625
vt 1 0.40625
vt 1 0.46875
vt 0.5625 0
vt 0.625 0
vt 0.625 0.375
vt 0.5625 0.375
vt 0.5625 0
vt 0.625 0
vt 0.625 0.375
vt 0.5625 0.375
vt 0.5625 0
vt 0.625 0
vt 0.625 0.375
vt 0.5625 0.375
vt 0.5625 0
vt 0.625 0
vt 0.625 0.375
vt 0.5625 0.375
vn 0 1 0
vn -8.881784197001252e-16 -1 0
vn -1 2.5376526277146434e-16 0
vn 1 -2.5376526277146434e-16 0
vn 0 0 1
vn 0 0 -1
vn 0 1 0
vn 1.7763568394002536e-15 -1 0
vn 1 8.765121169122357e-32 2.960594732333751e-16
vn -1 -1.480297366166877e-16 -5.921189464667501e-16
vn 0 -2.9605947323337516e-16 -1
vn -5.2590727014734135e-31 2.9605947323337516e-16 1
vn -1 2.960594732333752e-16 0
vn -0.7071067811865476 2.0934566115783675e-16 -0.7071067811865476
vn 0 -1 0
vn 0 0 -1
vn 0 -1 0
vn 0.7071067811865476 -4.186913223156733e-16 -0.7071067811865476
vn -5.921189464667501e-16 -1 2.9627517309044635e-16
vn 1 -5.921189464667499e-16 0
vn 0 -1 0
vn 0.7071067811865476 -4.186913223156733e-16 0.7071067811865476
vn 0 -1 0
vn 0 0 1
vn 0 -1 0
vn -0.7071067811865476 2.0934566115783675e-16 0.7071067811865476
vn -5.921189464667501e-16 -1 2.9627517309044457e-16
vn 0 -1 0
vn -4.306538852645229e-16 -1 4.306538852645229e-16
vn -7.351724843301281e-16 -1 3.0451785918811945e-16
vn 0 -1 0
vn 0 -1 0
vn -6.090369786726456e-16 1 0
vn -4.30654407296441e-16 1 4.306544072964412e-16
vn -7.351724843301278e-16 1 3.0451911948452686e-16
vn 0 -1 0
vn 0 1 0
vn 0 1 0
vn 0 1 0
vn -7.351724843301278e-16 1 -3.0451911948452686e-16
vn -7.351724843301281e-16 -1 -3.04519119484527e-16
vn 0 1 0
vn -4.306535161315169e-16 1 -4.3065477642836696e-16
vn -5.921189464667498e-16 1 -2.9627009779969177e-16
vn 0 1 0
vn -4.3065440729644095e-16 -1 -4.306544072964414e-16
vn 0 1 0
vn 0 1 0
vn -5.921189464667498e-16 1 -2.9627517309044527e-16
vn 0 1 0
vn -6.090369786726456e-16 -1 0
vn 0 1 0
vn -5.921189464667498e-16 1 0
vn -5.921189464667505e-16 -1 0
vn 0 0 1
vn 0 0 -1
vn 1 -5.9211894646675e-16 0
vn -1 0 0
vn -3.552713678800506e-15 1 0
vn 0 -1 0
vn -1 1.9032394707859833e-16 0
vn 1 0 0
vn 0 0 1
vn 0 0 -1
vn -4.440892098500631e-16 1 0
vn -2.2204460492503146e-16 -1 0
vn -1 2.537652627714644e-16 0
vn 1 0 0
vn 0 0 1
vn 0 0 -1
vn 0 1 0
vn 0 -1 0
vn -1 0 0
vn 1 0 0
vn 0 0 1
vn 0 0 -1
vn 0 1 0
vn 1.7763568394002505e-15 -1 2.1036290805893647e-30
vn -1 3.50604846764894e-31 -1.1842378929335002e-15
vn 1 -3.506048467648941e-31 1.1842378929335002e-15
vn -1.7763568394002505e-15 -2.96059473233375e-16 1
vn 1.7763568394002499e-15 2.96059473233375e-16 -1
vn -3.552713678800506e-15 1 0
vn 0 -1 0
vn -1 1.9032394707859833e-16 0
vn 1 0 0
vn 0 0 1
vn 0 0 -1
vn -5.921189464667498e-16 1 -2.1036290805893636e-30
vn -5.921189464667501e-16 -1 -1.0518145402946823e-30
vn 1.1842378929334995e-15 0 -1
vn -1.1842378929335006e-15 -1.7530242338244717e-31 1
vn -1 -2.9605947323337516e-16 -8.881784197001252e-16
vn 1 0 1.7763568394002505e-15
usemtl m_3c1d3992-7f85-f4ea-98ed-9db38b3ad20c
f 1/1/1 2/2/1 3/3/1 4/4/1
f 5/5/2 6/6/2 7/7/2 8/8/2
f 3/9/3 2/10/3 7/11/3 6/12/3
f 1/13/4 4/14/4 5/15/4 8/16/4
f 4/17/5 3/18/5 6/19/5 5/20/5
f 8/21/6 7/22/6 2/23/6 1/24/6
f 9/25/7 10/26/7 11/27/7 12/28/7
f 13/29/8 14/30/8 15/31/8 16/32/8
f 11/33/9 10/34/9 15/35/9 14/36/9
f 9/37/10 12/38/10 13/39/10 16/40/10
f 12/41/11 11/42/11 14/43/11 13/44/11
f 16/45/12 15/46/12 10/47/12 9/48/12
f 17/49/13 18/50/13 19/51/13 20/52/13
f 18/53/14 21/54/14 22/55/14 19/56/14
f 23/57/15 20/58/15 19/59/15 24/60/15
f 21/61/16 25/62/16 26/63/16 22/64/16
f 24/65/17 19/66/17 22/67/17 27/68/17
f 25/69/18 28/70/18 29/71/18 26/72/18
f 27/73/19 22/74/19 26/75/19 30/76/19
f 28/77/20 31/78/20 32/79/20 29/80/20
f 30/81/21 26/82/21 29/83/21 33/84/21
f 31/85/22 34/86/22 35/87/22 32/88/22
f 33/89/23 29/90/23 32/91/23 36/92/23
f 34/93/24 37/94/24 38/95/24 35/96/24
f 36/97/25 32/98/25 35/99/25 39/100/25
f 37/101/26 17/102/26 20/103/26 38/104/26
f 39/105/27 35/106/27 38/107/27 40/108/27
f 40/109/28 38/110/28 20/111/28 23/112/28
f 41/113/29 40/114/29 23/115/29
f 41/116/30 39/117/30 40/118/30
f 41/119/31 36/120/31 39/121/31
f 41/122/32 33/123/32 36/124/32
f 42/125/33 43/126/33 44/127/33
f 42/128/34 44/129/34 45/130/34
f 42/131/35 45/132/35 46/133/35
f 41/134/36 30/135/36 33/136/36
f 42/137/37 47/138/37 48/139/37
f 42/140/38 46/141/38 47/142/38
f 42/143/39 48/144/39 49/145/39
f 42/146/40 49/147/40 50/148/40
f 41/149/41 27/150/41 30/151/41
f 50/152/42 21/153/42 18/154/42 43/155/42
f 42/156/43 50/157/43 43/158/43
f 49/159/44 25/160/44 21/161/44 50/162/44
f 48/163/45 28/164/45 25/165/45 49/166/45
f 41/167/46 24/168/46 27/169/46
f 46/170/47 34/171/47 31/172/47 47/173/47
f 47/174/48 31/175/48 28/176/48 48/177/48
f 45/178/49 37/179/49 34/180/49 46/181/49
f 44/182/50 17/183/50 37/184/50 45/185/50
f 41/186/51 23/187/51 24/188/51
f 43/189/52 18/190/52 17/191/52 44/192/52
f 51/193/53 52/194/53 53/195/53 54/196/53
f 55/197/54 56/198/54 57/199/54 58/200/54
f 53/201/55 52/202/55 57/203/55 56/204/55
f 51/205/56 54/206/56 55/207/56 58/208/56
f 54/209/57 53/210/57 56/211/57 55/212/57
f 58/213/58 57/214/58 52/215/58 51/216/58
f 59/217/59 60/218/59 61/219/59 62/220/59
f 63/221/60 64/222/60 65/223/60 66/224/60
f 61/225/61 60/226/61 65/227/61 64/228/61
f 59/229/62 62/230/62 63/231/62 66/232/62
f 62/233/63 61/234/63 64/235/63 63/236/63
f 66/237/64 65/238/64 60/239/64 59/240/64
f 67/241/65 68/242/65 69/243/65 70/244/65
f 71/245/66 72/246/66 73/247/66 74/248/66
f 69/249/67 68/250/67 73/251/67 72/252/67
f 67/253/68 70/254/68 71/255/68 74/256/68
f 70/257/69 69/258/69 72/259/69 71/260/69
f 74/261/70 73/262/70 68/263/70 67/264/70
f 75/265/71 76/266/71 77/267/71 78/268/71
f 79/269/72 80/270/72 81/271/72 82/272/72
f 77/273/73 76/274/73 81/275/73 80/276/73
f 75/277/74 78/278/74 79/279/74 82/280/74
f 78/281/75 77/282/75 80/283/75 79/284/75
f 82/285/76 81/286/76 76/287/76 75/288/76
f 83/289/77 84/290/77 85/291/77 86/292/77
f 87/293/78 88/294/78 89/295/78 90/296/78
f 85/297/79 84/298/79 89/299/79 88/300/79
f 83/301/80 86/302/80 87/303/80 90/304/80
f 86/305/81 85/306/81 88/307/81 87/308/81
f 90/309/82 89/310/82 84/311/82 83/312/82
f 91/313/83 92/314/83 93/315/83 94/316/83
f 95/317/84 96/318/84 97/319/84 98/320/84
f 93/321/85 92/322/85 97/323/85 96/324/85
f 91/325/86 94/326/86 95/327/86 98/328/86
f 94/329/87 93/330/87 96/331/87 95/332/87
f 98/333/88 97/334/88 92/335/88 91/336/88
f 99/337/89 100/338/89 101/339/89 102/340/89
f 103/341/90 104/342/90 105/343/90 106/344/90
f 101/345/91 100/346/91 105/347/91 104/348/91
f 99/349/92 102/350/92 103/351/92 106/352/92
f 102/353/93 101/354/93 104/355/93 103/356/93
f 106/357/94 105/358/94 100/359/94 99/360/94
o spokes
v -0.18749999999999978 0.75 0.7847718241315029
v 0.21522817586849735 0.75 1.1875
v 0.5000000000000002 0.75 0.5
v -0.18749999999999978 0.25 0.7847718241315029
v 0.21522817586849735 0.25 1.1875
v 0.5000000000000002 0.25 0.5
v -0.18749999999999978 0.75 0.21522817586849718
v -0.18749999999999978 0.25 0.21522817586849718
v 0.2152281758684973 0.75 -0.1875
v 0.2152281758684973 0.25 -0.1875
v 0.784771824131503 0.75 -0.1875000000000001
v 0.784771824131503 0.25 -0.1875000000000001
v 1.1875000000000002 0.75 0.21522817586849674
v 1.1875000000000002 0.25 0.21522817586849674
v 1.1875000000000002 0.75 0.784771824131503
v 1.1875000000000002 0.25 0.784771824131503
v 0.7847718241315036 0.75 1.1875
v 0.7847718241315036 0.25 1.1875
vt 0.953125 0.9375
vt 0.671875 0.9375
vt 0.8125 0.59375
vt 0.671875 0.90625
vt 0.953125 0.90625
vt 0.953125 0.9375
vt 0.671875 0.9375
vt 0.953125 0.9375
vt 0.671875 0.9375
vt 0.8125 0.59375
vt 0.953125 0.9375
vt 0.671875 0.9375
vt 0.8125 0.59375
vt 0.671875 0.90625
vt 0.953125 0.90625
vt 0.953125 0.9375
vt 0.671875 0.9375
vt 0.953125 0.9375
vt 0.671875 0.9375
vt 0.8125 0.59375
vt 0.953125 0.9375
vt 0.671875 0.9375
vt 0.8125 0.59375
vt 0.671875 0.90625
vt 0.953125 0.90625
vt 0.953125 0.9375
vt 0.671875 0.9375
vt 0.953125 0.9375
vt 0.671875 0.9375
vt 0.8125 0.59375
vt 0.953125 0.9375
vt 0.671875 0.9375
vt 0.8125 0.59375
vt 0.671875 0.90625
vt 0.953125 0.90625
vt 0.953125 0.9375
vt 0.671875 0.9375
vt 0.953125 0.9375
vt 0.671875 0.9375
vt 0.8125 0.59375
vt 0.953125 0.9375
vt 0.671875 0.9375
vt 0.8125 0.59375
vt 0.671875 0.90625
vt 0.953125 0.90625
vt 0.953125 0.9375
vt 0.671875 0.9375
vt 0.953125 0.9375
vt 0.671875 0.9375
vt 0.8125 0.59375
vt 0.953125 0.9375
vt 0.671875 0.9375
vt 0.8125 0.59375
vt 0.671875 0.90625
vt 0.953125 0.90625
vt 0.953125 0.9375
vt 0.671875 0.9375
vt 0.953125 0.9375
vt 0.671875 0.9375
vt 0.8125 0.59375
vt 0.953125 0.9375
vt 0.671875 0.9375
vt 0.8125 0.59375
vt 0.671875 0.90625
vt 0.953125 0.90625
vt 0.953125 0.9375
vt 0.671875 0.9375
vt 0.953125 0.9375
vt 0.671875 0.9375
vt 0.8125 0.59375
vt 0.953125 0.9375
vt 0.671875 0.9375
vt 0.8125 0.59375
vt 0.671875 0.90625
vt 0.953125 0.90625
vt 0.953125 0.9375
vt 0.671875 0.9375
vt 0.953125 0.9375
vt 0.671875 0.9375
vt 0.8125 0.59375
vn 0 1 0
vn -0.7071067811865475 0 0.7071067811865476
vn 0 -1 0
vn 0 1 0
vn -1 0 0
vn 0 -1 0
vn 0 1 0
vn -0.7071067811865476 0 -0.7071067811865475
vn 0 -1 0
vn 0 1 0
vn -1.9493203514974047e-16 0 -1
vn 0 -1 0
vn 0 1 0
vn 0.7071067811865472 0 -0.7071067811865478
vn 0 -1 0
vn 0 1 0
vn 1 0 0
vn 0 -1 0
vn 0 1 0
vn 0.7071067811865478 0 0.7071067811865472
vn 0 -1 0
vn 0 1 0
vn 0 0 1
vn 0 -1 0
usemtl m_3c1d3992-7f85-f4ea-98ed-9db38b3ad20c
f 107/361/95 108/362/95 109/363/95
f 108/364/96 107/365/96 110/366/96 111/367/96
f 111/368/97 110/369/97 112/370/97
f 113/371/98 107/372/98 109/373/98
f 107/374/99 113/375/99 114/376/99 110/377/99
f 110/378/100 114/379/100 112/380/100
f 115/381/101 113/382/101 109/383/101
f 113/384/102 115/385/102 116/386/102 114/387/102
f 114/388/103 116/389/103 112/390/103
f 117/391/104 115/392/104 109/393/104
f 115/394/105 117/395/105 118/396/105 116/397/105
f 116/398/106 118/399/106 112/400/106
f 119/401/107 117/402/107 109/403/107
f 117/404/108 119/405/108 120/406/108 118/407/108
f 118/408/109 120/409/109 112/410/109
f 121/411/110 119/412/110 109/413/110
f 119/414/111 121/415/111 122/416/111 120/417/111
f 120/418/112 122/419/112 112/420/112
f 123/421/113 121/422/113 109/423/113
f 121/424/114 123/425/114 124/426/114 122/427/114
f 122/428/115 124/429/115 112/430/115
f 108/431/116 123/432/116 109/433/116
f 123/434/117 108/435/117 111/436/117 124/437/117
f 124/438/118 111/439/118 112/440/118
o rim
v 0.15625000000000033 0.8749997818384466 1.312497291157821
v -0.3125 0.8749999999999998 0.84375
v -0.3125 0.1250000000000004 0.84375
v 0.15625000000000033 0.12499978156683417 1.3125
v 0.21875000000000022 0.1250002181615536 1.1875
v -0.1875 0.12500000000000006 0.78125
v -0.1875 0.8749999999999998 0.78125
v 0.21875000000000022 0.8750002184331658 1.1875
v -0.3125 0.8749999999999998 0.15625
v -0.3125 0.12500000000000006 0.15625
v -0.1875 0.12500000000000006 0.21875
v -0.1875 0.8749999999999998 0.21875
v 0.1562499999999999 0.8749997818384466 -0.31249729115782143
v 0.1562499999999999 0.12499978156683417 -0.31249999999999944
v 0.21875 0.1250002181615536 -0.1875
v 0.21875 0.875000218433166 -0.1875
v 0.8437499999999999 0.8749997818384466 -0.31249729115782166
v 0.8437499999999998 0.12499978156683417 -0.3124999999999999
v 0.7812499999999999 0.1250002181615536 -0.1875
v 0.78125 0.875000218433166 -0.1875
v 1.3125 0.8749999999999998 0.15624999999999978
v 1.3125 0.12500000000000006 0.15624999999999978
v 1.1875 0.12500000000000006 0.21874999999999978
v 1.1875 0.8750000000000002 0.21874999999999978
v 1.3125 0.8749999999999998 0.8437499999999998
v 1.3125 0.12500000000000006 0.8437499999999998
v 1.1875 0.12500000000000006 0.7812499999999998
v 1.1875 0.8749999999999998 0.7812499999999998
v 0.8437500000000003 0.8749997818384466 1.312497291157821
v 0.8437500000000003 0.12499978156683417 1.3125
v 0.7812500000000002 0.1250002181615536 1.1875
v 0.7812500000000002 0.8750002184331658 1.1875
vt 0.625 0
vt 0.5625 0
vt 0.5625 0.375
vt 0.625 0.375
vt 0.625 0.375
vt 0.5625 0.375
vt 0.5625 0
vt 0.625 0
vt 0.6661273183925804 0.9375
vt 0.9588726816074182 0.9375
vt 0.9843749999999993 1
vt 0.6406249999999993 1
vt 0.984375 1
vt 0.640625 1
vt 0.6661279202570197 0.9375
vt 0.9588720797429803 0.9375
vt 0.625 0
vt 0.5625 0
vt 0.5625 0.375
vt 0.625 0.375
vt 0.625 0.375
vt 0.5625 0.375
vt 0.5625 0
vt 0.625 0
vt 0.6661273183925804 0.9375
vt 0.9588726816074182 0.9375
vt 0.9843749999999993 1
vt 0.6406249999999993 1
vt 0.984375 1
vt 0.640625 1
vt 0.6661279202570197 0.9375
vt 0.9588720797429803 0.9375
vt 0.625 0
vt 0.5625 0
vt 0.5625 0.375
vt 0.625 0.375
vt 0.625 0.375
vt 0.5625 0.375
vt 0.5625 0
vt 0.625 0
vt 0.6661273183925804 0.9375
vt 0.9588726816074182 0.9375
vt 0.9843749999999993 1
vt 0.6406249999999993 1
vt 0.984375 1
vt 0.640625 1
vt 0.6661279202570197 0.9375
vt 0.9588720797429803 0.9375
vt 0.625 0
vt 0.5625 0
vt 0.5625 0.375
vt 0.625 0.375
vt 0.625 0.375
vt 0.5625 0.375
vt 0.5625 0
vt 0.625 0
vt 0.6661273183925804 0.9375
vt 0.9588726816074182 0.9375
vt 0.9843749999999993 1
vt 0.6406249999999993 1
vt 0.984375 1
vt 0.640625 1
vt 0.6661279202570197 0.9375
vt 0.9588720797429803 0.9375
vt 0.625 0
vt 0.5625 0
vt 0.5625 0.375
vt 0.625 0.375
vt 0.625 0.375
vt 0.5625 0.375
vt 0.5625 0
vt 0.625 0
vt 0.6661273183925804 0.9375
vt 0.9588726816074182 0.9375
vt 0.9843749999999993 1
vt 0.6406249999999993 1
vt 0.984375 1
vt 0.640625 1
vt 0.6661279202570197 0.9375
vt 0.9588720797429803 0.9375
vt 0.625 0
vt 0.5625 0
vt 0.5625 0.375
vt 0.625 0.375
vt 0.625 0.375
vt 0.5625 0.375
vt 0.5625 0
vt 0.625 0
vt 0.6661273183925804 0.9375
vt 0.9588726816074182 0.9375
vt 0.9843749999999993 1
vt 0.6406249999999993 1
vt 0.984375 1
vt 0.640625 1
vt 0.6661279202570197 0.9375
vt 0.9588720797429803 0.9375
vt 0.625 0
vt 0.5625 0
vt 0.5625 0.375
vt 0.625 0.375
vt 0.625 0.375
vt 0.5625 0.375
vt 0.5625 0
vt 0.625 0
vt 0.6661273183925804 0.9375
vt 0.9588726816074182 0.9375
vt 0.9843749999999993 1
vt 0.6406249999999993 1
vt 0.984375 1
vt 0.640625 1
vt 0.6661279202570197 0.9375
vt 0.9588720797429803 0.9375
vt 0.625 0
vt 0.5625 0
vt 0.5625 0.375
vt 0.625 0.375
vt 0.625 0.375
vt 0.5625 0.375
vt 0.5625 0
vt 0.625 0
vt 0.6661273183925804 0.9375
vt 0.9588726816074182 0.9375
vt 0.9843749999999993 1
vt 0.6406249999999993 1
vt 0.984375 1
vt 0.640625 1
vt 0.6661279202570197 0.9375
vt 0.9588720797429803 0.9375
vn -0.7071047380409731 0 0.7071088243262185
vn 0.7071067811865474 0 -0.7071067811865478
vn -1.7922721312765191e-7 0.9999999999999198 -3.5845442625530383e-7
vn -1.5533025331155663e-7 -0.9999999999999397 -3.1066050129404274e-7
vn -1 0 0
vn 1 0 0
vn 0 1 0
vn -2.4223047810003414e-16 -1 4.844609562000683e-16
vn -0.7071047380380734 0.0000025539282761009823 -0.707108824324506
vn 0.7071067811865476 0 0.7071067811865476
vn -0.0000026869906480240683 0.9999999999940804 -0.0000021493090080976807
vn 0.0000020178446677018273 -0.9999999999948795 0.000002483835421594528
vn -3.2297397079793894e-16 0.0000036117895696470625 -0.9999999999934777
vn 0 0 1
vn 0 0.9999999999939001 -0.0000034928334472744325
vn 2.2561396826355246e-21 -0.9999999999939003 0.0000034927577554420153
vn 0.7071047380409736 0 -0.7071088243262179
vn -0.7071067811865474 0 0.7071067811865478
vn 1.792272153139373e-7 0.9999999999999198 3.5845442352244726e-7
vn 1.5533025129835225e-7 -0.9999999999999397 3.106605025967045e-7
vn 1 0 0
vn -1 0 0
vn -3.9474596431116675e-16 1 7.894919286223335e-16
vn 0 -1 0
vn 0.7071047380380734 0.0000025539282770500196 0.707108824324506
vn -0.707106781186548 0 -0.7071067811865471
vn 0.0000026869906464754426 0.9999999999940804 0.000002149309007095624
vn -0.000002017844667701823 -0.9999999999948795 -0.000002483835421594519
vn 0 0.0000036117895706832705 0.9999999999934777
vn 0 0 -1
vn 0 0.9999999999939001 0.0000034928334454980557
vn 0 -0.9999999999939003 -0.0000034927577554420114
usemtl m_3c1d3992-7f85-f4ea-98ed-9db38b3ad20c
f 125/441/119 126/442/119 127/443/119 128/444/119
f 129/445/120 130/446/120 131/447/120 132/448/120
f 132/449/121 131/450/121 126/451/121 125/452/121
f 128/453/122 127/454/122 130/455/122 129/456/122
f 126/457/123 133/458/123 134/459/123 127/460/123
f 130/461/124 135/462/124 136/463/124 131/464/124
f 131/465/125 136/466/125 133/467/125 126/468/125
f 127/469/126 134/470/126 135/471/126 130/472/126
f 133/473/127 137/474/127 138/475/127 134/476/127
f 135/477/128 139/478/128 140/479/128 136/480/128
f 136/481/129 140/482/129 137/483/129 133/484/129
f 134/485/130 138/486/130 139/487/130 135/488/130
f 137/489/131 141/490/131 142/491/131 138/492/131
f 139/493/132 143/494/132 144/495/132 140/496/132
f 140/497/133 144/498/133 141/499/133 137/500/133
f 138/501/134 142/502/134 143/503/134 139/504/134
f 141/505/135 145/506/135 146/507/135 142/508/135
f 143/509/136 147/510/136 148/511/136 144/512/136
f 144/513/137 148/514/137 145/515/137 141/516/137
f 142/517/138 146/518/138 147/519/138 143/520/138
f 145/521/139 149/522/139 150/523/139 146/524/139
f 147/525/140 151/526/140 152/527/140 148/528/140
f 148/529/141 152/530/141 149/531/141 145/532/141
f 146/533/142 150/534/142 151/535/142 147/536/142
f 149/537/143 153/538/143 154/539/143 150/540/143
f 151/541/144 155/542/144 156/543/144 152/544/144
f 152/545/145 156/546/145 153/547/145 149/548/145
f 150/549/146 154/550/146 155/551/146 151/552/146
f 153/553/147 125/554/147 128/555/147 154/556/147
f 155/557/148 129/558/148 132/559/148 156/560/148
f 156/561/149 132/562/149 125/563/149 153/564/149
f 154/565/150 128/566/150 129/567/150 155/568/150
o belt_tire
v 0.9142135623730951 0.7968749999999998 1.5
v 1.5 0.7968749999999998 0.9142135623730951
v 1.5 0.9218749999999998 0.9142135623730951
v 0.9142135623730951 0.9218749999999998 1.5
v 0.8437500000000003 0.9218747818384466 1.312497291157821
v 1.3125 0.9218749999999998 0.8437499999999998
v 1.319892200292394 0.7968749999999998 0.8396104690450278
v 0.8396104690450277 0.7968749999999998 1.319892200292394
v 1.5 0.7968749999999998 0.08578643762690497
v 1.5 0.9218749999999998 0.08578643762690497
v 1.3125 0.9218749999999998 0.15624999999999978
v 1.319892200292394 0.7968749999999998 0.16038953095497233
v 0.9142135623730951 0.7968749999999998 -0.5
v 0.9142135623730951 0.9218749999999998 -0.5
v 0.8437499999999999 0.9218747818384466 -0.31249729115782166
v 0.8396104690450279 0.7968749999999998 -0.31989220029239407
v 0.08578643762690502 0.7968749999999998 -0.5000000000000002
v 0.08578643762690502 0.9218749999999998 -0.5000000000000002
v 0.1562499999999999 0.9218747818384466 -0.31249729115782143
v 0.16038953095497238 0.7968749999999998 -0.3198922002923942
v -0.4999999999999998 0.7968749999999998 0.0857864376269043
v -0.4999999999999998 0.9218749999999998 0.0857864376269043
v -0.3125 0.9218749999999998 0.15625
v -0.31989220029239396 0.7968749999999998 0.16038953095497177
v -0.4999999999999999 0.7968749999999998 0.9142135623730954
v -0.4999999999999999 0.9218749999999998 0.9142135623730954
v -0.3125 0.9218749999999998 0.84375
v -0.31989220029239407 0.7968749999999998 0.839610469045028
v 0.08578643762690424 0.7968749999999998 1.4999999999999998
v 0.08578643762690424 0.9218749999999998 1.4999999999999998
v 0.15625000000000033 0.9218747818384466 1.312497291157821
v 0.16038953095497172 0.7968749999999998 1.319892200292394
vt 0.5625 0.34375
vt 1 0.34375
vt 1 0.375
vt 0.5625 0.375
vt 0.18336249999999998 0.5625
vt 0.15625 0.5625
vt 0.15625 0.53125
vt 0.18336249999999998 0.53125
vt 0.6587688988140145 0.0625
vt 0.9662311011859854 0.0625
vt 1 0
vt 0.625 0
vt 0.625 0
vt 1 0
vt 0.9662311011859854 0.0625
vt 0.6587688988140145 0.0625
vt 0.5625 0.34375
vt 1 0.34375
vt 1 0.375
vt 0.5625 0.375
vt 0.18336249999999998 0.5625
vt 0.15625 0.5625
vt 0.15625 0.53125
vt 0.18336249999999998 0.53125
vt 0.6587688988140145 0.0625
vt 0.9662311011859854 0.0625
vt 1 0
vt 0.625 0
vt 0.625 0
vt 1 0
vt 0.9662311011859854 0.0625
vt 0.6587688988140145 0.0625
vt 0.5625 0.34375
vt 1 0.34375
vt 1 0.375
vt 0.5625 0.375
vt 0.18336249999999998 0.5625
vt 0.15625 0.5625
vt 0.15625 0.53125
vt 0.18336249999999998 0.53125
vt 0.6587688988140145 0.0625
vt 0.9662311011859854 0.0625
vt 1 0
vt 0.625 0
vt 0.625 0
vt 1 0
vt 0.9662311011859854 0.0625
vt 0.6587688988140145 0.0625
vt 0.5625 0.34375
vt 1 0.34375
vt 1 0.375
vt 0.5625 0.375
vt 0.18336249999999998 0.5625
vt 0.15625 0.5625
vt 0.15625 0.53125
vt 0.18336249999999998 0.53125
vt 0.6587688988140145 0.0625
vt 0.9662311011859854 0.0625
vt 1 0
vt 0.625 0
vt 0.625 0
vt 1 0
vt 0.9662311011859854 0.0625
vt 0.6587688988140145 0.0625
vt 0.5625 0.34375
vt 1 0.34375
vt 1 0.375
vt 0.5625 0.375
vt 0.18336249999999998 0.5625
vt 0.15625 0.5625
vt 0.15625 0.53125
vt 0.18336249999999998 0.53125
vt 0.6587688988140145 0.0625
vt 0.9662311011859854 0.0625
vt 1 0
vt 0.625 0
vt 0.625 0
vt 1 0
vt 0.9662311011859854 0.0625
vt 0.6587688988140145 0.0625
vt 0.5625 0.34375
vt 1 0.34375
vt 1 0.375
vt 0.5625 0.375
vt 0.18336249999999998 0.5625
vt 0.15625 0.5625
vt 0.15625 0.53125
vt 0.18336249999999998 0.53125
vt 0.6587688988140145 0.0625
vt 0.9662311011859854 0.0625
vt 1 0
vt 0.625 0
vt 0.625 0
vt 1 0
vt 0.9662311011859854 0.0625
vt 0.6587688988140145 0.0625
vt 0.5625 0.34375
vt 1 0.34375
vt 1 0.375
vt 0.5625 0.375
vt 0.18336249999999998 0.5625
vt 0.15625 0.5625
vt 0.15625 0.53125
vt 0.18336249999999998 0.53125
vt 0.6587688988140145 0.0625
vt 0.9662311011859854 0.0625
vt 1 0
vt 0.625 0
vt 0.625 0
vt 1 0
vt 0.9662311011859854 0.0625
vt 0.6587688988140145 0.0625
vt 0.5625 0.34375
vt 1 0.34375
vt 1 0.375
vt 0.5625 0.375
vt 0.18336249999999998 0.5625
vt 0.15625 0.5625
vt 0.15625 0.53125
vt 0.18336249999999998 0.53125
vt 0.6587688988140145 0.0625
vt 0.9662311011859854 0.0625
vt 1 0
vt 0.625 0
vt 0.625 0
vt 1 0
vt 0.9662311011859854 0.0625
vt 0.6587688988140145 0.0625
vn 0.7071067811865476 0 0.7071067811865476
vn -0.7069850695192299 -0.018396573678048662 -0.7069891636749448
vn 0 -1 0
vn 0 1 0
vn 1 0 0
vn -0.9982559452184658 -0.05903446312102449 0
vn 0 -1 0
vn 0 1 0
vn 0.7071067811865476 0 -0.7071067811865475
vn -0.7069848648316057 -0.018412299160729777 0.7069889589934569
vn 0 -1 0
vn -8.45697974886814e-7 0.9999999999992848 8.456979748868138e-7
vn 2.6803154833089315e-16 0 -1
vn 3.2241027271763415e-16 -0.059056123340662674 0.9982546640491956
vn 0 -1 0
vn -3.118577818940071e-22 0.9999999999993231 0.0000011635114740635273
vn -0.7071067811865474 0 -0.7071067811865477
vn 0.7069850695192299 -0.018396573678049324 0.7069891636749448
vn 0 -1 0
vn 0 1 0
vn -1 0 -1.3401577416544643e-16
vn 0.9982559452184658 -0.05903446312102449 0
vn 0 -1 0
vn 0 1 0
vn -0.7071067811865477 0 0.7071067811865474
vn 0.7069848648316052 -0.018412299160736813 -0.7069889589934574
vn 0 -1 0
vn 8.456979748868102e-7 0.9999999999992849 -8.456979748868098e-7
vn -2.680315483308929e-16 0 1
vn 0 -0.05905612334066535 -0.9982546640491956
vn 0 -1 0
vn 3.118577818940064e-22 0.9999999999993231 -0.000001163511474063526
usemtl m_3c1d3992-7f85-f4ea-98ed-9db38b3ad20c
f 157/569/151 158/570/151 159/571/151 160/572/151
f 161/573/152 162/574/152 163/575/152 164/576/152
f 164/577/153 163/578/153 158/579/153 157/580/153
f 160/581/154 159/582/154 162/583/154 161/584/154
f 158/585/155 165/586/155 166/587/155 159/588/155
f 162/589/156 167/590/156 168/591/156 163/592/156
f 163/593/157 168/594/157 165/595/157 158/596/157
f 159/597/158 166/598/158 167/599/158 162/600/158
f 165/601/159 169/602/159 170/603/159 166/604/159
f 167/605/160 171/606/160 172/607/160 168/608/160
f 168/609/161 172/610/161 169/611/161 165/612/161
f 166/613/162 170/614/162 171/615/162 167/616/162
f 169/617/163 173/618/163 174/619/163 170/620/163
f 171/621/164 175/622/164 176/623/164 172/624/164
f 172/625/165 176/626/165 173/627/165 169/628/165
f 170/629/166 174/630/166 175/631/166 171/632/166
f 173/633/167 177/634/167 178/635/167 174/636/167
f 175/637/168 179/638/168 180/639/168 176/640/168
f 176/641/169 180/642/169 177/643/169 173/644/169
f 174/645/170 178/646/170 179/647/170 175/648/170
f 177/649/171 181/650/171 182/651/171 178/652/171
f 179/653/172 183/654/172 184/655/172 180/656/172
f 180/657/173 184/658/173 181/659/173 177/660/173
f 178/661/174 182/662/174 183/663/174 179/664/174
f 181/665/175 185/666/175 186/667/175 182/668/175
f 183/669/176 187/670/176 188/671/176 184/672/176
f 184/673/177 188/674/177 185/675/177 181/676/177
f 182/677/178 186/678/178 187/679/178 183/680/178
f 185/681/179 157/682/179 160/683/179 186/684/179
f 187/685/180 161/686/180 164/687/180 188/688/180
f 188/689/181 164/690/181 157/691/181 185/692/181
f 186/693/182 160/694/182 161/695/182 187/696/182
o belt_tire
v 0.9142135623730951 0.07812499999999978 1.5
v 1.5 0.07812499999999978 0.9142135623730951
v 1.5 0.20312499999999978 0.9142135623730951
v 0.9142135623730951 0.20312499999999978 1.5
v 0.8437500000000003 0.20312478183844662 1.312497291157821
v 1.3125 0.20312499999999978 0.8437499999999998
v 1.319892200292394 0.07812499999999978 0.8396104690450278
v 0.8396104690450277 0.07812499999999978 1.319892200292394
v 1.5 0.07812499999999978 0.08578643762690497
v 1.5 0.20312499999999978 0.08578643762690497
v 1.3125 0.20312499999999978 0.15624999999999978
v 1.319892200292394 0.07812499999999978 0.16038953095497233
v 0.9142135623730951 0.07812499999999978 -0.5
v 0.9142135623730951 0.20312499999999978 -0.5
v 0.8437499999999999 0.20312478183844662 -0.31249729115782166
v 0.8396104690450279 0.07812499999999978 -0.31989220029239407
v 0.08578643762690502 0.07812499999999978 -0.5000000000000002
v 0.08578643762690502 0.20312499999999978 -0.5000000000000002
v 0.1562499999999999 0.20312478183844662 -0.31249729115782143
v 0.16038953095497238 0.07812499999999978 -0.3198922002923942
v -0.4999999999999998 0.07812499999999978 0.0857864376269043
v -0.4999999999999998 0.20312499999999978 0.0857864376269043
v -0.3125 0.20312499999999978 0.15625
v -0.31989220029239396 0.07812499999999978 0.16038953095497177
v -0.4999999999999999 0.07812499999999978 0.9142135623730954
v -0.4999999999999999 0.20312499999999978 0.9142135623730954
v -0.3125 0.20312499999999978 0.84375
v -0.31989220029239407 0.07812499999999978 0.839610469045028
v 0.08578643762690424 0.07812499999999978 1.4999999999999998
v 0.08578643762690424 0.20312499999999978 1.4999999999999998
v 0.15625000000000033 0.20312478183844662 1.312497291157821
v 0.16038953095497172 0.07812499999999978 1.319892200292394
vt 0.5625 0.34375
vt 1 0.34375
vt 1 0.375
vt 0.5625 0.375
vt 0.18336249999999998 0.5625
vt 0.15625 0.5625
vt 0.15625 0.53125
vt 0.18336249999999998 0.53125
vt 0.6587688988140145 0.0625
vt 0.9662311011859854 0.0625
vt 1 0
vt 0.625 0
vt 0.625 0
vt 1 0
vt 0.9662311011859854 0.0625
vt 0.6587688988140145 0.0625
vt 0.5625 0.34375
vt 1 0.34375
vt 1 0.375
vt 0.5625 0.375
vt 0.18336249999999998 0.5625
vt 0.15625 0.5625
vt 0.15625 0.53125
vt 0.18336249999999998 0.53125
vt 0.6587688988140145 0.0625
vt 0.9662311011859854 0.0625
vt 1 0
vt 0.625 0
vt 0.625 0
vt 1 0
vt 0.9662311011859854 0.0625
vt 0.6587688988140145 0.0625
vt 0.5625 0.34375
vt 1 0.34375
vt 1 0.375
vt 0.5625 0.375
vt 0.18336249999999998 0.5625
vt 0.15625 0.5625
vt 0.15625 0.53125
vt 0.18336249999999998 0.53125
vt 0.6587688988140145 0.0625
vt 0.9662311011859854 0.0625
vt 1 0
vt 0.625 0
vt 0.625 0
vt 1 0
vt 0.9662311011859854 0.0625
vt 0.6587688988140145 0.0625
vt 0.5625 0.34375
vt 1 0.34375
vt 1 0.375
vt 0.5625 0.375
vt 0.18336249999999998 0.5625
vt 0.15625 0.5625
vt 0.15625 0.53125
vt 0.18336249999999998 0.53125
vt 0.6587688988140145 0.0625
vt 0.9662311011859854 0.0625
vt 1 0
vt 0.625 0
vt 0.625 0
vt 1 0
vt 0.9662311011859854 0.0625
vt 0.6587688988140145 0.0625
vt 0.5625 0.34375
vt 1 0.34375
vt 1 0.375
vt 0.5625 0.375
vt 0.18336249999999998 0.5625
vt 0.15625 0.5625
vt 0.15625 0.53125
vt 0.18336249999999998 0.53125
vt 0.6587688988140145 0.0625
vt 0.9662311011859854 0.0625
vt 1 0
vt 0.625 0
vt 0.625 0
vt 1 0
vt 0.9662311011859854 0.0625
vt 0.6587688988140145 0.0625
vt 0.5625 0.34375
vt 1 0.34375
vt 1 0.375
vt 0.5625 0.375
vt 0.18336249999999998 0.5625
vt 0.15625 0.5625
vt 0.15625 0.53125
vt 0.18336249999999998 0.53125
vt 0.6587688988140145 0.0625
vt 0.9662311011859854 0.0625
vt 1 0
vt 0.625 0
vt 0.625 0
vt 1 0
vt 0.9662311011859854 0.0625
vt 0.6587688988140145 0.0625
vt 0.5625 0.34375
vt 1 0.34375
vt 1 0.375
vt 0.5625 0.375
vt 0.18336249999999998 0.5625
vt 0.15625 0.5625
vt 0.15625 0.53125
vt 0.18336249999999998 0.53125
vt 0.6587688988140145 0.0625
vt 0.9662311011859854 0.0625
vt 1 0
vt 0.625 0
vt 0.625 0
vt 1 0
vt 0.9662311011859854 0.0625
vt 0.6587688988140145 0.0625
vt 0.5625 0.34375
vt 1 0.34375
vt 1 0.375
vt 0.5625 0.375
vt 0.18336249999999998 0.5625
vt 0.15625 0.5625
vt 0.15625 0.53125
vt 0.18336249999999998 0.53125
vt 0.6587688988140145 0.0625
vt 0.9662311011859854 0.0625
vt 1 0
vt 0.625 0
vt 0.625 0
vt 1 0
vt 0.9662311011859854 0.0625
vt 0.6587688988140145 0.0625
vn 0.7071067811865476 0 0.7071067811865476
vn -0.7069850695192299 -0.018396573678048662 -0.7069891636749448
vn 0 -1 0
vn 0 1 0
vn 1 0 0
vn -0.9982559452184658 -0.05903446312102449 0
vn 0 -1 0
vn 0 1 0
vn 0.7071067811865476 0 -0.7071067811865475
vn -0.7069848648316057 -0.018412299160729777 0.7069889589934569
vn 0 -1 0
vn -8.45697974886814e-7 0.9999999999992848 8.456979748868138e-7
vn 2.6803154833089315e-16 0 -1
vn 3.2241027271763415e-16 -0.059056123340662674 0.9982546640491956
vn 0 -1 0
vn -3.118577818940071e-22 0.9999999999993231 0.0000011635114740635273
vn -0.7071067811865474 0 -0.7071067811865477
vn 0.7069850695192299 -0.018396573678049324 0.7069891636749448
vn 0 -1 0
vn 0 1 0
vn -1 0 -1.3401577416544643e-16
vn 0.9982559452184658 -0.05903446312102449 0
vn 0 -1 0
vn 0 1 0
vn -0.7071067811865477 0 0.7071067811865474
vn 0.7069848648316052 -0.018412299160736813 -0.7069889589934574
vn 0 -1 0
vn 8.456979748868102e-7 0.9999999999992849 -8.456979748868098e-7
vn -2.680315483308929e-16 0 1
vn 0 -0.05905612334066535 -0.9982546640491956
vn 0 -1 0
vn 3.118577818940064e-22 0.9999999999993231 -0.000001163511474063526
usemtl m_3c1d3992-7f85-f4ea-98ed-9db38b3ad20c
f 189/697/183 190/698/183 191/699/183 192/700/183
f 193/701/184 194/702/184 195/703/184 196/704/184
f 196/705/185 195/706/185 190/707/185 189/708/185
f 192/709/186 191/710/186 194/711/186 193/712/186
f 190/713/187 197/714/187 198/715/187 191/716/187
f 194/717/188 199/718/188 200/719/188 195/720/188
f 195/721/189 200/722/189 197/723/189 190/724/189
f 191/725/190 198/726/190 199/727/190 194/728/190
f 197/729/191 201/730/191 202/731/191 198/732/191
f 199/733/192 203/734/192 204/735/192 200/736/192
f 200/737/193 204/738/193 201/739/193 197/740/193
f 198/741/194 202/742/194 203/743/194 199/744/194
f 201/745/195 205/746/195 206/747/195 202/748/195
f 203/749/196 207/750/196 208/751/196 204/752/196
f 204/753/197 208/754/197 205/755/197 201/756/197
f 202/757/198 206/758/198 207/759/198 203/760/198
f 205/761/199 209/762/199 210/763/199 206/764/199
f 207/765/200 211/766/200 212/767/200 208/768/200
f 208/769/201 212/770/201 209/771/201 205/772/201
f 206/773/202 210/774/202 211/775/202 207/776/202
f 209/777/203 213/778/203 214/779/203 210/780/203
f 211/781/204 215/782/204 216/783/204 212/784/204
f 212/785/205 216/786/205 213/787/205 209/788/205
f 210/789/206 214/790/206 215/791/206 211/792/206
f 213/793/207 217/794/207 218/795/207 214/796/207
f 215/797/208 219/798/208 220/799/208 216/800/208
f 216/801/209 220/802/209 217/803/209 213/804/209
f 214/805/210 218/806/210 219/807/210 215/808/210
f 217/809/211 189/810/211 192/811/211 218/812/211
f 219/813/212 193/814/212 196/815/212 220/816/212
f 220/817/213 196/818/213 189/819/213 217/820/213
f 218/821/214 192/822/214 193/823/214 219/824/214
o cuboid
v 1.0331704135906612 0.7313948280368117 -0.25
v 1.0331704135906612 0.7313948280368117 -0.625
v 0.7820344111010711 0.12509888482627973 -0.25
v 0.7820344111010711 0.12509888482627973 -0.625
v 0.6867155888989287 0.8749011151737203 -0.25
v 0.6867155888989287 0.8749011151737203 -0.625
v 0.4355795864093386 0.26860517196318834 -0.25
v 0.4355795864093386 0.26860517196318834 -0.625
v 0.9704744219405461 0.8250138706029941 -0.34375
v 0.9704744219405461 0.8250138706029941 -0.53125
v 0.6715029904053198 0.1032329858285514 -0.34375
v 0.6715029904053198 0.1032329858285514 -0.53125
v 0.79724700959468 0.8967670141714484 -0.34375
v 0.79724700959468 0.8967670141714484 -0.53125
v 0.49827557805945355 0.17498612939700575 -0.34375
v 0.49827557805945355 0.17498612939700575 -0.53125
vt 0.34375 0.625
vt 0.15625 0.625
vt 0.15625 1
vt 0.34375 1
vt 0.34375 1
vt 0.34375 0.625
vt 0.15625 0.625
vt 0.15625 1
vt 0.71875 0.09375
vt 0.90625 0.09375
vt 0.90625 0.28125
vt 0.71875 0.28125
vt 0.90625 0.09375
vt 0.90625 0.28125
vt 0.71875 0.28125
vt 0.71875 0.09375
vt 0.34375 1
vt 0.34375 0.625
vt 0.15625 0.625
vt 0.15625 1
vt 0.34375 0.625
vt 0.15625 0.625
vt 0.15625 1
vt 0.34375 1
vt 0.875 0.65625
vt 0.75 0.65625
vt 0.75 1
vt 0.875 1
vt 0.875 1
vt 0.875 0.65625
vt 0.75 0.65625
vt 0.75 1
vt 0.75 0.125
vt 0.875 0.125
vt 0.875 0.25
vt 0.75 0.25
vt 0.875 0.125
vt 0.875 0.25
vt 0.75 0.25
vt 0.75 0.125
vt 0.875 1
vt 0.875 0.65625
vt 0.75 0.65625
vt 0.75 1
vt 0.875 0.65625
vt 0.75 0.65625
vt 0.75 1
vt 0.875 1
vn 0.9238795325112867 -0.3826834323650897 0
vn -0.9238795325112867 0.3826834323650897 0
vn 0.3826834323650897 0.9238795325112867 0
vn -0.3826834323650897 -0.9238795325112867 0
vn 0 0 1
vn 0 0 -1
vn 0.9238795325112867 -0.3826834323650897 0
vn -0.9238795325112867 0.3826834323650898 0
vn 0.3826834323650897 0.9238795325112867 0
vn -0.3826834323650901 -0.9238795325112868 0
vn 0 0 1
vn 0 0 -1
usemtl m_3c1d3992-7f85-f4ea-98ed-9db38b3ad20c
f 222/825/215 221/826/215 223/827/215 224/828/215
f 227/829/216 225/830/216 226/831/216 228/832/216
f 225/833/217 221/834/217 222/835/217 226/836/217
f 224/837/218 223/838/218 227/839/218 228/840/218
f 223/841/219 221/842/219 225/843/219 227/844/219
f 226/845/220 222/846/220 224/847/220 228/848/220
f 230/849/221 229/850/221 231/851/221 232/852/221
f 235/853/222 233/854/222 234/855/222 236/856/222
f 233/857/223 229/858/223 230/859/223 234/860/223
f 232/861/224 231/862/224 235/863/224 236/864/224
f 231/865/225 229/866/225 233/867/225 235/868/225
f 234/869/226 230/870/226 232/871/226 236/872/226
o cuboid
v 0.595670413590661 0.7313948280368107 -0.25
v 0.595670413590661 0.7313948280368107 -0.625
v 0.34453441110107097 0.12509888482627896 -0.25
v 0.34453441110107097 0.12509888482627896 -0.625
v 0.24921558889892836 0.8749011151737194 -0.25
v 0.24921558889892836 0.8749011151737194 -0.625
v -0.0019204135906616404 0.26860517196318767 -0.25
v -0.0019204135906616404 0.26860517196318767 -0.625
v 0.5329744219405461 0.825013870602994 -0.34375
v 0.5329744219405461 0.825013870602994 -0.53125
v 0.23400299040531958 0.10323298582855134 -0.34375
v 0.23400299040531958 0.10323298582855134 -0.53125
v 0.3597470095946796 0.8967670141714484 -0.34375
v 0.3597470095946796 0.8967670141714484 -0.53125
v 0.06077557805945333 0.1749861293970058 -0.34375
v 0.06077557805945333 0.1749861293970058 -0.53125
vt 0.34375 0.625
vt 0.15625 0.625
vt 0.15625 1
vt 0.34375 1
vt 0.34375 1
vt 0.34375 0.625
vt 0.15625 0.625
vt 0.15625 1
vt 0.71875 0.09375
vt 0.90625 0.09375
vt 0.90625 0.28125
vt 0.71875 0.28125
vt 0.90625 0.09375
vt 0.90625 0.28125
vt 0.71875 0.28125
vt 0.71875 0.09375
vt 0.34375 1
vt 0.34375 0.625
vt 0.15625 0.625
vt 0.15625 1
vt 0.34375 0.625
vt 0.15625 0.625
vt 0.15625 1
vt 0.34375 1
vt 0.875 0.65625
vt 0.75 0.65625
vt 0.75 1
vt 0.875 1
vt 0.875 1
vt 0.875 0.65625
vt 0.75 0.65625
vt 0.75 1
vt 0.75 0.125
vt 0.875 0.125
vt 0.875 0.25
vt 0.75 0.25
vt 0.875 0.125
vt 0.875 0.25
vt 0.75 0.25
vt 0.75 0.125
vt 0.875 1
vt 0.875 0.65625
vt 0.75 0.65625
vt 0.75 1
vt 0.875 0.65625
vt 0.75 0.65625
vt 0.75 1
vt 0.875 1
vn 0.9238795325112867 -0.3826834323650897 0
vn -0.9238795325112867 0.3826834323650897 0
vn 0.3826834323650897 0.9238795325112867 0
vn -0.3826834323650897 -0.9238795325112867 0
vn 0 0 1
vn 0 0 -1
vn 0.9238795325112868 -0.3826834323650901 0
vn -0.9238795325112867 0.3826834323650897 0
vn 0.3826834323650897 0.9238795325112867 0
vn -0.3826834323650904 -0.9238795325112867 0
vn 0 0 1
vn 0 0 -1
usemtl m_3c1d3992-7f85-f4ea-98ed-9db38b3ad20c
f 238/873/227 237/874/227 239/875/227 240/876/227
f 243/877/228 241/878/228 242/879/228 244/880/228
f 241/881/229 237/882/229 238/883/229 242/884/229
f 240/885/230 239/886/230 243/887/230 244/888/230
f 239/889/231 237/890/231 241/891/231 243/892/231
f 242/893/232 238/894/232 240/895/232 244/896/232
f 246/897/233 245/898/233 247/899/233 248/900/233
f 251/901/234 249/902/234 250/903/234 252/904/234
f 249/905/235 245/906/235 246/907/235 250/908/235
f 248/909/236 247/910/236 251/911/236 252/912/236
f 247/913/237 245/914/237 249/915/237 251/916/237
f 250/917/238 246/918/238 248/919/238 252/920/238
o cuboid
v 1.0331704135906612 0.7313948280368117 -0.25
v 1.0331704135906612 0.7313948280368117 -0.625
v 0.7820344111010711 0.12509888482627973 -0.25
v 0.7820344111010711 0.12509888482627973 -0.625
v 0.6867155888989287 0.8749011151737203 -0.25
v 0.6867155888989287 0.8749011151737203 -0.625
v 0.4355795864093386 0.26860517196318834 -0.25
v 0.4355795864093386 0.26860517196318834 -0.625
v 0.9704744219405461 0.8250138706029941 -0.34375
v 0.9704744219405461 0.8250138706029941 -0.53125
v 0.6715029904053198 0.10323298582855145 -0.34375
v 0.6715029904053198 0.10323298582855145 -0.53125
v 0.79724700959468 0.8967670141714484 -0.34375
v 0.79724700959468 0.8967670141714484 -0.53125
v 0.49827557805945355 0.1749861293970058 -0.34375
v 0.49827557805945355 0.1749861293970058 -0.53125
vt 0.34375 0.625
vt 0.15625 0.625
vt 0.15625 1
vt 0.34375 1
vt 0.34375 1
vt 0.34375 0.625
vt 0.15625 0.625
vt 0.15625 1
vt 0.71875 0.09375
vt 0.90625 0.09375
vt 0.90625 0.28125
vt 0.71875 0.28125
vt 0.90625 0.09375
vt 0.90625 0.28125
vt 0.71875 0.28125
vt 0.71875 0.09375
vt 0.34375 1
vt 0.34375 0.625
vt 0.15625 0.625
vt 0.15625 1
vt 0.34375 0.625
vt 0.15625 0.625
vt 0.15625 1
vt 0.34375 1
vt 0.875 0.65625
vt 0.75 0.65625
vt 0.75 1
vt 0.875 1
vt 0.875 1
vt 0.875 0.65625
vt 0.75 0.65625
vt 0.75 1
vt 0.75 0.125
vt 0.875 0.125
vt 0.875 0.25
vt 0.75 0.25
vt 0.875 0.125
vt 0.875 0.25
vt 0.75 0.25
vt 0.75 0.125
vt 0.875 1
vt 0.875 0.65625
vt 0.75 0.65625
vt 0.75 1
vt 0.875 0.65625
vt 0.75 0.65625
vt 0.75 1
vt 0.875 1
vn 0.9238795325112867 -0.3826834323650897 0
vn -0.9238795325112867 0.3826834323650897 0
vn 0.3826834323650897 0.9238795325112867 0
vn -0.3826834323650897 -0.9238795325112867 0
vn 0 0 1
vn 0 0 -1
vn 0.9238795325112867 -0.3826834323650897 0
vn -0.9238795325112867 0.3826834323650898 0
vn 0.3826834323650897 0.9238795325112867 0
vn -0.3826834323650901 -0.9238795325112868 0
vn 0 0 1
vn 0 0 -1
usemtl m_3c1d3992-7f85-f4ea-98ed-9db38b3ad20c
f 254/921/239 253/922/239 255/923/239 256/924/239
f 259/925/240 257/926/240 258/927/240 260/928/240
f 257/929/241 253/930/241 254/931/241 258/932/241
f 256/933/242 255/934/242 259/935/242 260/936/242
f 255/937/243 253/938/243 257/939/243 259/940/243
f 258/941/244 254/942/244 256/943/244 260/944/244
f 262/945/245 261/946/245 263/947/245 264/948/245
f 267/949/246 265/950/246 266/951/246 268/952/246
f 265/953/247 261/954/247 262/955/247 266/956/247
f 264/957/248 263/958/248 267/959/248 268/960/248
f 263/961/249 261/962/249 265/963/249 267/964/249
f 266/965/250 262/966/250 264/967/250 268/968/250
o cuboid
v 0.5956704135906612 0.731394828036811 -0.25
v 0.5956704135906612 0.731394828036811 -0.625
v 0.3445344111010711 0.12509888482627912 -0.25
v 0.3445344111010711 0.12509888482627912 -0.625
v 0.2492155888989287 0.8749011151737197 -0.25
v 0.2492155888989287 0.8749011151737197 -0.625
v -0.0019204135906614184 0.2686051719631878 -0.25
v -0.0019204135906614184 0.2686051719631878 -0.625
v 0.5329744219405463 0.8250138706029941 -0.34375
v 0.5329744219405463 0.8250138706029941 -0.53125
v 0.2340029904053199 0.10323298582855156 -0.34375
v 0.2340029904053199 0.10323298582855156 -0.53125
v 0.35974700959468003 0.8967670141714486 -0.34375
v 0.35974700959468003 0.8967670141714486 -0.53125
v 0.06077557805945366 0.17498612939700592 -0.34375
v 0.06077557805945366 0.17498612939700592 -0.53125
vt 0.34375 0.625
vt 0.15625 0.625
vt 0.15625 1
vt 0.34375 1
vt 0.34375 1
vt 0.34375 0.625
vt 0.15625 0.625
vt 0.15625 1
vt 0.71875 0.09375
vt 0.90625 0.09375
vt 0.90625 0.28125
vt 0.71875 0.28125
vt 0.90625 0.09375
vt 0.90625 0.28125
vt 0.71875 0.28125
vt 0.71875 0.09375
vt 0.34375 1
vt 0.34375 0.625
vt 0.15625 0.625
vt 0.15625 1
vt 0.34375 0.625
vt 0.15625 0.625
vt 0.15625 1
vt 0.34375 1
vt 0.875 0.65625
vt 0.75 0.65625
vt 0.75 1
vt 0.875 1
vt 0.875 1
vt 0.875 0.65625
vt 0.75 0.65625
vt 0.75 1
vt 0.75 0.125
vt 0.875 0.125
vt 0.875 0.25
vt 0.75 0.25
vt 0.875 0.125
vt 0.875 0.25
vt 0.75 0.25
vt 0.75 0.125
vt 0.875 1
vt 0.875 0.65625
vt 0.75 0.65625
vt 0.75 1
vt 0.875 0.65625
vt 0.75 0.65625
vt 0.75 1
vt 0.875 1
vn 0.9238795325112867 -0.3826834323650897 0
vn -0.9238795325112867 0.3826834323650897 0
vn 0.3826834323650897 0.9238795325112867 0
vn -0.3826834323650897 -0.9238795325112867 0
vn 0 0 1
vn 0 0 -1
vn 0.9238795325112867 -0.3826834323650898 0
vn -0.9238795325112867 0.3826834323650898 0
vn 0.3826834323650897 0.9238795325112867 0
vn -0.3826834323650901 -0.9238795325112868 0
vn 0 0 1
vn 0 0 -1
usemtl m_3c1d3992-7f85-f4ea-98ed-9db38b3ad20c
f 270/969/251 269/970/251 271/971/251 272/972/251
f 275/973/252 273/974/252 274/975/252 276/976/252
f 273/977/253 269/978/253 270/979/253 274/980/253
f 272/981/254 271/982/254 275/983/254 276/984/254
f 271/985/255 269/986/255 273/987/255 275/988/255
f 274/989/256 270/990/256 272/991/256 276/992/256
f 278/993/257 277/994/257 279/995/257 280/996/257
f 283/997/258 281/998/258 282/999/258 284/1000/258
f 281/1001/259 277/1002/259 278/1003/259 282/1004/259
f 280/1005/260 279/1006/260 283/1007/260 284/1008/260
f 279/1009/261 277/1010/261 281/1011/261 283/1012/261
f 282/1013/262 278/1014/262 280/1015/262 284/1016/262
o cuboid
v 0.595670413590661 0.7313948280368107 -0.25
v 0.595670413590661 0.7313948280368107 -0.625
v 0.34453441110107097 0.12509888482627896 -0.25
v 0.34453441110107097 0.12509888482627896 -0.625
v 0.24921558889892836 0.8749011151737194 -0.25
v 0.24921558889892836 0.8749011151737194 -0.625
v -0.0019204135906616404 0.26860517196318767 -0.25
v -0.0019204135906616404 0.26860517196318767 -0.625
v 0.5329744219405461 0.825013870602994 -0.34375
v 0.5329744219405461 0.825013870602994 -0.53125
v 0.23400299040531958 0.10323298582855134 -0.34375
v 0.23400299040531958 0.10323298582855134 -0.53125
v 0.3597470095946796 0.8967670141714484 -0.34375
v 0.3597470095946796 0.8967670141714484 -0.53125
v 0.06077557805945333 0.1749861293970058 -0.34375
v 0.06077557805945333 0.1749861293970058 -0.53125
vt 0.34375 0.625
vt 0.15625 0.625
vt 0.15625 1
vt 0.34375 1
vt 0.34375 1
vt 0.34375 0.625
vt 0.15625 0.625
vt 0.15625 1
vt 0.71875 0.09375
vt 0.90625 0.09375
vt 0.90625 0.28125
vt 0.71875 0.28125
vt 0.90625 0.09375
vt 0.90625 0.28125
vt 0.71875 0.28125
vt 0.71875 0.09375
vt 0.34375 1
vt 0.34375 0.625
vt 0.15625 0.625
vt 0.15625 1
vt 0.34375 0.625
vt 0.15625 0.625
vt 0.15625 1
vt 0.34375 1
vt 0.875 0.65625
vt 0.75 0.65625
vt 0.75 1
vt 0.875 1
vt 0.875 1
vt 0.875 0.65625
vt 0.75 0.65625
vt 0.75 1
vt 0.75 0.125
vt 0.875 0.125
vt 0.875 0.25
vt 0.75 0.25
vt 0.875 0.125
vt 0.875 0.25
vt 0.75 0.25
vt 0.75 0.125
vt 0.875 1
vt 0.875 0.65625
vt 0.75 0.65625
vt 0.75 1
vt 0.875 0.65625
vt 0.75 0.65625
vt 0.75 1
vt 0.875 1
vn 0.9238795325112867 -0.3826834323650897 0
vn -0.9238795325112867 0.3826834323650897 0
vn 0.3826834323650897 0.9238795325112867 0
vn -0.3826834323650897 -0.9238795325112867 0
vn 0 0 1
vn 0 0 -1
vn 0.9238795325112868 -0.3826834323650901 0
vn -0.9238795325112867 0.3826834323650897 0
vn 0.3826834323650897 0.9238795325112867 0
vn -0.3826834323650904 -0.9238795325112867 0
vn 0 0 1
vn 0 0 -1
usemtl m_3c1d3992-7f85-f4ea-98ed-9db38b3ad20c
f 286/1017/263 285/1018/263 287/1019/263 288/1020/263
f 291/1021/264 289/1022/264 290/1023/264 292/1024/264
f 289/1025/265 285/1026/265 286/1027/265 290/1028/265
f 288/1029/266 287/1030/266 291/1031/266 292/1032/266
f 287/1033/267 285/1034/267 289/1035/267 291/1036/267
f 290/1037/268 286/1038/268 288/1039/268 292/1040/268
f 294/1041/269 293/1042/269 295/1043/269 296/1044/269
f 299/1045/270 297/1046/270 298/1047/270 300/1048/270
f 297/1049/271 293/1050/271 294/1051/271 298/1052/271
f 296/1053/272 295/1054/272 299/1055/272 300/1056/272
f 295/1057/273 293/1058/273 297/1059/273 299/1060/273
f 298/1061/274 294/1062/274 296/1063/274 300/1064/274
o cuboid
v 1.0331704135906612 0.7313948280368117 -0.25
v 1.0331704135906612 0.7313948280368117 -0.625
v 0.7820344111010711 0.12509888482627973 -0.25
v 0.7820344111010711 0.12509888482627973 -0.625
v 0.6867155888989287 0.8749011151737203 -0.25
v 0.6867155888989287 0.8749011151737203 -0.625
v 0.4355795864093386 0.26860517196318834 -0.25
v 0.4355795864093386 0.26860517196318834 -0.625
v 0.9704744219405461 0.8250138706029941 -0.34375
v 0.9704744219405461 0.8250138706029941 -0.53125
v 0.6715029904053198 0.1032329858285514 -0.34375
v 0.6715029904053198 0.1032329858285514 -0.53125
v 0.79724700959468 0.8967670141714484 -0.34375
v 0.79724700959468 0.8967670141714484 -0.53125
v 0.49827557805945355 0.17498612939700575 -0.34375
v 0.49827557805945355 0.17498612939700575 -0.53125
vt 0.34375 0.625
vt 0.15625 0.625
vt 0.15625 1
vt 0.34375 1
vt 0.34375 1
vt 0.34375 0.625
vt 0.15625 0.625
vt 0.15625 1
vt 0.71875 0.09375
vt 0.90625 0.09375
vt 0.90625 0.28125
vt 0.71875 0.28125
vt 0.90625 0.09375
vt 0.90625 0.28125
vt 0.71875 0.28125
vt 0.71875 0.09375
vt 0.34375 1
vt 0.34375 0.625
vt 0.15625 0.625
vt 0.15625 1
vt 0.34375 0.625
vt 0.15625 0.625
vt 0.15625 1
vt 0.34375 1
vt 0.875 0.65625
vt 0.75 0.65625
vt 0.75 1
vt 0.875 1
vt 0.875 1
vt 0.875 0.65625
vt 0.75 0.65625
vt 0.75 1
vt 0.75 0.125
vt 0.875 0.125
vt 0.875 0.25
vt 0.75 0.25
vt 0.875 0.125
vt 0.875 0.25
vt 0.75 0.25
vt 0.75 0.125
vt 0.875 1
vt 0.875 0.65625
vt 0.75 0.65625
vt 0.75 1
vt 0.875 0.65625
vt 0.75 0.65625
vt 0.75 1
vt 0.875 1
vn 0.9238795325112867 -0.3826834323650897 0
vn -0.9238795325112867 0.3826834323650897 0
vn 0.3826834323650897 0.9238795325112867 0
vn -0.3826834323650897 -0.9238795325112867 0
vn 0 0 1
vn 0 0 -1
vn 0.9238795325112867 -0.3826834323650897 0
vn -0.9238795325112867 0.3826834323650898 0
vn 0.3826834323650897 0.9238795325112867 0
vn -0.3826834323650901 -0.9238795325112868 0
vn 0 0 1
vn 0 0 -1
usemtl m_3c1d3992-7f85-f4ea-98ed-9db38b3ad20c
f 302/1065/275 301/1066/275 303/1067/275 304/1068/275
f 307/1069/276 305/1070/276 306/1071/276 308/1072/276
f 305/1073/277 301/1074/277 302/1075/277 306/1076/277
f 304/1077/278 303/1078/278 307/1079/278 308/1080/278
f 303/1081/279 301/1082/279 305/1083/279 307/1084/279
f 306/1085/280 302/1086/280 304/1087/280 308/1088/280
f 310/1089/281 309/1090/281 311/1091/281 312/1092/281
f 315/1093/282 313/1094/282 314/1095/282 316/1096/282
f 313/1097/283 309/1098/283 310/1099/283 314/1100/283
f 312/1101/284 311/1102/284 315/1103/284 316/1104/284
f 311/1105/285 309/1106/285 313/1107/285 315/1108/285
f 314/1109/286 310/1110/286 312/1111/286 316/1112/286
o cuboid
v 1.4073385008679034 0.7313948280368117 0.34667832908808194
v 1.6725035438128586 0.7313948280368117 0.08151328614312647
v 1.2297585305074326 0.12509888482627973 0.16909835872761114
v 1.4949235734523878 0.12509888482627973 -0.09606668421734432
v 1.1623579449535826 0.8749011151737203 0.10169777317376139
v 1.4275229878985378 0.8749011151737203 -0.16346726977119408
v 0.9847779745931118 0.26860517196318834 -0.07588219718670941
v 1.249943017538067 0.26860517196318834 -0.3410472401316649
v 1.4292970007551307 0.8250138706029941 0.23605430750283152
v 1.5618795222276083 0.8250138706029941 0.1034717860303539
v 1.2178922741355223 0.1032329858285514 0.024649580883223443
v 1.350474795608 0.1032329858285514 -0.10793294058925418
v 1.3068067227979703 0.8967670141714486 0.11356402954567124
v 1.439389244270448 0.8967670141714486 -0.01901849192680638
v 1.095401996178362 0.17498612939700575 -0.09784069707393683
v 1.2279845176508397 0.17498612939700575 -0.23042321854641445
vt 0.34375 0.625
vt 0.15625 0.625
vt 0.15625 1
vt 0.34375 1
vt 0.34375 1
vt 0.34375 0.625
vt 0.15625 0.625
vt 0.15625 1
vt 0.71875 0.09375
vt 0.90625 0.09375
vt 0.90625 0.28125
vt 0.71875 0.28125
vt 0.90625 0.09375
vt 0.90625 0.28125
vt 0.71875 0.28125
vt 0.71875 0.09375
vt 0.34375 1
vt 0.34375 0.625
vt 0.15625 0.625
vt 0.15625 1
vt 0.34375 0.625
vt 0.15625 0.625
vt 0.15625 1
vt 0.34375 1
vt 0.875 0.65625
vt 0.75 0.65625
vt 0.75 1
vt 0.875 1
vt 0.875 1
vt 0.875 0.65625
vt 0.75 0.65625
vt 0.75 1
vt 0.75 0.125
vt 0.875 0.125
vt 0.875 0.25
vt 0.75 0.25
vt 0.875 0.125
vt 0.875 0.25
vt 0.75 0.25
vt 0.75 0.125
vt 0.875 1
vt 0.875 0.65625
vt 0.75 0.65625
vt 0.75 1
vt 0.875 0.65625
vt 0.75 0.65625
vt 0.75 1
vt 0.875 1
vn 0.6532814824381885 -0.38268343236508967 0.6532814824381882
vn -0.6532814824381885 0.38268343236508967 -0.6532814824381882
vn 0.2705980500730985 0.9238795325112868 0.27059805007309834
vn -0.2705980500730985 -0.9238795325112868 -0.27059805007309834
vn -0.7071067811865475 2.7755575615628914e-17 0.7071067811865478
vn 0.7071067811865475 -2.7755575615628914e-17 -0.7071067811865478
vn 0.6532814824381885 -0.38268343236508967 0.6532814824381882
vn -0.6532814824381885 0.3826834323650897 -0.6532814824381882
vn 0.2705980500730985 0.9238795325112868 0.27059805007309834
vn -0.2705980500730987 -0.9238795325112867 -0.2705980500730985
vn -0.7071067811865475 2.7755575615628914e-17 0.7071067811865478
vn 0.7071067811865475 -2.7755575615628914e-17 -0.7071067811865478
usemtl m_3c1d3992-7f85-f4ea-98ed-9db38b3ad20c
f 318/1113/287 317/1114/287 319/1115/287 320/1116/287
f 323/1117/288 321/1118/288 322/1119/288 324/1120/288
f 321/1121/289 317/1122/289 318/1123/289 322/1124/289
f 320/1125/290 319/1126/290 323/1127/290 324/1128/290
f 319/1129/291 317/1130/291 321/1131/291 323/1132/291
f 322/1133/292 318/1134/292 320/1135/292 324/1136/292
f 326/1137/293 325/1138/293 327/1139/293 328/1140/293
f 331/1141/294 329/1142/294 330/1143/294 332/1144/294
f 329/1145/295 325/1146/295 326/1147/295 330/1148/295
f 328/1149/296 327/1150/296 331/1151/296 332/1152/296
f 327/1153/297 325/1154/297 329/1155/297 331/1156/297
f 330/1157/298 326/1158/298 328/1159/298 332/1160/298
o cuboid
v 1.0979792840987885 0.7313948280368107 0.037319112318967285
v 1.3631443270437438 0.7313948280368107 -0.22784593062598812
v 0.9203993137383177 0.1250988848262789 -0.14026085804150346
v 1.185564356683273 0.1250988848262789 -0.4054259009864589
v 0.8529987281844678 0.8749011151737194 -0.20766144359535343
v 1.118163771129423 0.8749011151737194 -0.4728264865403089
v 0.675418757823997 0.2686051719631876 -0.3852414139558241
v 0.9405838007689522 0.2686051719631876 -0.6504064569007797
v 1.1199377839860158 0.825013870602994 -0.07330490926628308
v 1.2525203054584937 0.825013870602994 -0.2058874307387607
v 0.9085330573664075 0.10323298582855128 -0.28470963588589127
v 1.0411155788388853 0.10323298582855128 -0.4172921573583689
v 0.9974475060288555 0.8967670141714484 -0.19579518722344347
v 1.1300300275013329 0.8967670141714484 -0.3283777086959211
v 0.7860427794092473 0.17498612939700575 -0.40719991384305154
v 0.9186253008817249 0.17498612939700575 -0.5397824353155292
vt 0.34375 0.625
vt 0.15625 0.625
vt 0.15625 1
vt 0.34375 1
vt 0.34375 1
vt 0.34375 0.625
vt 0.15625 0.625
vt 0.15625 1
vt 0.71875 0.09375
vt 0.90625 0.09375
vt 0.90625 0.28125
vt 0.71875 0.28125
vt 0.90625 0.09375
vt 0.90625 0.28125
vt 0.71875 0.28125
vt 0.71875 0.09375
vt 0.34375 1
vt 0.34375 0.625
vt 0.15625 0.625
vt 0.15625 1
vt 0.34375 0.625
vt 0.15625 0.625
vt 0.15625 1
vt 0.34375 1
vt 0.875 0.65625
vt 0.75 0.65625
vt 0.75 1
vt 0.875 1
vt 0.875 1
vt 0.875 0.65625
vt 0.75 0.65625
vt 0.75 1
vt 0.75 0.125
vt 0.875 0.125
vt 0.875 0.25
vt 0.75 0.25
vt 0.875 0.125
vt 0.875 0.25
vt 0.75 0.25
vt 0.75 0.125
vt 0.875 1
vt 0.875 0.65625
vt 0.75 0.65625
vt 0.75 1
vt 0.875 0.65625
vt 0.75 0.65625
vt 0.75 1
vt 0.875 1
vn 0.6532814824381885 -0.38268343236508967 0.6532814824381882
vn -0.6532814824381885 0.38268343236508967 -0.6532814824381882
vn 0.2705980500730985 0.9238795325112868 0.27059805007309834
vn -0.2705980500730985 -0.9238795325112868 -0.27059805007309834
vn -0.7071067811865475 2.7755575615628914e-17 0.7071067811865478
vn 0.7071067811865475 -2.7755575615628914e-17 -0.7071067811865478
vn 0.6532814824381884 -0.38268343236508995 0.6532814824381881
vn -0.6532814824381885 0.38268343236508967 -0.6532814824381882
vn 0.2705980500730985 0.9238795325112868 0.27059805007309834
vn -0.2705980500730989 -0.9238795325112866 -0.27059805007309873
vn -0.7071067811865475 2.7755575615628914e-17 0.7071067811865478
vn 0.7071067811865475 -2.7755575615628914e-17 -0.7071067811865478
usemtl m_3c1d3992-7f85-f4ea-98ed-9db38b3ad20c
f 334/1161/299 333/1162/299 335/1163/299 336/1164/299
f 339/1165/300 337/1166/300 338/1167/300 340/1168/300
f 337/1169/301 333/1170/301 334/1171/301 338/1172/301
f 336/1173/302 335/1174/302 339/1175/302 340/1176/302
f 335/1177/303 333/1178/303 337/1179/303 339/1180/303
f 338/1181/304 334/1182/304 336/1183/304 340/1184/304
f 342/1185/305 341/1186/305 343/1187/305 344/1188/305
f 347/1189/306 345/1190/306 346/1191/306 348/1192/306
f 345/1193/307 341/1194/307 342/1195/307 346/1196/307
f 344/1197/308 343/1198/308 347/1199/308 348/1200/308
f 343/1201/309 341/1202/309 345/1203/309 347/1204/309
f 346/1205/310 342/1206/310 344/1207/310 348/1208/310
o cuboid
v 1.2499999999975704 0.7313948323136312 0.5956704032655024
v 1.6249999999975702 0.7313948344520416 0.5956703981029231
v 1.2499999999975704 0.12509888910309952 0.3445344007759126
v 1.6249999999975702 0.12509889124150986 0.34453439561333327
v 1.249999994409635 0.8749011194505398 0.24921557857376975
v 1.6249999944096347 0.8749011215889502 0.2492155734111905
v 1.249999994409635 0.2686051762400081 -0.0019204239158201464
v 1.6249999944096347 0.26860517837841846 -0.0019204290783993994
v 1.3437499986005865 0.8250138754144172 0.5329744103247427
v 1.5312499986005863 0.8250138764836223 0.532974407743453
v 1.3437499986005865 0.10323299063997449 0.23400297878951637
v 1.5312499986005863 0.10323299170917966 0.23400297620822674
v 1.3437499958066188 0.8967670189828716 0.35974699797887616
v 1.5312499958066186 0.8967670200520768 0.3597469953975865
v 1.3437499958066188 0.17498613420842885 0.060775566443650175
v 1.5312499958066186 0.17498613527763401 0.06077556386236055
vt 0.34375 0.625
vt 0.15625 0.625
vt 0.15625 1
vt 0.34375 1
vt 0.34375 1
vt 0.34375 0.625
vt 0.15625 0.625
vt 0.15625 1
vt 0.71875 0.09375
vt 0.90625 0.09375
vt 0.90625 0.28125
vt 0.71875 0.28125
vt 0.90625 0.09375
vt 0.90625 0.28125
vt 0.71875 0.28125
vt 0.71875 0.09375
vt 0.34375 1
vt 0.34375 0.625
vt 0.15625 0.625
vt 0.15625 1
vt 0.34375 0.625
vt 0.15625 0.625
vt 0.15625 1
vt 0.34375 1
vt 0.875 0.65625
vt 0.75 0.65625
vt 0.75 1
vt 0.875 1
vt 0.875 1
vt 0.875 0.65625
vt 0.75 0.65625
vt 0.75 1
vt 0.75 0.125
vt 0.875 0.125
vt 0.875 0.25
vt 0.75 0.25
vt 0.875 0.125
vt 0.875 0.25
vt 0.75 0.25
vt 0.75 0.125
vt 0.875 1
vt 0.875 0.65625
vt 0.75 0.65625
vt 0.75 1
vt 0.875 0.65625
vt 0.75 0.65625
vt 0.75 1
vt 0.875 1
vn 1.4901161415945886e-8 -0.38268343236508934 0.9238795325112867
vn -1.4901161415945886e-8 0.38268343236508934 -0.9238795325112867
vn 1.022446456139072e-16 0.923879532511287 0.38268343236508956
vn -1.022446456139072e-16 -0.923879532511287 -0.38268343236508956
vn -1 -5.702427622502697e-9 1.3766878032168175e-8
vn 1 5.702427622502697e-9 -1.3766878032168175e-8
vn 1.4901161415945886e-8 -0.3826834323650896 0.9238795325112866
vn -1.4901161415945886e-8 0.38268343236508934 -0.9238795325112867
vn 1.022446456139072e-16 0.923879532511287 0.38268343236508956
vn -1.0224465443716719e-16 -0.9238795325112867 -0.3826834323650901
vn -1 -5.702427622502697e-9 1.3766878032168175e-8
vn 1 5.702427622502697e-9 -1.3766878032168175e-8
usemtl m_3c1d3992-7f85-f4ea-98ed-9db38b3ad20c
f 350/1209/311 349/1210/311 351/1211/311 352/1212/311
f 355/1213/312 353/1214/312 354/1215/312 356/1216/312
f 353/1217/313 349/1218/313 350/1219/313 354/1220/313
f 352/1221/314 351/1222/314 355/1223/314 356/1224/314
f 351/1225/315 349/1226/315 353/1227/315 355/1228/315
f 354/1229/316 350/1230/316 352/1231/316 356/1232/316
f 358/1233/317 357/1234/317 359/1235/317 360/1236/317
f 363/1237/318 361/1238/318 362/1239/318 364/1240/318
f 361/1241/319 357/1242/319 358/1243/319 362/1244/319
f 360/1245/320 359/1246/320 363/1247/320 364/1248/320
f 359/1249/321 357/1250/321 361/1251/321 363/1252/321
f 362/1253/322 358/1254/322 360/1255/322 364/1256/322
o cuboid
v 1.2500000060205796 0.7313948323136324 1.0331704032655025
v 1.6250000060205794 0.7313948344520427 1.0331703981029232
v 1.2500000060205796 0.12509888910310046 0.7820344007759126
v 1.6250000060205794 0.1250988912415108 0.7820343956133333
v 1.2500000004326441 0.8749011194505409 0.68671557857377
v 1.625000000432644 0.8749011215889513 0.6867155734111907
v 1.2500000004326441 0.26860517624000896 0.43557957608418013
v 1.625000000432644 0.26860517837841924 0.4355795709216008
v 1.3437500046235957 0.8250138754144175 0.9704744103247426
v 1.5312500046235955 0.8250138764836227 0.970474407743453
v 1.3437500046235957 0.10323299063997471 0.6715029787895166
v 1.5312500046235955 0.10323299170917988 0.6715029762082269
v 1.3437500018296278 0.8967670189828718 0.7972469979788763
v 1.5312500018296278 0.896767020052077 0.7972469953975867
v 1.3437500018296278 0.174986134208429 0.49827556644365023
v 1.5312500018296278 0.17498613527763418 0.4982755638623606
vt 0.34375 0.625
vt 0.15625 0.625
vt 0.15625 1
vt 0.34375 1
vt 0.34375 1
vt 0.34375 0.625
vt 0.15625 0.625
vt 0.15625 1
vt 0.71875 0.09375
vt 0.90625 0.09375
vt 0.90625 0.28125
vt 0.71875 0.28125
vt 0.90625 0.09375
vt 0.90625 0.28125
vt 0.71875 0.28125
vt 0.71875 0.09375
vt 0.34375 1
vt 0.34375 0.625
vt 0.15625 0.625
vt 0.15625 1
vt 0.34375 0.625
vt 0.15625 0.625
vt 0.15625 1
vt 0.34375 1
vt 0.875 0.65625
vt 0.75 0.65625
vt 0.75 1
vt 0.875 1
vt 0.875 1
vt 0.875 0.65625
vt 0.75 0.65625
vt 0.75 1
vt 0.75 0.125
vt 0.875 0.125
vt 0.875 0.25
vt 0.75 0.25
vt 0.875 0.125
vt 0.875 0.25
vt 0.75 0.25
vt 0.75 0.125
vt 0.875 1
vt 0.875 0.65625
vt 0.75 0.65625
vt 0.75 1
vt 0.875 0.65625
vt 0.75 0.65625
vt 0.75 1
vt 0.875 1
vn 1.4901161415945886e-8 -0.38268343236508934 0.9238795325112867
vn -1.4901161415945886e-8 0.38268343236508934 -0.9238795325112867
vn 1.022446456139072e-16 0.923879532511287 0.38268343236508956
vn -1.022446456139072e-16 -0.923879532511287 -0.38268343236508956
vn -1 -5.702427622502697e-9 1.3766878032168175e-8
vn 1 5.702427622502697e-9 -1.3766878032168175e-8
vn 1.4901161415945886e-8 -0.38268343236508934 0.9238795325112867
vn -1.4901161415945886e-8 0.3826834323650894 -0.9238795325112867
vn 1.022446456139072e-16 0.923879532511287 0.38268343236508956
vn -1.022446500255372e-16 -0.9238795325112868 -0.38268343236508984
vn -1 -5.702427622502697e-9 1.3766878032168175e-8
vn 1 5.702427622502697e-9 -1.3766878032168175e-8
usemtl m_3c1d3992-7f85-f4ea-98ed-9db38b3ad20c
f 366/1257/323 365/1258/323 367/1259/323 368/1260/323
f 371/1261/324 369/1262/324 370/1263/324 372/1264/324
f 369/1265/325 365/1266/325 366/1267/325 370/1268/325
f 368/1269/326 367/1270/326 371/1271/326 372/1272/326
f 367/1273/327 365/1274/327 369/1275/327 371/1276/327
f 370/1277/328 366/1278/328 368/1279/328 372/1280/328
f 374/1281/329 373/1282/329 375/1283/329 376/1284/329
f 379/1285/330 377/1286/330 378/1287/330 380/1288/330
f 377/1289/331 373/1290/331 374/1291/331 378/1292/331
f 376/1293/332 375/1294/332 379/1295/332 380/1296/332
f 375/1297/333 373/1298/333 377/1299/333 379/1300/333
f 378/1301/334 374/1302/334 376/1303/334 380/1304/334
o cuboid
v 0.9626808949803041 0.7313948323136316 1.0979792767960812
v 1.227845941575754 0.731394834452042 1.3631443160905419
v 1.140260865340775 0.12509888910309985 0.9203993064356106
v 1.405425911936225 0.12509889124151036 1.1855643457300713
v 1.2076614469433578 0.8749011194505403 0.8529987169304936
v 1.4728264935388078 0.8749011215889507 1.1181637562249542
v 1.3852414173038285 0.26860517624000857 0.675418746570023
v 1.6504064638992788 0.268605178378419 0.9405837858644835
v 1.0733049164903612 0.8250138754144176 1.1199377747828683
v 1.205887439788086 0.8250138764836228 1.2525202944300986
v 1.2847096431099698 0.10323299063997488 0.9085330481632602
v 1.4172921664076947 0.1032329917091801 1.0411155678104904
v 1.1957951924718881 0.896767018982872 0.9974474948500742
v 1.328377715769613 0.8967670200520772 1.1300300144973043
v 1.4071999190914966 0.17498613420842934 0.7860427682304664
v 1.5397824423892215 0.17498613527763457 0.9186252878776966
vt 0.34375 0.625
vt 0.15625 0.625
vt 0.15625 1
vt 0.34375 1
vt 0.34375 1
vt 0.34375 0.625
vt 0.15625 0.625
vt 0.15625 1
vt 0.71875 0.09375
vt 0.90625 0.09375
vt 0.90625 0.28125
vt 0.71875 0.28125
vt 0.90625 0.09375
vt 0.90625 0.28125
vt 0.71875 0.28125
vt 0.71875 0.09375
vt 0.34375 1
vt 0.34375 0.625
vt 0.15625 0.625
vt 0.15625 1
vt 0.34375 0.625
vt 0.15625 0.625
vt 0.15625 1
vt 0.34375 1
vt 0.875 0.65625
vt 0.75 0.65625
vt 0.75 1
vt 0.875 1
vt 0.875 1
vt 0.875 0.65625
vt 0.75 0.65625
vt 0.75 1
vt 0.75 0.125
vt 0.875 0.125
vt 0.875 0.25
vt 0.75 0.25
vt 0.875 0.125
vt 0.875 0.25
vt 0.75 0.25
vt 0.75 0.125
vt 0.875 1
vt 0.875 0.65625
vt 0.75 0.65625
vt 0.75 1
vt 0.875 0.65625
vt 0.75 0.65625
vt 0.75 1
vt 0.875 1
vn -0.653281471901476 -0.3826834323650896 0.6532814929749003
vn 0.653281471901476 0.3826834323650896 -0.6532814929749003
vn -0.2705980500730988 0.923879532511287 0.27059805007309823
vn 0.2705980500730988 -0.923879532511287 -0.27059805007309823
vn -0.7071067909212 -5.702427890996731e-9 -0.7071067714518949
vn 0.7071067909212 5.702427890996731e-9 0.7071067714518949
vn -0.653281471901476 -0.38268343236509 0.6532814929749003
vn 0.653281471901476 0.3826834323650896 -0.6532814929749003
vn -0.2705980500730988 0.923879532511287 0.27059805007309823
vn 0.27059805007309917 -0.9238795325112867 -0.2705980500730986
vn -0.7071067909212 -5.702427890996731e-9 -0.7071067714518949
vn 0.7071067909212 5.702427890996731e-9 0.7071067714518949
usemtl m_3c1d3992-7f85-f4ea-98ed-9db38b3ad20c
f 382/1305/335 381/1306/335 383/1307/335 384/1308/335
f 387/1309/336 385/1310/336 386/1311/336 388/1312/336
f 385/1313/337 381/1314/337 382/1315/337 386/1316/337
f 384/1317/338 383/1318/338 387/1319/338 388/1320/338
f 383/1321/339 381/1322/339 385/1323/339 387/1324/339
f 386/1325/340 382/1326/340 384/1327/340 388/1328/340
f 390/1329/341 389/1330/341 391/1331/341 392/1332/341
f 395/1333/342 393/1334/342 394/1335/342 396/1336/342
f 393/1337/343 389/1338/343 390/1339/343 394/1340/343
f 392/1341/344 391/1342/344 395/1343/344 396/1344/344
f 391/1345/345 389/1346/345 393/1347/345 395/1348/345
f 394/1349/346 390/1350/346 392/1351/346 396/1352/346
o cuboid
v 0.6533216824700998 0.7313948323136326 1.4073384978241066
v 0.9184867290655498 0.731394834452043 1.672503537118567
v 0.8309016528305708 0.12509888910310063 1.2297585274636358
v 1.0960666994260209 0.12509889124151113 1.4949235667580965
v 0.8983022344331534 0.8749011194505412 1.162357937958519
v 1.1634672810286033 0.8749011215889517 1.4275229772529794
v 1.0758822047936243 0.2686051762400093 0.9847779675980481
v 1.3410472513890745 0.26860517837841974 1.2499430068925088
v 0.7639457039801572 0.8250138754144176 1.4292969958108932
v 0.8965282272778821 0.8250138764836229 1.5618795154581235
v 0.9753504305997656 0.10323299063997493 1.2178922691912852
v 1.1079329538974905 0.10323299170918016 1.3504747888385156
v 0.8864359799616839 0.896767018982872 1.3068067158780994
v 1.0190185032594088 0.8967670200520772 1.4393892355253297
v 1.0978407065812923 0.1749861342084293 1.0954019892584916
v 1.2304232298790172 0.1749861352776345 1.2279845089057217
vt 0.34375 0.625
vt 0.15625 0.625
vt 0.15625 1
vt 0.34375 1
vt 0.34375 1
vt 0.34375 0.625
vt 0.15625 0.625
vt 0.15625 1
vt 0.71875 0.09375
vt 0.90625 0.09375
vt 0.90625 0.28125
vt 0.71875 0.28125
vt 0.90625 0.09375
vt 0.90625 0.28125
vt 0.71875 0.28125
vt 0.71875 0.09375
vt 0.34375 1
vt 0.34375 0.625
vt 0.15625 0.625
vt 0.15625 1
vt 0.34375 0.625
vt 0.15625 0.625
vt 0.15625 1
vt 0.34375 1
vt 0.875 0.65625
vt 0.75 0.65625
vt 0.75 1
vt 0.875 1
vt 0.875 1
vt 0.875 0.65625
vt 0.75 0.65625
vt 0.75 1
vt 0.75 0.125
vt 0.875 0.125
vt 0.875 0.25
vt 0.75 0.25
vt 0.875 0.125
vt 0.875 0.25
vt 0.75 0.25
vt 0.75 0.125
vt 0.875 1
vt 0.875 0.65625
vt 0.75 0.65625
vt 0.75 1
vt 0.875 0.65625
vt 0.75 0.65625
vt 0.75 1
vt 0.875 1
vn -0.653281471901476 -0.3826834323650896 0.6532814929749003
vn 0.653281471901476 0.3826834323650896 -0.6532814929749003
vn -0.2705980500730988 0.923879532511287 0.27059805007309823
vn 0.2705980500730988 -0.923879532511287 -0.27059805007309823
vn -0.7071067909212 -5.702427890996731e-9 -0.7071067714518949
vn 0.7071067909212 5.702427890996731e-9 0.7071067714518949
vn -0.653281471901476 -0.3826834323650896 0.6532814929749003
vn 0.653281471901476 0.38268343236508967 -0.6532814929749003
vn -0.2705980500730988 0.923879532511287 0.27059805007309823
vn 0.27059805007309895 -0.9238795325112868 -0.2705980500730984
vn -0.7071067909212 -5.702427890996731e-9 -0.7071067714518949
vn 0.7071067909212 5.702427890996731e-9 0.7071067714518949
usemtl m_3c1d3992-7f85-f4ea-98ed-9db38b3ad20c
f 398/1353/347 397/1354/347 399/1355/347 400/1356/347
f 403/1357/348 401/1358/348 402/1359/348 404/1360/348
f 401/1361/349 397/1362/349 398/1363/349 402/1364/349
f 400/1365/350 399/1366/350 403/1367/350 404/1368/350
f 399/1369/351 397/1370/351 401/1371/351 403/1372/351
f 402/1373/352 398/1374/352 400/1375/352 404/1376/352
f 406/1377/353 405/1378/353 407/1379/353 408/1380/353
f 411/1381/354 409/1382/354 410/1383/354 412/1384/354
f 409/1385/355 405/1386/355 406/1387/355 410/1388/355
f 408/1389/356 407/1390/356 411/1391/356 412/1392/356
f 407/1393/357 405/1394/357 409/1395/357 411/1396/357
f 410/1397/358 406/1398/358 408/1399/358 412/1400/358
o cuboid
v 0.4043295967344972 0.7313948323136317 1.2499999999975704
v 0.40432960189707634 0.7313948344520421 1.6249999999975706
v 0.6554655992240873 0.12509888910309996 1.2499999999975708
v 0.6554656043866665 0.1250988912415104 1.6249999999975708
v 0.7507844214262299 0.8749011194505404 1.249999994409635
v 0.7507844265888091 0.8749011215889508 1.6249999944096352
v 1.00192042391582 0.2686051762400087 1.2499999944096354
v 1.0019204290783992 0.26860517837841924 1.6249999944096354
v 0.4670255896752569 0.8250138754144176 1.3437499986005865
v 0.4670255922565465 0.8250138764836229 1.5312499986005867
v 0.7659970212104835 0.10323299063997499 1.343749998600587
v 0.765997023791773 0.10323299170918027 1.531249998600587
v 0.6402530020211235 0.896767018982872 1.3437499958066188
v 0.640253004602413 0.8967670200520774 1.5312499958066188
v 0.9392244335563498 0.17498613420842946 1.3437499958066192
v 0.9392244361376394 0.17498613527763474 1.5312499958066192
vt 0.34375 0.625
vt 0.15625 0.625
vt 0.15625 1
vt 0.34375 1
vt 0.34375 1
vt 0.34375 0.625
vt 0.15625 0.625
vt 0.15625 1
vt 0.71875 0.09375
vt 0.90625 0.09375
vt 0.90625 0.28125
vt 0.71875 0.28125
vt 0.90625 0.09375
vt 0.90625 0.28125
vt 0.71875 0.28125
vt 0.71875 0.09375
vt 0.34375 1
vt 0.34375 0.625
vt 0.15625 0.625
vt 0.15625 1
vt 0.34375 0.625
vt 0.15625 0.625
vt 0.15625 1
vt 0.34375 1
vt 0.875 0.65625
vt 0.75 0.65625
vt 0.75 1
vt 0.875 1
vt 0.875 1
vt 0.875 0.65625
vt 0.75 0.65625
vt 0.75 1
vt 0.75 0.125
vt 0.875 0.125
vt 0.875 0.25
vt 0.75 0.25
vt 0.875 0.125
vt 0.875 0.25
vt 0.75 0.25
vt 0.75 0.125
vt 0.875 1
vt 0.875 0.65625
vt 0.75 0.65625
vt 0.75 1
vt 0.875 0.65625
vt 0.75 0.65625
vt 0.75 1
vt 0.875 1
vn -0.9238795325112867 -0.38268343236508984 1.49011612480539e-8
vn 0.9238795325112867 0.38268343236508984 -1.49011612480539e-8
vn -0.38268343236508984 0.9238795325112867 -4.90404742276898e-16
vn 0.38268343236508984 -0.9238795325112867 4.90404742276898e-16
vn -1.3766877700057566e-8 -5.702427985705835e-9 -1
vn 1.3766877700057566e-8 5.702427985705835e-9 1
vn -0.9238795325112866 -0.3826834323650901 1.49011612480539e-8
vn 0.9238795325112867 0.38268343236508984 -1.49011612480539e-8
vn -0.38268343236508984 0.9238795325112867 -4.90404742276898e-16
vn 0.3826834323650904 -0.9238795325112865 4.9040473345363805e-16
vn -1.3766877700057566e-8 -5.702427985705835e-9 -1
vn 1.3766877700057566e-8 5.702427985705835e-9 1
usemtl m_3c1d3992-7f85-f4ea-98ed-9db38b3ad20c
f 414/1401/359 413/1402/359 415/1403/359 416/1404/359
f 419/1405/360 417/1406/360 418/1407/360 420/1408/360
f 417/1409/361 413/1410/361 414/1411/361 418/1412/361
f 416/1413/362 415/1414/362 419/1415/362 420/1416/362
f 415/1417/363 413/1418/363 417/1419/363 419/1420/363
f 418/1421/364 414/1422/364 416/1423/364 420/1424/364
f 422/1425/365 421/1426/365 423/1427/365 424/1428/365
f 427/1429/366 425/1430/366 426/1431/366 428/1432/366
f 425/1433/367 421/1434/367 422/1435/367 426/1436/367
f 424/1437/368 423/1438/368 427/1439/368 428/1440/368
f 423/1441/369 421/1442/369 425/1443/369 427/1444/369
f 426/1445/370 422/1446/370 424/1447/370 428/1448/370
o cuboid
v -0.03317040326550302 0.7313948323136326 1.2500000060205796
v -0.03317039810292388 0.7313948344520431 1.6250000060205796
v 0.2179655992240872 0.12509888910310069 1.2500000060205798
v 0.21796560438666635 0.12509889124151113 1.6250000060205798
v 0.3132844214262295 0.8749011194505413 1.2500000004326441
v 0.3132844265888086 0.8749011215889517 1.6250000004326441
v 0.5644204239158197 0.26860517624000935 1.2500000004326444
v 0.5644204290783988 0.26860517837841985 1.6250000004326444
v 0.02952558967525687 0.8250138754144176 1.3437500046235957
v 0.02952559225654644 0.825013876483623 1.5312500046235957
v 0.3284970212104833 0.10323299063997493 1.3437500046235962
v 0.3284970237917729 0.10323299170918021 1.531250004623596
v 0.20275300202112306 0.896767018982872 1.343750001829628
v 0.20275300460241263 0.8967670200520773 1.531250001829628
v 0.5017244335563495 0.17498613420842934 1.3437500018296284
v 0.5017244361376391 0.17498613527763462 1.5312500018296282
vt 0.34375 0.625
vt 0.15625 0.625
vt 0.15625 1
vt 0.34375 1
vt 0.34375 1
vt 0.34375 0.625
vt 0.15625 0.625
vt 0.15625 1
vt 0.71875 0.09375
vt 0.90625 0.09375
vt 0.90625 0.28125
vt 0.71875 0.28125
vt 0.90625 0.09375
vt 0.90625 0.28125
vt 0.71875 0.28125
vt 0.71875 0.09375
vt 0.34375 1
vt 0.34375 0.625
vt 0.15625 0.625
vt 0.15625 1
vt 0.34375 0.625
vt 0.15625 0.625
vt 0.15625 1
vt 0.34375 1
vt 0.875 0.65625
vt 0.75 0.65625
vt 0.75 1
vt 0.875 1
vt 0.875 1
vt 0.875 0.65625
vt 0.75 0.65625
vt 0.75 1
vt 0.75 0.125
vt 0.875 0.125
vt 0.875 0.25
vt 0.75 0.25
vt 0.875 0.125
vt 0.875 0.25
vt 0.75 0.25
vt 0.75 0.125
vt 0.875 1
vt 0.875 0.65625
vt 0.75 0.65625
vt 0.75 1
vt 0.875 0.65625
vt 0.75 0.65625
vt 0.75 1
vt 0.875 1
vn -0.9238795325112867 -0.38268343236508984 1.49011612480539e-8
vn 0.9238795325112867 0.38268343236508984 -1.49011612480539e-8
vn -0.38268343236508984 0.9238795325112867 -4.90404742276898e-16
vn 0.38268343236508984 -0.9238795325112867 4.90404742276898e-16
vn -1.3766877700057566e-8 -5.702427985705835e-9 -1
vn 1.3766877700057566e-8 5.702427985705835e-9 1
vn -0.9238795325112867 -0.38268343236508984 1.49011612480539e-8
vn 0.9238795325112867 0.3826834323650899 -1.49011612480539e-8
vn -0.38268343236508984 0.9238795325112867 -4.90404742276898e-16
vn 0.3826834323650901 -0.9238795325112866 4.90404737865268e-16
vn -1.3766877700057566e-8 -5.702427985705835e-9 -1
vn 1.3766877700057566e-8 5.702427985705835e-9 1
usemtl m_3c1d3992-7f85-f4ea-98ed-9db38b3ad20c
f 430/1449/371 429/1450/371 431/1451/371 432/1452/371
f 435/1453/372 433/1454/372 434/1455/372 436/1456/372
f 433/1457/373 429/1458/373 430/1459/373 434/1460/373
f 432/1461/374 431/1462/374 435/1463/374 436/1464/374
f 431/1465/375 429/1466/375 433/1467/375 435/1468/375
f 434/1469/376 430/1470/376 432/1471/376 436/1472/376
f 438/1473/377 437/1474/377 439/1475/377 440/1476/377
f 443/1477/378 441/1478/378 442/1479/378 444/1480/378
f 441/1481/379 437/1482/379 438/1483/379 442/1484/379
f 440/1485/380 439/1486/380 443/1487/380 444/1488/380
f 439/1489/381 437/1490/381 441/1491/381 443/1492/381
f 442/1493/382 438/1494/382 440/1495/382 444/1496/382
o cuboid
v -0.09797927679608132 0.7313948323136317 0.9626808949803041
v -0.3631443160905419 0.7313948344520422 1.227845941575754
v 0.07960069356438937 0.12509888910310002 1.1402608653407753
v -0.1855643457300712 0.12509889124151058 1.4054259119362253
v 0.1470012830695065 0.8749011194505405 1.2076614469433578
v -0.11816375622495401 0.8749011215889511 1.4728264935388076
v 0.3245812534299771 0.2686051762400088 1.3852414173038288
v 0.059416214135516565 0.26860517837841935 1.6504064638992788
v -0.11993777478286827 0.8250138754144177 1.0733049164903612
v -0.2525202944300985 0.825013876483623 1.2058874397880863
v 0.09146695183673986 0.1032329906399751 1.2847096431099698
v -0.04111556781049042 0.10323299170918038 1.417292166407695
v 0.002552505149925721 0.8967670189828723 1.1957951924718881
v -0.13003001449730445 0.8967670200520774 1.328377715769613
v 0.21395723176953368 0.17498613420842957 1.4071999190914966
v 0.08137471212230346 0.17498613527763485 1.5397824423892217
vt 0.34375 0.625
vt 0.15625 0.625
vt 0.15625 1
vt 0.34375 1
vt 0.34375 1
vt 0.34375 0.625
vt 0.15625 0.625
vt 0.15625 1
vt 0.71875 0.09375
vt 0.90625 0.09375
vt 0.90625 0.28125
vt 0.71875 0.28125
vt 0.90625 0.09375
vt 0.90625 0.28125
vt 0.71875 0.28125
vt 0.71875 0.09375
vt 0.34375 1
vt 0.34375 0.625
vt 0.15625 0.625
vt 0.15625 1
vt 0.34375 0.625
vt 0.15625 0.625
vt 0.15625 1
vt 0.34375 1
vt 0.875 0.65625
vt 0.75 0.65625
vt 0.75 1
vt 0.875 1
vt 0.875 1
vt 0.875 0.65625
vt 0.75 0.65625
vt 0.75 1
vt 0.75 0.125
vt 0.875 0.125
vt 0.875 0.25
vt 0.75 0.25
vt 0.875 0.125
vt 0.875 0.25
vt 0.75 0.25
vt 0.75 0.125
vt 0.875 1
vt 0.875 0.65625
vt 0.75 0.65625
vt 0.75 1
vt 0.875 0.65625
vt 0.75 0.65625
vt 0.75 1
vt 0.875 1
vn -0.6532814929749003 -0.38268343236508984 -0.6532814719014759
vn 0.6532814929749003 0.38268343236508984 0.6532814719014759
vn -0.2705980500730982 0.9238795325112867 -0.27059805007309895
vn 0.2705980500730982 -0.9238795325112867 0.27059805007309895
vn 0.7071067714518948 -5.702428113041336e-9 -0.7071067909212001
vn -0.7071067714518948 5.702428113041336e-9 0.7071067909212001
vn -0.6532814929749003 -0.3826834323650902 -0.6532814719014759
vn 0.6532814929749003 0.38268343236508984 0.6532814719014759
vn -0.2705980500730982 0.9238795325112867 -0.27059805007309895
vn 0.27059805007309856 -0.9238795325112865 0.27059805007309934
vn 0.7071067714518948 -5.702428113041336e-9 -0.7071067909212001
vn -0.7071067714518948 5.702428113041336e-9 0.7071067909212001
usemtl m_3c1d3992-7f85-f4ea-98ed-9db38b3ad20c
f 446/1497/383 445/1498/383 447/1499/383 448/1500/383
f 451/1501/384 449/1502/384 450/1503/384 452/1504/384
f 449/1505/385 445/1506/385 446/1507/385 450/1508/385
f 448/1509/386 447/1510/386 451/1511/386 452/1512/386
f 447/1513/387 445/1514/387 449/1515/387 451/1516/387
f 450/1517/388 446/1518/388 448/1519/388 452/1520/388
f 454/1521/389 453/1522/389 455/1523/389 456/1524/389
f 459/1525/390 457/1526/390 458/1527/390 460/1528/390
f 457/1529/391 453/1530/391 454/1531/391 458/1532/391
f 456/1533/392 455/1534/392 459/1535/392 460/1536/392
f 455/1537/393 453/1538/393 457/1539/393 459/1540/393
f 458/1541/394 454/1542/394 456/1543/394 460/1544/394
o cuboid
v -0.4073384978241066 0.7313948323136327 0.6533216824701
v -0.6725035371185673 0.7313948344520432 0.9184867290655501
v -0.2297585274636358 0.12509888910310074 0.8309016528305712
v -0.49492356675809646 0.1250988912415113 1.096066699426021
v -0.16235793795851894 0.8749011194505414 0.8983022344331534
v -0.4275229772529794 0.874901121588952 1.1634672810286033
v 0.015222032401951857 0.26860517624000946 1.0758822047936247
v -0.2499430068925087 0.26860517837842 1.3410472513890745
v -0.4292969958108934 0.8250138754144178 0.7639457039801572
v -0.5618795154581235 0.825013876483623 0.8965282272778823
v -0.21789226919128535 0.10323299063997504 0.9753504305997657
v -0.35047478883851557 0.10323299170918032 1.1079329538974907
v -0.3068067158780996 0.8967670189828721 0.8864359799616839
v -0.4393892355253297 0.8967670200520774 1.019018503259409
v -0.09540198925849153 0.17498613420842946 1.0978407065812923
v -0.22798450890572175 0.17498613527763474 1.2304232298790176
vt 0.34375 0.625
vt 0.15625 0.625
vt 0.15625 1
vt 0.34375 1
vt 0.34375 1
vt 0.34375 0.625
vt 0.15625 0.625
vt 0.15625 1
vt 0.71875 0.09375
vt 0.90625 0.09375
vt 0.90625 0.28125
vt 0.71875 0.28125
vt 0.90625 0.09375
vt 0.90625 0.28125
vt 0.71875 0.28125
vt 0.71875 0.09375
vt 0.34375 1
vt 0.34375 0.625
vt 0.15625 0.625
vt 0.15625 1
vt 0.34375 0.625
vt 0.15625 0.625
vt 0.15625 1
vt 0.34375 1
vt 0.875 0.65625
vt 0.75 0.65625
vt 0.75 1
vt 0.875 1
vt 0.875 1
vt 0.875 0.65625
vt 0.75 0.65625
vt 0.75 1
vt 0.75 0.125
vt 0.875 0.125
vt 0.875 0.25
vt 0.75 0.25
vt 0.875 0.125
vt 0.875 0.25
vt 0.75 0.25
vt 0.75 0.125
vt 0.875 1
vt 0.875 0.65625
vt 0.75 0.65625
vt 0.75 1
vt 0.875 0.65625
vt 0.75 0.65625
vt 0.75 1
vt 0.875 1
vn -0.6532814929749003 -0.38268343236508984 -0.6532814719014759
vn 0.6532814929749003 0.38268343236508984 0.6532814719014759
vn -0.2705980500730982 0.9238795325112867 -0.27059805007309895
vn 0.2705980500730982 -0.9238795325112867 0.27059805007309895
vn 0.7071067714518948 -5.702428113041336e-9 -0.7071067909212001
vn -0.7071067714518948 5.702428113041336e-9 0.7071067909212001
vn -0.6532814929749003 -0.38268343236508984 -0.6532814719014759
vn 0.6532814929749003 0.3826834323650899 0.6532814719014759
vn -0.2705980500730982 0.9238795325112867 -0.27059805007309895
vn 0.27059805007309834 -0.9238795325112866 0.2705980500730991
vn 0.7071067714518948 -5.702428113041336e-9 -0.7071067909212001
vn -0.7071067714518948 5.702428113041336e-9 0.7071067909212001
usemtl m_3c1d3992-7f85-f4ea-98ed-9db38b3ad20c
f 462/1545/395 461/1546/395 463/1547/395 464/1548/395
f 467/1549/396 465/1550/396 466/1551/396 468/1552/396
f 465/1553/397 461/1554/397 462/1555/397 466/1556/397
f 464/1557/398 463/1558/398 467/1559/398 468/1560/398
f 463/1561/399 461/1562/399 465/1563/399 467/1564/399
f 466/1565/400 462/1566/400 464/1567/400 468/1568/400
f 470/1569/401 469/1570/401 471/1571/401 472/1572/401
f 475/1573/402 473/1574/402 474/1575/402 476/1576/402
f 473/1577/403 469/1578/403 470/1579/403 474/1580/403
f 472/1581/404 471/1582/404 475/1583/404 476/1584/404
f 471/1585/405 469/1586/405 473/1587/405 475/1588/405
f 474/1589/406 470/1590/406 472/1591/406 476/1592/406
o cuboid
v -0.25000000000242917 0.7313948237599901 0.4043295760841805
v -0.625000000002429 0.7313948216215798 0.4043295709216012
v -0.25000000000242906 0.12509888054945828 0.6554655785737703
v -0.625000000002429 0.12509887841104794 0.655465573411191
v -0.2500000055903646 0.8749011108968987 0.7507844007759131
v -0.6250000055903644 0.8749011087584884 0.7507843956133339
v -0.2500000055903646 0.2686051676863669 1.001920403265503
v -0.6250000055903644 0.26860516554795655 1.0019203981029237
v -0.3437500013994129 0.8250138657915708 0.4670255664436506
v -0.5312500013994128 0.8250138647223656 0.46702556386236094
v -0.3437500013994129 0.10323298101712808 0.7659969979788769
v -0.5312500013994128 0.10323297994792291 0.7659969953975873
v -0.34375000419338064 0.8967670093600251 0.640252978789517
v -0.5312500041933805 0.8967670082908199 0.6402529762082274
v -0.34375000419338064 0.17498612458558244 0.9392244103247431
v -0.5312500041933805 0.17498612351637727 0.9392244077434535
vt 0.34375 0.625
vt 0.15625 0.625
vt 0.15625 1
vt 0.34375 1
vt 0.34375 1
vt 0.34375 0.625
vt 0.15625 0.625
vt 0.15625 1
vt 0.71875 0.09375
vt 0.90625 0.09375
vt 0.90625 0.28125
vt 0.71875 0.28125
vt 0.90625 0.09375
vt 0.90625 0.28125
vt 0.71875 0.28125
vt 0.71875 0.09375
vt 0.34375 1
vt 0.34375 0.625
vt 0.15625 0.625
vt 0.15625 1
vt 0.34375 0.625
vt 0.15625 0.625
vt 0.15625 1
vt 0.34375 1
vt 0.875 0.65625
vt 0.75 0.65625
vt 0.75 1
vt 0.875 1
vt 0.875 1
vt 0.875 0.65625
vt 0.75 0.65625
vt 0.75 1
vt 0.75 0.125
vt 0.875 0.125
vt 0.875 0.25
vt 0.75 0.25
vt 0.875 0.125
vt 0.875 0.25
vt 0.75 0.25
vt 0.75 0.125
vt 0.875 1
vt 0.875 0.65625
vt 0.75 0.65625
vt 0.75 1
vt 0.875 0.65625
vt 0.75 0.65625
vt 0.75 1
vt 0.875 1
vn 1.4901161415945886e-8 -0.38268343236508934 -0.9238795325112867
vn -1.4901161415945886e-8 0.38268343236508934 0.9238795325112867
vn 1.022446456139072e-16 0.923879532511287 -0.38268343236508956
vn -1.022446456139072e-16 -0.923879532511287 0.38268343236508956
vn 1 5.702427622502697e-9 1.3766878032168175e-8
vn -1 -5.702427622502697e-9 -1.3766878032168175e-8
vn 1.4901161415945886e-8 -0.3826834323650896 -0.9238795325112866
vn -1.4901161415945886e-8 0.38268343236508934 0.9238795325112867
vn 1.022446456139072e-16 0.923879532511287 -0.38268343236508956
vn -1.0224465443716719e-16 -0.9238795325112867 0.3826834323650901
vn 1 5.702427622502697e-9 1.3766878032168175e-8
vn -1 -5.702427622502697e-9 -1.3766878032168175e-8
usemtl m_3c1d3992-7f85-f4ea-98ed-9db38b3ad20c
f 478/1593/407 477/1594/407 479/1595/407 480/1596/407
f 483/1597/408 481/1598/408 482/1599/408 484/1600/408
f 481/1601/409 477/1602/409 478/1603/409 482/1604/409
f 480/1605/410 479/1606/410 483/1607/410 484/1608/410
f 479/1609/411 477/1610/411 481/1611/411 483/1612/411
f 482/1613/412 478/1614/412 480/1615/412 484/1616/412
f 486/1617/413 485/1618/413 487/1619/413 488/1620/413
f 491/1621/414 489/1622/414 490/1623/414 492/1624/414
f 489/1625/415 485/1626/415 486/1627/415 490/1628/415
f 488/1629/416 487/1630/416 491/1631/416 492/1632/416
f 487/1633/417 485/1634/417 489/1635/417 491/1636/417
f 490/1637/418 486/1638/418 488/1639/418 492/1640/418
o cuboid
v -0.24999999397941997 0.7313948237599912 -0.03317042391581948
v -0.6249999939794197 0.7313948216215809 -0.033170429078398844
v -0.24999999397941997 0.12509888054945922 0.2179655785737703
v -0.6249999939794197 0.12509887841104889 0.21796557341119105
v -0.24999999956735552 0.8749011108968997 0.31328440077591285
v -0.6249999995673552 0.8749011087584894 0.31328439561333354
v -0.24999999956735552 0.2686051676863677 0.5644204032655027
v -0.6249999995673552 0.26860516554795744 0.5644203981029234
v -0.3437499953764037 0.8250138657915711 0.029525566443650675
v -0.5312499953764036 0.8250138647223659 0.02952556386236105
v -0.3437499953764037 0.1032329810171283 0.3284969979788767
v -0.5312499953764036 0.10323297994792313 0.32849699539758703
v -0.34374999817037155 0.8967670093600253 0.20275297878951687
v -0.5312499981703713 0.8967670082908201 0.20275297620822724
v -0.34374999817037155 0.1749861245855826 0.501724410324743
v -0.5312499981703713 0.17498612351637743 0.5017244077434534
vt 0.34375 0.625
vt 0.15625 0.625
vt 0.15625 1
vt 0.34375 1
vt 0.34375 1
vt 0.34375 0.625
vt 0.15625 0.625
vt 0.15625 1
vt 0.71875 0.09375
vt 0.90625 0.09375
vt 0.90625 0.28125
vt 0.71875 0.28125
vt 0.90625 0.09375
vt 0.90625 0.28125
vt 0.71875 0.28125
vt 0.71875 0.09375
vt 0.34375 1
vt 0.34375 0.625
vt 0.15625 0.625
vt 0.15625 1
vt 0.34375 0.625
vt 0.15625 0.625
vt 0.15625 1
vt 0.34375 1
vt 0.875 0.65625
vt 0.75 0.65625
vt 0.75 1
vt 0.875 1
vt 0.875 1
vt 0.875 0.65625
vt 0.75 0.65625
vt 0.75 1
vt 0.75 0.125
vt 0.875 0.125
vt 0.875 0.25
vt 0.75 0.25
vt 0.875 0.125
vt 0.875 0.25
vt 0.75 0.25
vt 0.75 0.125
vt 0.875 1
vt 0.875 0.65625
vt 0.75 0.65625
vt 0.75 1
vt 0.875 0.65625
vt 0.75 0.65625
vt 0.75 1
vt 0.875 1
vn 1.4901161415945886e-8 -0.38268343236508934 -0.9238795325112867
vn -1.4901161415945886e-8 0.38268343236508934 0.9238795325112867
vn 1.022446456139072e-16 0.923879532511287 -0.38268343236508956
vn -1.022446456139072e-16 -0.923879532511287 0.38268343236508956
vn 1 5.702427622502697e-9 1.3766878032168175e-8
vn -1 -5.702427622502697e-9 -1.3766878032168175e-8
vn 1.4901161415945886e-8 -0.38268343236508934 -0.9238795325112867
vn -1.4901161415945886e-8 0.3826834323650894 0.9238795325112867
vn 1.022446456139072e-16 0.923879532511287 -0.38268343236508956
vn -1.022446500255372e-16 -0.9238795325112868 0.38268343236508984
vn 1 5.702427622502697e-9 1.3766878032168175e-8
vn -1 -5.702427622502697e-9 -1.3766878032168175e-8
usemtl m_3c1d3992-7f85-f4ea-98ed-9db38b3ad20c
f 494/1641/419 493/1642/419 495/1643/419 496/1644/419
f 499/1645/420 497/1646/420 498/1647/420 500/1648/420
f 497/1649/421 493/1650/421 494/1651/421 498/1652/421
f 496/1653/422 495/1654/422 499/1655/422 500/1656/422
f 495/1657/423 493/1658/423 497/1659/423 499/1660/423
f 498/1661/424 494/1662/424 496/1663/424 500/1664/424
f 502/1665/425 501/1666/425 503/1667/425 504/1668/425
f 507/1669/426 505/1670/426 506/1671/426 508/1672/426
f 505/1673/427 501/1674/427 502/1675/427 506/1676/427
f 504/1677/428 503/1678/428 507/1679/428 508/1680/428
f 503/1681/429 501/1682/429 505/1683/429 507/1684/429
f 506/1685/430 502/1686/430 504/1687/430 508/1688/430
o cuboid
v 0.03731911961823975 0.7313948237599899 -0.09797929140149642
v -0.22784591967622048 0.7313948216215795 -0.3631443379969468
v -0.14026085074223094 0.12509888054945806 0.07960067895897416
v -0.40542589003669116 0.12509887841104766 -0.1855643676364762
v -0.20766144024734823 0.8749011108968985 0.14700126056155705
v -0.47282647954180845 0.8749011087584881 -0.11816378603389333
v -0.385241410607819 0.26860516768636666 0.32458123092202756
v -0.6504064499022792 0.26860516554795627 0.05941618432657719
v -0.07330490204220352 0.8250138657915707 -0.11993779318916431
v -0.20588742168943364 0.8250138647223655 -0.25252031648688955
v -0.2847096286618118 0.10323298101712786 0.09146693343044365
v -0.41729214830904193 0.10323297994792269 -0.04111558986728159
v -0.19579518197499768 0.8967670093600251 0.002552482792362476
v -0.3283777016222278 0.8967670082908199 -0.1300300405053627
v -0.40719990859460575 0.17498612458558221 0.21395720941197027
v -0.539782428241836 0.17498612351637705 0.08137468611424503
vt 0.34375 0.625
vt 0.15625 0.625
vt 0.15625 1
vt 0.34375 1
vt 0.34375 1
vt 0.34375 0.625
vt 0.15625 0.625
vt 0.15625 1
vt 0.71875 0.09375
vt 0.90625 0.09375
vt 0.90625 0.28125
vt 0.71875 0.28125
vt 0.90625 0.09375
vt 0.90625 0.28125
vt 0.71875 0.28125
vt 0.71875 0.09375
vt 0.34375 1
vt 0.34375 0.625
vt 0.15625 0.625
vt 0.15625 1
vt 0.34375 0.625
vt 0.15625 0.625
vt 0.15625 1
vt 0.34375 1
vt 0.875 0.65625
vt 0.75 0.65625
vt 0.75 1
vt 0.875 1
vt 0.875 1
vt 0.875 0.65625
vt 0.75 0.65625
vt 0.75 1
vt 0.75 0.125
vt 0.875 0.125
vt 0.875 0.25
vt 0.75 0.25
vt 0.875 0.125
vt 0.875 0.25
vt 0.75 0.25
vt 0.75 0.125
vt 0.875 1
vt 0.875 0.65625
vt 0.75 0.65625
vt 0.75 1
vt 0.875 0.65625
vt 0.75 0.65625
vt 0.75 1
vt 0.875 1
vn 0.6532814929749012 -0.38268343236508934 -0.6532814719014755
vn -0.6532814929749012 0.38268343236508934 0.6532814719014755
vn 0.27059805007309845 0.9238795325112871 -0.27059805007309806
vn -0.27059805007309845 -0.9238795325112871 0.27059805007309806
vn 0.707106771451894 5.702427668952126e-9 0.7071067909212009
vn -0.707106771451894 -5.702427668952126e-9 -0.7071067909212009
vn 0.6532814929749011 -0.3826834323650896 -0.6532814719014753
vn -0.6532814929749012 0.38268343236508934 0.6532814719014755
vn 0.27059805007309845 0.9238795325112871 -0.27059805007309806
vn -0.27059805007309884 -0.9238795325112868 0.27059805007309845
vn 0.707106771451894 5.702427668952126e-9 0.7071067909212009
vn -0.707106771451894 -5.702427668952126e-9 -0.7071067909212009
usemtl m_3c1d3992-7f85-f4ea-98ed-9db38b3ad20c
f 510/1689/431 509/1690/431 511/1691/431 512/1692/431
f 515/1693/432 513/1694/432 514/1695/432 516/1696/432
f 513/1697/433 509/1698/433 510/1699/433 514/1700/433
f 512/1701/434 511/1702/434 515/1703/434 516/1704/434
f 511/1705/435 509/1706/435 513/1707/435 515/1708/435
f 514/1709/436 510/1710/436 512/1711/436 516/1712/436
f 518/1713/437 517/1714/437 519/1715/437 520/1716/437
f 523/1717/438 521/1718/438 522/1719/438 524/1720/438
f 521/1721/439 517/1722/439 518/1723/439 522/1724/439
f 520/1725/440 519/1726/440 523/1727/440 524/1728/440
f 519/1729/441 517/1730/441 521/1731/441 523/1732/441
f 522/1733/442 518/1734/442 520/1735/442 524/1736/442
o cuboid
v 0.34667834064626535 0.731394823759991 -0.4073385039117001
v 0.08151330135180512 0.7313948216215806 -0.6725035505071506
v 0.1690983702857945 0.12509888054945906 -0.22975853355122955
v -0.09606666900866578 0.12509887841104866 -0.49492358014668003
v 0.10169778078067737 0.8749011108968996 -0.16235795194864688
v -0.16346725851378285 0.8749011087584891 -0.42752299854409725
v -0.07588218957979342 0.26860516768636755 0.01522201841182369
v -0.34104722887425365 0.26860516554795716 -0.24994302818362668
v 0.23605431898582185 0.825013865791571 -0.429297005699368
v 0.10347179933859174 0.8250138647223658 -0.5618795289970933
v 0.02464959236621378 0.10323298101712808 -0.21789227907976016
v -0.10793292728101633 0.10323297994792291 -0.3504748023774854
v 0.11356403905302792 0.8967670093600253 -0.3068067297178414
v -0.01901848059420219 0.8967670082908201 -0.43938925301556664
v -0.09784068756658015 0.17498612458558238 -0.09540200309823355
v -0.23042320721381027 0.1749861235163772 -0.2279845263959588
vt 0.34375 0.625
vt 0.15625 0.625
vt 0.15625 1
vt 0.34375 1
vt 0.34375 1
vt 0.34375 0.625
vt 0.15625 0.625
vt 0.15625 1
vt 0.71875 0.09375
vt 0.90625 0.09375
vt 0.90625 0.28125
vt 0.71875 0.28125
vt 0.90625 0.09375
vt 0.90625 0.28125
vt 0.71875 0.28125
vt 0.71875 0.09375
vt 0.34375 1
vt 0.34375 0.625
vt 0.15625 0.625
vt 0.15625 1
vt 0.34375 0.625
vt 0.15625 0.625
vt 0.15625 1
vt 0.34375 1
vt 0.875 0.65625
vt 0.75 0.65625
vt 0.75 1
vt 0.875 1
vt 0.875 1
vt 0.875 0.65625
vt 0.75 0.65625
vt 0.75 1
vt 0.75 0.125
vt 0.875 0.125
vt 0.875 0.25
vt 0.75 0.25
vt 0.875 0.125
vt 0.875 0.25
vt 0.75 0.25
vt 0.75 0.125
vt 0.875 1
vt 0.875 0.65625
vt 0.75 0.65625
vt 0.75 1
vt 0.875 0.65625
vt 0.75 0.65625
vt 0.75 1
vt 0.875 1
vn 0.6532814929749012 -0.38268343236508934 -0.6532814719014755
vn -0.6532814929749012 0.38268343236508934 0.6532814719014755
vn 0.27059805007309845 0.9238795325112871 -0.27059805007309806
vn -0.27059805007309845 -0.9238795325112871 0.27059805007309806
vn 0.707106771451894 5.702427668952126e-9 0.7071067909212009
vn -0.707106771451894 -5.702427668952126e-9 -0.7071067909212009
vn 0.6532814929749012 -0.38268343236508934 -0.6532814719014755
vn -0.6532814929749012 0.3826834323650894 0.6532814719014755
vn 0.27059805007309845 0.9238795325112871 -0.27059805007309806
vn -0.2705980500730986 -0.923879532511287 0.27059805007309823
vn 0.707106771451894 5.702427668952126e-9 0.7071067909212009
vn -0.707106771451894 -5.702427668952126e-9 -0.7071067909212009
usemtl m_3c1d3992-7f85-f4ea-98ed-9db38b3ad20c
f 526/1737/443 525/1738/443 527/1739/443 528/1740/443
f 531/1741/444 529/1742/444 530/1743/444 532/1744/444
f 529/1745/445 525/1746/445 526/1747/445 530/1748/445
f 528/1749/446 527/1750/446 531/1751/446 532/1752/446
f 527/1753/447 525/1754/447 529/1755/447 531/1756/447
f 530/1757/448 526/1758/448 528/1759/448 532/1760/448
f 534/1761/449 533/1762/449 535/1763/449 536/1764/449
f 539/1765/450 537/1766/450 538/1767/450 540/1768/450
f 537/1769/451 533/1770/451 534/1771/451 538/1772/451
f 536/1773/452 535/1774/452 539/1775/452 540/1776/452
f 535/1777/453 533/1778/453 537/1779/453 539/1780/453
f 538/1781/454 534/1782/454 536/1783/454 540/1784/454
o cube
v 0.6250000000000002 -0.06250000000000089 0.375
v 0.3750000000000002 -0.06250000000000089 0.375
v 0.3750000000000002 1.0624999999999991 0.375
v 0.6250000000000002 1.0624999999999991 0.375
v 0.6250000000000002 -0.06250000000000089 0.625
v 0.6250000000000002 1.0624999999999991 0.625
v 0.3750000000000002 -0.06250000000000089 0.625
v 0.3750000000000002 1.0624999999999991 0.625
vt 0.375 0
vt 0.625 0
vt 0.625 1
vt 0.375 1
vt 0.375 0
vt 0.625 0
vt 0.625 1
vt 0.375 1
vt 0.375 0
vt 0.625 0
vt 0.625 1
vt 0.375 1
vt 0.375 0
vt 0.625 0
vt 0.625 1
vt 0.375 1
vt 0.375 0.375
vt 0.625 0.375
vt 0.625 0.625
vt 0.375 0.625
vt 0.375 0.375
vt 0.625 0.375
vt 0.625 0.625
vt 0.375 0.625
vn 0 0 -1
vn 1 0 0
vn 0 0 1
vn -1 0 0
vn 0 1 0
vn 0 -1 0
usemtl m_0d7b779b-5dbe-4ab2-1046-f8504d2dc7b9
f 541/1785/455 542/1786/455 543/1787/455 544/1788/455
f 545/1789/456 541/1790/456 544/1791/456 546/1792/456
f 547/1793/457 545/1794/457 546/1795/457 548/1796/457
f 542/1797/458 547/1798/458 548/1799/458 543/1800/458
usemtl m_6c0b3970-217d-c6a5-623a-5eac11bb32d8
f 548/1801/459 546/1802/459 544/1803/459 543/1804/459
f 542/1805/460 541/1806/460 545/1807/460 547/1808/460