# Made in Blockbench 4.12.0-beta.3
mtllib item.mtl

o shaft
v 0.3750000000000002 1 0.375
v 0.6250000000000002 1 0.375
v 0.6249999999999998 0 0.375
v 0.3749999999999998 5.551115123125783e-17 0.375
v 0.3750000000000002 1 0.625
v 0.3749999999999998 5.551115123125783e-17 0.625
v 0.6250000000000002 1 0.625
v 0.6249999999999998 0 0.625
vt 0.375 0
vt 0.625 0
vt 0.625 1
vt 0.375 1
vt 0.375 0
vt 0.625 0
vt 0.625 1
vt 0.375 1
vt 0.375 0
vt 0.625 0
vt 0.625 1
vt 0.375 1
vt 0.375 0
vt 0.625 0
vt 0.625 1
vt 0.375 1
vt 0.375 0.375
vt 0.625 0.375
vt 0.625 0.625
vt 0.375 0.625
vt 0.375 0.375
vt 0.625 0.375
vt 0.625 0.625
vt 0.375 0.625
vn 0 0 -1
vn -1 4.440892098500626e-16 0
vn 0 0 1
vn 1 -4.440892098500626e-16 0
vn -2.220446049250313e-16 -1 0
vn 0 1 0
usemtl m_b994c0c1-7d5c-0a1f-d7c4-2adbbeb493eb
f 1/1/1 2/2/1 3/3/1 4/4/1
f 5/5/2 1/6/2 4/7/2 6/8/2
f 7/9/3 5/10/3 6/11/3 8/12/3
f 2/13/4 7/14/4 8/15/4 3/16/4
usemtl m_5d8b2f8e-ebcc-b5b7-5eeb-e4049157f6c5
f 8/17/5 6/18/5 4/19/5 3/20/5
f 2/21/6 1/22/6 5/23/6 7/24/6
o core
v 0.7956730769230765 0.9375000000000002 0.43750000000000044
v 0.9206730769230765 0.9375000000000002 0.43750000000000044
v 0.9206730769230765 0.9375000000000002 0.5625000000000004
v 0.7956730769230765 0.9375000000000002 0.5625000000000004
v 0.7956730769230768 0.06250000000000011 0.5625000000000004
v 0.9206730769230768 0.06250000000000022 0.5625000000000004
v 0.9206730769230768 0.06250000000000022 0.43750000000000044
v 0.7956730769230768 0.06250000000000011 0.43750000000000044
v 1.2956730769230762 0.875 0.6875000000000002
v 0.9206730769230762 0.875 0.6875000000000002
v 0.9206730769230761 0.875 0.3125000000000002
v 1.2956730769230762 0.875 0.3125000000000002
v 1.295673076923076 0.125 0.31250000000000044
v 0.9206730769230762 0.12500000000000022 0.31250000000000044
v 0.9206730769230762 0.12500000000000022 0.6875000000000004
v 1.2956730769230762 0.125 0.6875000000000004
v 0.9206730769230762 0.875 0.6875000000000004
v 0.9206730769230762 0.875 0.31250000000000044
v 0.9206730769230764 0.12500000000000022 0.31250000000000044
v 0.9206730769230764 0.12500000000000022 0.6875000000000004
v 0.6706730769230762 0.875 0.06250000000000044
v 0.6706730769230764 0.12500000000000022 0.06250000000000044
v 0.8477562019230764 0.12500000000000022 0.6510156250000003
v 0.8477562019230764 0.12500000000000022 0.3489850000000003
v 0.295673076923076 0.8750000000000002 0.06250000000000044
v 0.2956730769230764 0.125 0.06250000000000044
v 0.6341880769230763 0.12500000000000022 0.13541687500000044
v 0.045673076923075984 0.8750000000000002 0.31250000000000044
v 0.04567307692307643 0.125 0.31250000000000044
v 0.33215745192307633 0.125 0.13541687500000044
v 0.045673076923075984 0.8750000000000002 0.6875000000000004
v 0.04567307692307643 0.125 0.6875000000000004
v 0.11858995192307642 0.125 0.3489850000000003
v 0.295673076923076 0.8750000000000002 0.9375000000000004
v 0.2956730769230764 0.125 0.9375000000000004
v 0.11858995192307642 0.125 0.6510156250000003
v 0.6706730769230762 0.875 0.9375000000000004
v 0.6706730769230764 0.12500000000000022 0.9375000000000004
v 0.3321580769230763 0.125 0.8645831250000005
v 0.6341887019230763 0.12500000000000022 0.8645831250000005
v 0.48317307692307665 0.125 0.5000000000000004
v 0.4831730769230764 0.8750000000000002 0.5000000000000004
v 0.8477562019230762 0.875 0.34898437500000057
v 0.8477562019230762 0.875 0.6510150000000006
v 0.6341880769230762 0.875 0.8645831250000005
v 0.3321574519230761 0.8750000000000002 0.8645831250000005
v 0.1185899519230762 0.8750000000000002 0.6510150000000006
v 0.1185899519230762 0.8750000000000002 0.34898437500000057
v 0.3321574519230761 0.8750000000000002 0.13541687500000044
v 0.6341880769230762 0.875 0.13541687500000044
v 0.6706730769230762 0.875 -0.31249999999999956
v 0.6706730769230762 0.875 0.06250000000000044
v 0.295673076923076 0.8750000000000002 0.06250000000000044
v 0.295673076923076 0.8750000000000002 -0.31249999999999956
v 0.2956730769230764 0.125 -0.31249999999999956
v 0.2956730769230764 0.125 0.06250000000000044
v 0.6706730769230762 0.12500000000000022 0.06250000000000044
v 0.6706730769230762 0.12500000000000022 -0.31249999999999956
v 0.42067307692307665 0.9375000000000002 0.06250000000000044
v 0.5456730769230764 0.9374999999999998 0.06250000000000044
v 0.5456730769230764 0.9374999999999998 0.18750000000000044
v 0.42067307692307665 0.9375000000000002 0.18750000000000044
v 0.42067307692307665 0.06250000000000011 0.18750000000000044
v 0.5456730769230766 0.06250000000000011 0.18750000000000044
v 0.5456730769230766 0.06250000000000011 0.06250000000000044
v 0.42067307692307665 0.06250000000000011 0.06250000000000044
v 0.23317307692307665 0.9375000000000002 0.25000000000000044
v 0.7331730769230761 0.9375 0.25000000000000044
v 0.7331730769230761 0.9375 0.7500000000000004
v 0.23317307692307665 0.9375000000000002 0.7500000000000004
v 0.23317307692307665 0.0625 0.7500000000000004
v 0.7331730769230763 0.06250000000000011 0.7500000000000004
v 0.7331730769230763 0.06250000000000011 0.25000000000000044
v 0.23317307692307665 0.0625 0.25000000000000044
v 0.04567307692307665 0.9375000000000002 0.43750000000000044
v 0.17067307692307665 0.9375000000000002 0.43750000000000044
v 0.17067307692307665 0.9375000000000002 0.5625000000000004
v 0.04567307692307665 0.9375000000000002 0.5625000000000004
v 0.04567307692307665 0.0625 0.5625000000000004
v 0.17067307692307665 0.0625 0.5625000000000004
v 0.17067307692307665 0.0625 0.43750000000000044
v 0.04567307692307665 0.0625 0.43750000000000044
v -0.329326923076924 0.8750000000000002 0.31250000000000133
v 0.045673076923075984 0.8750000000000002 0.3125000000000011
v 0.04567307692307643 0.8750000000000002 0.6875000000000011
v -0.3293269230769236 0.8750000000000002 0.6875000000000013
v -0.3293269230769236 0.12500000000000022 0.6875000000000011
v 0.04567307692307643 0.125 0.6875000000000009
v 0.045673076923075984 0.125 0.3125000000000009
v -0.329326923076924 0.12500000000000022 0.3125000000000011
v 0.42067307692307665 0.9375000000000002 0.8125000000000004
v 0.5456730769230764 0.9374999999999998 0.8125000000000004
v 0.5456730769230764 0.9374999999999998 0.9375000000000004
v 0.42067307692307665 0.9375000000000002 0.9375000000000004
v 0.42067307692307665 0.06250000000000011 0.9375000000000004
v 0.5456730769230766 0.06250000000000011 0.9375000000000004
v 0.5456730769230766 0.06250000000000011 0.8125000000000004
v 0.42067307692307665 0.06250000000000011 0.8125000000000004
v 0.29567307692307687 0.8750000000000002 1.3125000000000007
v 0.2956730769230764 0.8750000000000002 0.9375000000000007
v 0.6706730769230766 0.875 0.9375000000000002
v 0.6706730769230768 0.875 1.3125000000000002
v 0.6706730769230766 0.12500000000000022 1.3125000000000002
v 0.6706730769230764 0.12500000000000022 0.9375000000000002
v 0.2956730769230764 0.125 0.9375000000000007
v 0.29567307692307665 0.125 1.3125000000000007
v 1.3581730769230764 0.75 0.8624368670764587
v 0.8456099439995346 0.75 1.3750000000000004
v 0.4831730769230764 0.75 0.5000000000000004
v 1.3581730769230764 0.25 0.8624368670764587
v 0.8456099439995346 0.25 1.3750000000000004
v 0.4831730769230764 0.25 0.5000000000000004
v 1.3581730769230764 0.75 0.13756313292354233
v 1.3581730769230764 0.25 0.13756313292354233
v 0.8456099439995347 0.75 -0.37499999999999967
v 0.8456099439995347 0.25 -0.37499999999999967
v 0.12073620984661826 0.75 -0.37499999999999967
v 0.12073620984661826 0.25 -0.37499999999999967
v -0.3918269230769236 0.75 0.13756313292354178
v -0.3918269230769236 0.25 0.13756313292354178
v -0.3918269230769236 0.75 0.8624368670764588
v -0.3918269230769236 0.25 0.8624368670764588
v 0.12073620984661759 0.75 1.3750000000000004
v 0.12073620984661759 0.25 1.3750000000000004
v 0.9062499999999993 0.8749997818384466 1.4999966660403952
v 1.4831730769230766 0.8749999999999998 0.9230769230769236
v 1.4831730769230766 0.1250000000000004 0.9230769230769236
v 0.9062499999999993 0.12499978156683417 1.5000000000000004
v 0.8293269230769225 0.1250002181615536 1.3461538461538467
v 1.329326923076923 0.12500000000000006 0.8461538461538467
v 1.329326923076923 0.8749999999999998 0.8461538461538467
v 0.8293269230769225 0.8750002184331658 1.3461538461538467
v 1.4831730769230766 0.8749999999999998 0.07692307692307737
v 1.4831730769230766 0.12500000000000006 0.07692307692307737
v 1.329326923076923 0.12500000000000006 0.1538461538461543
v 1.329326923076923 0.8749999999999998 0.1538461538461543
v 0.9062499999999998 0.8749997818384466 -0.49999666604039505
v 0.9062499999999998 0.12499978156683417 -0.499999999999999
v 0.8293269230769229 0.1250002181615536 -0.3461538461538457
v 0.8293269230769229 0.875000218433166 -0.3461538461538457
v 0.060096153846153744 0.8749997818384466 -0.4999966660403955
v 0.060096153846153855 0.12499978156683417 -0.49999999999999944
v 0.13701923076923062 0.1250002181615536 -0.3461538461538457
v 0.1370192307692304 0.875000218433166 -0.3461538461538457
v -0.5168269230769234 0.8749999999999998 0.0769230769230771
v -0.5168269230769234 0.12500000000000006 0.0769230769230771
v -0.3629807692307696 0.12500000000000006 0.15384615384615402
v -0.3629807692307696 0.8750000000000002 0.15384615384615402
v -0.5168269230769234 0.8749999999999998 0.9230769230769234
v -0.5168269230769234 0.12500000000000006 0.9230769230769234
v -0.3629807692307696 0.12500000000000006 0.8461538461538463
v -0.3629807692307696 0.8749999999999998 0.8461538461538463
v 0.06009615384615308 0.8749997818384466 1.4999966660403952
v 0.06009615384615308 0.12499978156683417 1.5000000000000004
v 0.13701923076923017 0.1250002181615536 1.3461538461538467
v 0.13701923076923017 0.8750002184331658 1.3461538461538467
v 0.42067307692307665 0.9375 -0.24999999999999956
v 0.5456730769230766 0.9375 -0.24999999999999956
v 0.42067307692307665 0.0625 -0.24999999999999956
v 0.5456730769230766 0.0625 -0.24999999999999956
v 0.42067307692307665 0.9375 -0.12499999999999956
v 0.5456730769230766 0.9375 -0.12499999999999956
v 0.42067307692307665 0.0625 -0.12499999999999956
v 0.5456730769230766 0.0625 -0.12499999999999956
v -0.26682692307692335 0.9375 0.5625000000000004
v -0.26682692307692335 0.9375 0.4375000000000005
v -0.26682692307692335 0.0625 0.5625000000000004
v -0.26682692307692335 0.0625 0.4375000000000005
v -0.14182692307692335 0.9375 0.5625000000000004
v -0.14182692307692335 0.9375 0.43750000000000044
v -0.14182692307692335 0.0625 0.5625000000000004
v -0.14182692307692335 0.0625 0.43750000000000044
v 0.5456730769230764 0.9375 1.2500000000000004
v 0.4206730769230763 0.9375 1.2500000000000004
v 0.5456730769230764 0.0625 1.2500000000000004
v 0.4206730769230763 0.0625 1.2500000000000004
v 0.5456730769230764 0.9375 1.1250000000000004
v 0.4206730769230764 0.9375 1.1250000000000004
v 0.5456730769230764 0.0625 1.1250000000000004
v 0.4206730769230764 0.0625 1.1250000000000004
v 1.2331730769230766 0.9374999999999999 0.43750000000000056
v 1.2331730769230766 0.9374999999999999 0.5625000000000006
v 1.2331730769230766 0.06249999999999989 0.43750000000000067
v 1.2331730769230766 0.06249999999999989 0.5625000000000007
v 1.1081730769230766 0.9375 0.43750000000000056
v 1.1081730769230766 0.9375 0.5625000000000006
v 1.1081730769230766 0.062499999999999944 0.43750000000000067
v 1.1081730769230766 0.062499999999999944 0.5625000000000007
v 0.07692307692307687 0.8749997818384466 -0.7499966660403957
v 0.07692307692307687 0.6249997818384466 -0.7499966660403957
v 0.32692307692307687 0.8749997818384466 -0.7499966660403957
v 0.07692307692307687 0.8749997818384466 -0.4999966660403955
v 0.07692307692307687 0.6249997818384466 -0.4999966660403955
v 0.32692307692307687 0.8749997818384466 -0.4999966660403956
v 0.18606432668692507 0.5331456303681193 -0.8124999999999997
v 0.4512293696318802 0.7983106733130749 -0.8124999999999997
v 0.5175206303681192 0.20168932668692552 -0.8124999999999997
v 0.7826856733130744 0.4668543696318811 -0.8124999999999997
v 0.18606432668692519 0.5331456303681192 -0.43749999999999944
v 0.45122936963188043 0.7983106733130748 -0.43749999999999944
v 0.5175206303681193 0.20168932668692552 -0.43749999999999967
v 0.7826856733130746 0.466854369631881 -0.43749999999999967
v 0.1860643266869253 0.7099223256647558 -0.6874999999999997
v 0.27445267433524356 0.7983106733130743 -0.6874999999999992
v 0.18606432668692507 0.5331456303681193 -0.8124999999999997
v 0.4512293696318802 0.7983106733130749 -0.8124999999999992
v 0.1860643266869253 0.7099223256647558 -0.5624999999999997
v 0.2744526743352438 0.7983106733130744 -0.5624999999999992
v 0.18606432668692507 0.5331456303681191 -0.43749999999999967
v 0.45122936963188043 0.7983106733130748 -0.4374999999999992
v 0.6942973256647563 0.20168932668692535 -0.5625000000000001
v 0.7826856733130747 0.2900776743352438 -0.5624999999999997
v 0.5175206303681195 0.20168932668692519 -0.4374999999999999
v 0.7826856733130746 0.46685436963188065 -0.43749999999999944
v 0.6942973256647563 0.20168932668692563 -0.6875000000000001
v 0.7826856733130747 0.29007767433524406 -0.6874999999999997
v 0.5175206303681191 0.20168932668692563 -0.8124999999999997
v 0.7826856733130743 0.4668543696318811 -0.8124999999999992
v 0.889423076923076 0.1249997818384499 -0.7499966660403957
v 0.889423076923076 0.3749997818384499 -0.7499966660403957
v 0.639423076923076 0.1249997818384499 -0.7499966660403957
v 0.889423076923076 0.12499978183844984 -0.4999966660403957
v 0.889423076923076 0.37499978183844984 -0.4999966660403957
v 0.639423076923076 0.12499978183844984 -0.4999966660403956
v -0.3705066356904436 0.8749997818384466 -0.4993810641724681
v -0.3705066356904436 0.6249997818384466 -0.4993810641724681
v -0.13953675256262188 0.8749997818384466 -0.5950519222637408
v -0.2389592058149439 0.8749997818384466 -0.18179747487171327
v -0.2389592058149439 0.6249997818384466 -0.18179747487171327
v -0.043865894471349254 0.8749997818384466 -0.36408203913591886
v -0.293592259254845 0.5331456303681191 -0.5988931632037083
v -0.04861170334052467 0.7983106733130746 -0.7003674319811207
v 0.012633435638055746 0.20168932668692535 -0.7257359991754734
v 0.2576139915523761 0.4668543696318808 -0.8272102679528858
v -0.15008597211793595 0.5331456303681191 -0.25243833851197595
v 0.09489458379638438 0.7983106733130746 -0.3539126072893881
v 0.1561397227749648 0.20168932668692535 -0.3792811744837411
v 0.401120278689285 0.4668543696318808 -0.48075544326115327
v -0.24575683020920858 0.7099223256647555 -0.483408221639798
v -0.16409664490443499 0.798310673313074 -0.5172329778989347
v -0.293592259254845 0.5331456303681191 -0.5988931632037088
v -0.04861170334052467 0.7983106733130746 -0.7003674319811203
v -0.19792140116357215 0.7099223256647555 -0.36792328007588704
v -0.11626121585879856 0.7983106733130743 -0.401748036335024
v -0.15008597211793617 0.533145630368119 -0.25243833851197617
v 0.09489458379638449 0.7983106733130746 -0.3539126072893879
v 0.27162466433887544 0.20168932668692519 -0.5624156285659266
v 0.3532848496436489 0.2900776743352436 -0.5962403848250638
v 0.15613972277496457 0.20168932668692502 -0.3792811744837413
v 0.4011202786892851 0.4668543696318805 -0.48075544326115305
v 0.22378923529323913 0.2016893266869254 -0.6779005701298378
v 0.3054494205980127 0.29007767433524384 -0.711725326388975
v 0.012633435638055523 0.2016893266869254 -0.7257359991754738
v 0.25761399155237596 0.46685436963188087 -0.8272102679528853
v 0.3801454844749761 0.12499978183845001 -0.8103113529691034
v 0.3801454844749761 0.37499978183845006 -0.8103113529691034
v 0.14917560134715435 0.12499978183845001 -0.714640494877831
v 0.5104970286243349 0.12499978183844995 -0.4956148872074466
v 0.4758163425662486 0.37499978183844995 -0.5793414698412819
v 0.24484645943842698 0.12499978183844995 -0.48367061175000936
v -0.6879713506844205 0.8749997818384466 -0.096618500913625
v -0.6879713506844205 0.6249997818384466 -0.096618500913625
v -0.5111946553877837 0.8749997818384466 -0.273395196210262
v -0.5111946553877835 0.8749997818384466 0.08015819438301186
v -0.5111946553877835 0.6249997818384466 0.08015819438301186
v -0.33441796009114677 0.8749997818384466 -0.09661850091362512
v -0.6549933641588328 0.5331456303681189 -0.21798955001841902
v -0.467493364158833 0.7983106733130743 -0.40548955001841935
v -0.420618364158833 0.20168932668692496 -0.452364550018419
v -0.23311836415883347 0.4668543696318803 -0.6398645500184196
v -0.3898283212138769 0.533145630368119 0.047175492926535945
v -0.20232832121387734 0.7983106733130744 -0.14032450707346444
v -0.15545332121387734 0.20168932668692507 -0.18719950707346422
v 0.03204667878612222 0.46685436963188043 -0.37469950707346455
v -0.5666050165105141 0.7099223256647554 -0.1296012023701011
v -0.5041050165105139 0.7983106733130738 -0.19210120237010087
v -0.6549933641588328 0.5331456303681189 -0.21798955001841902
v -0.467493364158833 0.7983106733130743 -0.40548955001841913
v -0.4782166688621956 0.7099223256647554 -0.04121285472178271
v -0.4157166688621954 0.798310673313074 -0.10371285472178271
v -0.38982832121387734 0.5331456303681189 0.047175492926535945
v -0.20232832121387734 0.7983106733130744 -0.14032450707346422
v -0.11884166886219627 0.20168932668692474 -0.4005878547217828
v -0.05634166886219605 0.2900776743352432 -0.4630878547217827
v -0.15545332121387756 0.20168932668692474 -0.18719950707346422
v 0.03204667878612244 0.4668543696318801 -0.37469950707346433
v -0.20723001651051476 0.20168932668692496 -0.4889762023701012
v -0.14473001651051476 0.2900776743352434 -0.5514762023701009
v -0.42061836415883325 0.20168932668692502 -0.452364550018419
v -0.23311836415883347 0.46685436963188043 -0.6398645500184191
v -0.11344709097035133 0.12499978183845012 -0.6711427606276944
v -0.11344709097035133 0.37499978183845006 -0.6711427606276944
v -0.2902237862669881 0.12499978183845006 -0.49436606533105765
v 0.06332960432628565 0.12499978183845006 -0.49436606533105776
v 0.06332960432628565 0.37499978183845006 -0.49436606533105754
v -0.1134470909703511 0.12499978183845001 -0.3175893700344208
v -0.7668252560971212 0.8749997818384466 0.9062516669798023
v -0.7668252560971212 0.6249997818384466 0.9062516669798023
v -0.7668252560971214 0.8749997818384466 0.6562516669798023
v -0.5168252560971212 0.8749997818384466 0.9062516669798022
v -0.5168252560971212 0.6249997818384466 0.9062516669798022
v -0.5168252560971214 0.8749997818384466 0.6562516669798022
v -0.7668252560971216 0.12499978183845012 0.09375166697980325
v -0.7668252560971216 0.3749997818384501 0.09375166697980325
v -0.7668252560971214 0.12499978183845006 0.3437516669798032
v -0.5168252560971216 0.12499978183845006 0.09375166697980314
v -0.5168252560971216 0.37499978183845006 0.0937516669798032
v -0.5168252560971216 0.12499978183845001 0.34375166697980314
v -0.8293285900567249 0.533145630368119 0.7971104172159557
v -0.8293285900567253 0.7983106733130745 0.5319453742710003
v -0.8293285900567253 0.20168932668692507 0.4656541135347616
v -0.8293285900567258 0.46685436963188043 0.20048907058980625
v -0.4543285900567249 0.5331456303681191 0.797110417215955
v -0.4543285900567253 0.7983106733130745 0.5319453742709996
v -0.4543285900567253 0.20168932668692513 0.465654113534761
v -0.45432859005672577 0.46685436963188054 0.20048907058980564
v -0.7043285900567251 0.7099223256647555 0.7971104172159551
v -0.7043285900567247 0.7983106733130739 0.7087220695676367
v -0.8293285900567251 0.533145630368119 0.7971104172159557
v -0.8293285900567251 0.7983106733130745 0.5319453742710003
v -0.5793285900567251 0.7099223256647555 0.797110417215955
v -0.5793285900567247 0.7983106733130741 0.7087220695676364
v -0.4543285900567251 0.533145630368119 0.7971104172159551
v -0.4543285900567251 0.7983106733130745 0.5319453742709996
v -0.579328590056726 0.20168932668692485 0.2888774182381242
v -0.5793285900567255 0.2900776743352433 0.2004890705898058
v -0.45432859005672555 0.20168932668692485 0.46565411353476094
v -0.45432859005672555 0.4668543696318802 0.20048907058980564
v -0.704328590056726 0.20168932668692507 0.2888774182381243
v -0.7043285900567255 0.2900776743352435 0.20048907058980586
v -0.8293285900567255 0.20168932668692519 0.4656541135347617
v -0.8293285900567255 0.46685436963188054 0.20048907058980636
v -0.8271399430258293 0.8749997818384466 0.3969740745317027
v -0.8271399430258293 0.6249997818384466 0.3969740745317027
v -0.7314690849345569 0.8749997818384466 0.166004191403881
v -0.5095563537250742 0.8749997818384466 0.5285215044072022
v -0.5095563537250742 0.6249997818384466 0.5285215044072022
v -0.5004992018067351 0.8749997818384466 0.2616750494951534
v -0.8431189459125803 0.5331456303681189 0.2722217173482596
v -0.7416446771351688 0.7983106733130743 0.027241161433938788
v -0.7162761099408157 0.20168932668692496 -0.03400397754464113
v -0.6148018411634042 0.4668543696318803 -0.2789845334589619
v -0.49666412122084735 0.533145630368119 0.41572800448516767
v -0.39518985244343585 0.7983106733130744 0.1707474485708469
v -0.369821285249083 0.20168932668692507 0.10950230959226703
v -0.2683470164716715 0.46685436963188043 -0.13547824632205374
v -0.7276340043486693 0.7099223256647553 0.32005714639389526
v -0.6938092480895317 0.7983106733130738 0.23839696108912184
v -0.8431189459125805 0.5331456303681189 0.2722217173482595
v -0.7416446771351686 0.7983106733130743 0.027241161433938788
v -0.6121490627847583 0.7099223256647554 0.36789257543953124
v -0.578324306525621 0.798310673313074 0.28623239013475776
v -0.4966641212208476 0.5331456303681189 0.4157280044851678
v -0.39518985244343563 0.7983106733130744 0.170747448570847
v -0.4176567142947194 0.20168932668692474 -0.10165349006291646
v -0.383831958035582 0.2900776743352431 -0.18331367536768983
v -0.369821285249083 0.20168932668692474 0.10950230959226692
v -0.26834701647167103 0.4668543696318801 -0.13547824632205374
v -0.5331416558586304 0.2016893266869249 -0.14948891910855255
v -0.499316899599493 0.29007767433524334 -0.23114910441332603
v -0.7162761099408159 0.20168932668692502 -0.03400397754464113
v -0.614801841163404 0.4668543696318804 -0.2789845334589618
v -0.5162096542291943 0.12499978183845017 -0.35367804563371696
v -0.5162096542291943 0.3749997818384502 -0.35367804563371696
v -0.6118805123204667 0.12499978183845012 -0.12270816250589534
v -0.2015131884675374 0.12499978183845012 -0.2233265014843584
v -0.2852397711013728 0.37499978183845006 -0.25800718754244456
v -0.3809106291926452 0.12499978183845006 -0.02703730441462293
v -0.11344709097035066 0.8749997818384466 1.6711460945873
v -0.11344709097035066 0.6249997818384466 1.6711460945873
v -0.29022378626698764 0.8749997818384466 1.494369399290663
v 0.06332960432628632 0.8749997818384466 1.4943693992906626
v 0.06332960432628632 0.6249997818384466 1.4943693992906626
v -0.11344709097035066 0.8749997818384466 1.317592703994026
v -0.6879713506844203 0.12499978183845023 1.0966218348732308
v -0.6879713506844201 0.3749997818384502 1.0966218348732308
v -0.5111946553877833 0.12499978183845017 1.2733985301698678
v -0.5111946553877833 0.12499978183845012 0.9198451395765939
v -0.5111946553877833 0.3749997818384501 0.9198451395765939
v -0.3344179600911463 0.12499978183845006 1.0966218348732308
v -0.23481814007514457 0.5331456303681193 1.6381681080617119
v -0.422318140075145 0.7983106733130747 1.4506681080617123
v -0.46919314007514457 0.2016893266869253 1.4037931080617125
v -0.656693140075145 0.4668543696318806 1.2162931080617128
v 0.030346902869810233 0.5331456303681193 1.3730030651167562
v -0.1571530971301902 0.7983106733130747 1.1855030651167564
v -0.20402809713018977 0.2016893266869253 1.1386280651167566
v -0.3915280971301902 0.4668543696318806 0.951128065116757
v -0.14642979242682674 0.7099223256647558 1.5497797604133936
v -0.2089297924268263 0.7983106733130743 1.4872797604133932
v -0.23481814007514457 0.5331456303681193 1.6381681080617119
v -0.4223181400751448 0.7983106733130747 1.4506681080617119
v -0.058041444778508255 0.7099223256647558 1.4613914127650747
v -0.12054144477850826 0.7983106733130744 1.3988914127650744
v 0.030346902869810233 0.5331456303681192 1.3730030651167566
v -0.15715309713018977 0.7983106733130747 1.1855030651167562
v -0.4174164447785085 0.20168932668692502 1.1020164127650756
v -0.4799164447785085 0.2900776743352434 1.0395164127650753
v -0.20402809713019 0.20168932668692496 1.138628065116757
v -0.3915280971301902 0.46685436963188026 0.9511280651167568
v -0.505804792426827 0.20168932668692519 1.190404760413394
v -0.5683047924268267 0.29007767433524356 1.127904760413394
v -0.4691931400751448 0.2016893266869254 1.4037931080617128
v -0.656693140075145 0.46685436963188065 1.2162931080617128
v -0.5162096542291938 0.8749997818384466 1.3536813795933225
v -0.5162096542291938 0.6249997818384466 1.3536813795933225
v -0.6118805123204665 0.8749997818384466 1.122711496465501
v -0.19862606492843904 0.8749997818384466 1.222133949717823
v -0.19862606492843904 0.6249997818384466 1.222133949717823
v -0.38091062919264473 0.8749997818384466 1.0270406383742283
v -0.6157217532604338 0.5331456303681187 1.2767670031577243
v -0.7171960220378462 0.798310673313074 1.031786447243404
v -0.7425645892321988 0.20168932668692474 0.9705413082648239
v -0.8440388580096112 0.4668543696318801 0.7255607523505034
v -0.2692669285687015 0.5331456303681189 1.1332607160208152
v -0.3707411973461139 0.7983106733130743 0.8882801601064949
v -0.39610976454046654 0.2016893266869249 0.8270350211279148
v -0.4975840333178789 0.4668543696318803 0.5820544652135944
v -0.5002368116965235 0.7099223256647552 1.2289315741120879
v -0.5340615679556604 0.7983106733130736 1.1472713888073143
v -0.615721753260434 0.5331456303681187 1.2767670031577245
v -0.7171960220378459 0.798310673313074 1.031786447243404
v -0.3847518701326127 0.7099223256647553 1.1810961450664514
v -0.41857662639174986 0.7983106733130738 1.0994359597616779
v -0.2692669285687017 0.5331456303681188 1.1332607160208155
v -0.37074119734611366 0.7983106733130743 0.8882801601064947
v -0.5792442186226525 0.20168932668692457 0.7115500795640042
v -0.6130689748817897 0.290077674335243 0.6298898942592306
v -0.396109764540467 0.20168932668692463 0.8270350211279149
v -0.4975840333178789 0.46685436963188 0.5820544652135943
v -0.6947291601865635 0.2016893266869248 0.7593855086096406
v -0.7285539164457004 0.29007767433524323 0.677725323304867
v -0.742564589232199 0.20168932668692485 0.9705413082648241
v -0.844038858009611 0.4668543696318802 0.7255607523505037
v -0.8271399430258295 0.12499978183845017 0.603029259427903
v -0.8271399430258293 0.3749997818384501 0.603029259427903
v -0.7314690849345569 0.12499978183845012 0.8339991425557246
v -0.5124434772641724 0.12499978183845006 0.47267771527854413
v -0.5961700598980075 0.37499978183845006 0.5073584013366303
v -0.5004992018067351 0.12499978183845001 0.7383282844644521
v 0.889423076923076 0.8749997818384466 1.7500000000000004
v 0.889423076923076 0.6249997818384466 1.7500000000000004
v 0.639423076923076 0.8749997818384466 1.7500000000000004
v 0.889423076923076 0.8749997818384466 1.5000000000000004
v 0.889423076923076 0.6249997818384466 1.5000000000000004
v 0.639423076923076 0.8749997818384466 1.5000000000000004
v 0.07692307692307687 0.12499978183845101 1.7500000000000009
v 0.07692307692307687 0.374999781838451 1.7500000000000009
v 0.32692307692307687 0.12499978183845101 1.7500000000000009
v 0.07692307692307687 0.12499978183845073 1.5000000000000007
v 0.07692307692307687 0.37499978183845073 1.5000000000000004
v 0.32692307692307687 0.12499978183845073 1.5000000000000009
v 0.7802818271592312 0.533145630368119 1.8125033339596035
v 0.5151167842142759 0.7983106733130744 1.8125033339596044
v 0.44882552347803717 0.20168932668692496 1.8125033339596044
v 0.18366048053308182 0.4668543696318804 1.8125033339596053
v 0.7802818271592302 0.533145630368119 1.4375033339596035
v 0.5151167842142749 0.7983106733130745 1.4375033339596044
v 0.44882552347803617 0.20168932668692507 1.4375033339596044
v 0.18366048053308082 0.46685436963188043 1.4375033339596053
v 0.7802818271592307 0.7099223256647554 1.687503333959604
v 0.6918934795109122 0.7983106733130738 1.687503333959604
v 0.7802818271592312 0.533145630368119 1.812503333959604
v 0.5151167842142759 0.7983106733130744 1.8125033339596044
v 0.7802818271592302 0.7099223256647555 1.562503333959604
v 0.6918934795109117 0.798310673313074 1.562503333959604
v 0.7802818271592303 0.5331456303681189 1.4375033339596037
v 0.5151167842142749 0.7983106733130745 1.4375033339596042
v 0.2720488281813995 0.2016893266869248 1.5625033339596053
v 0.18366048053308104 0.29007767433524323 1.5625033339596053
v 0.44882552347803617 0.20168932668692474 1.4375033339596046
v 0.18366048053308082 0.46685436963188015 1.437503333959605
v 0.27204882818139975 0.20168932668692502 1.6875033339596053
v 0.18366048053308126 0.29007767433524345 1.6875033339596053
v 0.4488255234780373 0.20168932668692507 1.8125033339596048
v 0.18366048053308193 0.46685436963188043 1.8125033339596053
v 0.38014548447497787 0.8749997818384466 1.8103146869287086
v 0.38014548447497787 0.6249997818384466 1.8103146869287086
v 0.14917560134715613 0.8749997818384466 1.7146438288374362
v 0.5116929143504771 0.8749997818384466 1.4927310976279533
v 0.5116929143504771 0.6249997818384466 1.4927310976279533
v 0.2448464594384283 0.8749997818384466 1.4836739457096142
v 0.25539312729153374 0.5331456303681191 1.8262936898154591
v 0.010412571377212743 0.7983106733130744 1.7248194210380476
v -0.05083256760136701 0.20168932668692496 1.6994508538436945
v -0.2958131235156878 0.4668543696318802 1.597976585066283
v 0.3988994144284419 0.5331456303681192 1.4798388651237264
v 0.1539188585141209 0.7983106733130745 1.3783645963463147
v 0.09267371953554138 0.20168932668692507 1.3529960291519618
v -0.15230683637877962 0.4668543696318803 1.2515217603745503
v 0.3032285563371693 0.7099223256647555 1.7108087482515484
v 0.2215683710323959 0.798310673313074 1.6769839919924108
v 0.2553931272915335 0.5331456303681191 1.8262936898154591
v 0.010412571377212854 0.7983106733130744 1.7248194210380472
v 0.35106398538280537 0.7099223256647557 1.5953238066876376
v 0.2694038000780319 0.7983106733130741 1.5614990504285
v 0.3988994144284419 0.533145630368119 1.4798388651237266
v 0.15391885851412113 0.7983106733130745 1.3783645963463145
v -0.11848208011964223 0.20168932668692474 1.4008314581975987
v -0.2001422654244156 0.2900776743352431 1.367006701938461
v 0.09267371953554115 0.20168932668692474 1.3529960291519623
v -0.1523068363787794 0.46685436963188 1.25152176037455
v -0.1663175091652782 0.20168932668692496 1.5163163997615094
v -0.2479776944700518 0.29007767433524334 1.4824916435023718
v -0.05083256760136701 0.20168932668692507 1.699450853843695
v -0.2958131235156878 0.4668543696318803 1.597976585066283
v -0.37050663569044273 0.12499978183845023 1.499384398132074
v -0.37050663569044273 0.3749997818384503 1.4993843981320736
v -0.139536752562621 0.12499978183845023 1.5950552562233464
v -0.24015509154108416 0.12499978183845012 1.1846879323704167
v -0.27483577759917033 0.3749997818384502 1.2684145150042518
v -0.04386589447134859 0.12499978183845012 1.3640853730955242
v 1.6543175045305736 0.8749997818384465 1.0966218348732302
v 1.6543175045305736 0.6249997818384465 1.0966218348732302
v 1.4775408092339366 0.8749997818384465 1.273398530169867
v 1.4775408092339366 0.8749997818384465 0.9198451395765933
v 1.4775408092339366 0.6249997818384465 0.9198451395765933
v 1.3007641139372996 0.8749997818384465 1.0966218348732302
v 1.0797932448165044 0.12499978183845101 1.6711460945872996
v 1.0797932448165044 0.374999781838451 1.6711460945872996
v 1.2565699401131414 0.12499978183845101 1.4943693992906626
v 0.9030165495198677 0.12499978183845073 1.4943693992906626
v 0.9030165495198674 0.37499978183845073 1.4943693992906626
v 1.0797932448165044 0.12499978183845073 1.3175927039940258
v 1.6213395180049868 0.5331456303681189 1.2179928839780223
v 1.4338395180049872 0.7983106733130743 1.4054928839780227
v 1.3869645180049872 0.20168932668692496 1.4523678839780227
v 1.1994645180049879 0.4668543696318803 1.6398678839780234
v 1.3561744750600306 0.533145630368119 0.9528278410330677
v 1.1686744750600313 0.7983106733130745 1.1403278410330682
v 1.1217994750600313 0.20168932668692507 1.1872028410330682
v 0.934299475060032 0.46685436963188043 1.3747028410330686
v 1.532951170356668 0.7099223256647554 1.1296045363297043
v 1.470451170356668 0.7983106733130738 1.1921045363297043
v 1.621339518004987 0.5331456303681189 1.2179928839780225
v 1.433839518004987 0.7983106733130743 1.4054928839780227
v 1.4445628227083493 0.7099223256647554 1.0412161886813864
v 1.3820628227083493 0.798310673313074 1.103716188681386
v 1.3561744750600309 0.5331456303681189 0.9528278410330678
v 1.168674475060031 0.7983106733130745 1.1403278410330682
v 1.0851878227083502 0.20168932668692474 1.4005911886813869
v 1.0226878227083505 0.2900776743352432 1.4630911886813867
v 1.1217994750600315 0.20168932668692474 1.1872028410330684
v 0.9342994750600317 0.46685436963188015 1.3747028410330686
v 1.173576170356669 0.20168932668692502 1.4889795363297051
v 1.111076170356669 0.29007767433524345 1.5514795363297051
v 1.3869645180049877 0.20168932668692507 1.4523678839780227
v 1.1994645180049879 0.46685436963188043 1.639867883978023
v 1.3368527895365965 0.8749997818384466 1.4993843981320731
v 1.3368527895365965 0.6249997818384466 1.4993843981320731
v 1.1058829064087747 0.8749997818384466 1.595055256223346
v 1.205305359661097 0.8749997818384466 1.1818008088313183
v 1.205305359661097 0.6249997818384466 1.1818008088313183
v 1.0102120483175023 0.8749997818384466 1.364085373095524
v 1.2599384131009979 0.5331456303681186 1.598896497163313
v 1.0149578571866775 0.7983106733130739 1.7003707659407254
v 0.9537127182080974 0.20168932668692463 1.725739333135078
v 0.708732162293777 0.46685436963188 1.8272136019124905
v 1.116432125964089 0.5331456303681188 1.2524416724715808
v 0.8714515700497687 0.7983106733130741 1.353915941248993
v 0.8102064310711885 0.2016893266869248 1.3792845084433458
v 0.5652258751568682 0.46685436963188015 1.480758777220758
v 1.2121029840553614 0.7099223256647551 1.4834115555994027
v 1.1304427987505878 0.7983106733130735 1.5172363118585395
v 1.259938413100998 0.5331456303681186 1.598896497163313
v 1.0149578571866775 0.7983106733130739 1.700370765940725
v 1.1642675550097252 0.7099223256647551 1.367926614035492
v 1.0826073697049514 0.7983106733130737 1.4017513702946287
v 1.1164321259640895 0.5331456303681186 1.2524416724715808
v 0.8714515700497685 0.7983106733130741 1.3539159412489927
v 0.6947214895072779 0.2016893266869244 1.5624189625255314
v 0.6130613042025042 0.29007767433524284 1.5962437187846685
v 0.8102064310711886 0.20168932668692452 1.3792845084433458
v 0.565225875156868 0.4668543696318798 1.4807587772207578
v 0.7425569185529141 0.20168932668692463 1.6779039040894426
v 0.6608967332481405 0.290077674335243 1.7117286603485793
v 0.9537127182080977 0.20168932668692469 1.725739333135078
v 0.708732162293777 0.46685436963188004 1.82721360191249
v 0.586200669371177 0.12499978183845101 1.810314686928709
v 0.5862006693711768 0.374999781838451 1.8103146869287086
v 0.8171705524989986 0.12499978183845101 1.7146438288374366
v 0.4558491252218182 0.12499978183845067 1.4956182211670517
v 0.49052981127990436 0.37499978183845073 1.579344803800887
v 0.7214996944077261 0.12499978183845073 1.4836739457096146
v 1.7331714099432747 0.8749997818384464 0.0937516669798028
v 1.7331714099432747 0.6249997818384464 0.09375166697980286
v 1.7331714099432747 0.8749997818384465 0.3437516669798028
v 1.4831714099432747 0.8749997818384465 0.0937516669798028
v 1.4831714099432747 0.6249997818384464 0.09375166697980286
v 1.4831714099432747 0.8749997818384465 0.3437516669798028
v 1.7331714099432751 0.12499978183845101 0.906251666979802
v 1.733171409943275 0.374999781838451 0.906251666979802
v 1.7331714099432751 0.12499978183845101 0.656251666979802
v 1.483171409943275 0.12499978183845073 0.906251666979802
v 1.483171409943275 0.37499978183845073 0.906251666979802
v 1.483171409943275 0.12499978183845073 0.656251666979802
v 1.7956747439028775 0.5331456303681186 0.20289291674364818
v 1.7956747439028784 0.7983106733130741 0.4680579596886033
v 1.7956747439028784 0.20168932668692474 0.5343492204248423
v 1.7956747439028793 0.46685436963188026 0.7995142633697975
v 1.4206747439028777 0.5331456303681188 0.20289291674364907
v 1.4206747439028784 0.7983106733130743 0.46805795968860425
v 1.4206747439028784 0.2016893266869249 0.5343492204248432
v 1.420674743902879 0.46685436963188043 0.7995142633697985
v 1.670674743902878 0.7099223256647551 0.20289291674364862
v 1.670674743902878 0.7983106733130736 0.291281264391967
v 1.7956747439028777 0.5331456303681186 0.20289291674364818
v 1.7956747439028782 0.7983106733130741 0.4680579596886033
v 1.545674743902878 0.7099223256647552 0.20289291674364895
v 1.545674743902878 0.7983106733130738 0.29128126439196744
v 1.420674743902878 0.5331456303681186 0.20289291674364895
v 1.4206747439028782 0.7983106733130743 0.46805795968860425
v 1.5456747439028788 0.20168932668692469 0.71112591572148
v 1.5456747439028788 0.2900776743352431 0.7995142633697983
v 1.4206747439028786 0.20168932668692463 0.5343492204248432
v 1.4206747439028788 0.4668543696318801 0.7995142633697985
v 1.6706747439028788 0.20168932668692485 0.7111259157214798
v 1.6706747439028788 0.2900776743352433 0.799514263369798
v 1.7956747439028786 0.20168932668692485 0.5343492204248422
v 1.795674743902879 0.4668543696318803 0.7995142633697974
v 1.7934860968719823 0.8749997818384465 0.6030292594279025
v 1.7934860968719823 0.6249997818384465 0.6030292594279025
v 1.69781523878071 0.8749997818384465 0.8339991425557242
v 1.4759025075712275 0.8749997818384465 0.47148182955240286
v 1.4759025075712275 0.6249997818384465 0.4714818295524029
v 1.4668453556528882 0.8749997818384465 0.7383282844644516
v 1.8094650997587327 0.5331456303681185 0.7277816166113458
v 1.7079908309813212 0.7983106733130738 0.9727621725256664
v 1.682622263786968 0.20168932668692463 1.0340073115042465
v 1.5811479950095566 0.46685436963188 1.278987867418567
v 1.4630102750670004 0.5331456303681187 0.5842753294744376
v 1.361536006289589 0.798310673313074 0.8292558853887582
v 1.3361674390952356 0.20168932668692485 0.8905010243673382
v 1.234693170317824 0.4668543696318802 1.1354815802816587
v 1.6939801581948222 0.709922325664755 0.67994618756571
v 1.6601554019356846 0.7983106733130734 0.7616063728704834
v 1.809465099758733 0.5331456303681185 0.727781616611346
v 1.707990830981321 0.7983106733130738 0.9727621725256663
v 1.5784952166309114 0.7099223256647551 0.6321107585200739
v 1.5446704603717738 0.7983106733130736 0.7137709438248474
v 1.4630102750670004 0.5331456303681186 0.5842753294744375
v 1.3615360062895885 0.798310673313074 0.829255885388758
v 1.384002868140872 0.20168932668692452 1.1016568240225215
v 1.3501781118817344 0.29007767433524295 1.1833170093272949
v 1.3361674390952358 0.20168932668692452 0.8905010243673382
v 1.2346931703178239 0.4668543696318799 1.1354815802816587
v 1.499487809704783 0.20168932668692469 1.1494922530681577
v 1.4656630534456454 0.2900776743352431 1.231152438372931
v 1.6826222637869683 0.20168932668692474 1.0340073115042465
v 1.5811479950095564 0.4668543696318801 1.2789878674185668
v 1.4825558080753478 0.12499978183845101 1.3536813795933222
v 1.4825558080753476 0.374999781838451 1.3536813795933222
v 1.5782266661666202 0.12499978183845101 1.1227114964655005
v 1.1678593423136907 0.12499978183845067 1.2233298354439637
v 1.2515859249475259 0.37499978183845073 1.2580105215020496
v 1.3472567830387985 0.12499978183845073 1.027040638374228
v 1.0797932448165048 0.8749997818384463 -0.6711427606276948
v 1.0797932448165048 0.6249997818384463 -0.6711427606276944
v 1.2565699401131418 0.8749997818384463 -0.49436606533105776
v 0.9030165495198679 0.8749997818384463 -0.49436606533105776
v 0.9030165495198679 0.6249997818384464 -0.49436606533105776
v 1.0797932448165048 0.8749997818384464 -0.3175893700344209
v 1.6543175045305742 0.12499978183845101 -0.09661850091362534
v 1.654317504530574 0.374999781838451 -0.09661850091362523
v 1.4775408092339375 0.12499978183845101 -0.2733951962102623
v 1.4775408092339373 0.12499978183845073 0.08015819438301153
v 1.477540809233937 0.37499978183845073 0.08015819438301164
v 1.3007641139373005 0.12499978183845073 -0.09661850091362545
v 1.2011642939212965 0.5331456303681178 -0.6381647741021076
v 1.388664293921297 0.7983106733130734 -0.45066477410210837
v 1.435539293921297 0.2016893266869242 -0.4037897741021077
v 1.6230392939212974 0.4668543696318798 -0.2162897741021086
v 0.935999250976342 0.5331456303681181 -0.37299973115715157
v 1.1234992509763424 0.7983106733130738 -0.18549973115715246
v 1.1703742509763424 0.20168932668692452 -0.1386247311571518
v 1.3578742509763428 0.46685436963188015 0.04887526884284732
v 1.1127759462729787 0.7099223256647543 -0.5497764264537889
v 1.1752759462729783 0.7983106733130729 -0.487276426453789
v 1.2011642939212965 0.5331456303681178 -0.6381647741021076
v 1.3886642939212968 0.7983106733130734 -0.45066477410210837
v 1.0243875986246604 0.7099223256647544 -0.4613880788054704
v 1.0868875986246604 0.7983106733130731 -0.3988880788054704
v 0.9359992509763422 0.5331456303681179 -0.3729997311571518
v 1.1234992509763422 0.7983106733130738 -0.18549973115715235
v 1.3837625986246613 0.20168932668692435 -0.10201307880547084
v 1.4462625986246609 0.29007767433524284 -0.03951307880547095
v 1.1703742509763426 0.2016893266869242 -0.13862473115715201
v 1.3578742509763426 0.4668543696318799 0.04887526884284743
v 1.4721509462729794 0.20168932668692452 -0.19040142645378944
v 1.5346509462729792 0.290077674335243 -0.12790142645378944
v 1.435539293921297 0.2016893266869243 -0.4037897741021079
v 1.6230392939212972 0.4668543696318799 -0.2162897741021086
v 1.4825558080753474 0.8749997818384463 -0.3536780456337173
v 1.4825558080753474 0.6249997818384464 -0.3536780456337172
v 1.5782266661666198 0.8749997818384464 -0.12270816250589567
v 1.1649722187745926 0.8749997818384464 -0.2221306157582177
v 1.1649722187745926 0.6249997818384464 -0.2221306157582177
v 1.347256783038798 0.8749997818384465 -0.027037304414623153
v 1.5820679071065875 0.5331456303681175 -0.27676366919811834
v 1.683542175884 0.7983106733130729 -0.031783113283798126
v 1.7089107430783521 0.20168932668692374 0.0294620256947824
v 1.8103850118557645 0.4668543696318792 0.2744425816091026
v 1.2356130824148552 0.533145630368118 -0.13325738206120952
v 1.3370873511922676 0.7983106733130735 0.1117231738531107
v 1.3624559183866198 0.2016893266869242 0.17296831283169123
v 1.4639301871640322 0.46685436963187965 0.41794886874601145
v 1.4665829655426772 0.7099223256647541 -0.22892824015248225
v 1.5004077218018141 0.7983106733130725 -0.14726805484770866
v 1.5820679071065877 0.5331456303681175 -0.27676366919811834
v 1.6835421758839997 0.7983106733130729 -0.031783113283798126
v 1.3510980239787664 0.7099223256647542 -0.18109281110684594
v 1.3849227802379036 0.7983106733130729 -0.09943262580207224
v 1.2356130824148552 0.5331456303681178 -0.13325738206120996
v 1.3370873511922672 0.7983106733130735 0.1117231738531107
v 1.5455903724688054 0.20168932668692385 0.28845325439560204
v 1.5794151287279423 0.2900776743352423 0.3701134397003756
v 1.36245591838662 0.20168932668692385 0.17296831283169117
v 1.4639301871640318 0.4668543696318793 0.41794886874601156
v 1.6610753140327166 0.2016893266869239 0.24061782534996584
v 1.6949000702918535 0.29007767433524234 0.3222780106547394
v 1.7089107430783523 0.20168932668692374 0.029462025694782346
v 1.8103850118557643 0.4668543696318792 0.27444258160910273
v 1.7934860968719828 0.12499978183845101 0.3969740745317022
v 1.7934860968719826 0.374999781838451 0.3969740745317023
v 1.6978152387807104 0.12499978183845101 0.16600419140388056
v 1.4787896311103257 0.12499978183845067 0.5273256186810609
v 1.5625162137441608 0.37499978183845073 0.49264493262297476
v 1.4668453556528886 0.12499978183845073 0.26167504949515297
v 0.5862006693711761 0.8749997818384463 -0.8103113529691038
v 0.5862006693711761 0.6249997818384463 -0.8103113529691038
v 0.8171705524989978 0.8749997818384463 -0.7146404948778314
v 0.4546532394956767 0.8749997818384464 -0.4927277636683487
v 0.4546532394956767 0.6249997818384464 -0.4927277636683486
v 0.7214996944077255 0.8749997818384464 -0.4836706117500096
v 0.7109530265546183 0.533145630368117 -0.8262903558558544
v 0.9559335824689389 0.7983106733130727 -0.7248160870784438
v 1.0171787214475194 0.20168932668692352 -0.6994475198840898
v 1.2621592773618402 0.4668543696318793 -0.5979732511066788
v 0.5674467394177105 0.5331456303681175 -0.4798355311641217
v 0.8124272953320311 0.7983106733130733 -0.37836126238671086
v 0.8736724343106117 0.20168932668692408 -0.352992695192357
v 1.1186529902249323 0.4668543696318799 -0.25151842641494615
v 0.6631175975089825 0.7099223256647536 -0.7108054142919441
v 0.7447777828137558 0.7983106733130721 -0.6769806580328069
v 0.7109530265546183 0.533145630368117 -0.8262903558558549
v 0.9559335824689388 0.7983106733130727 -0.7248160870784434
v 0.6152821684633465 0.7099223256647538 -0.5953204727280333
v 0.6969423537681201 0.7983106733130725 -0.5614957164688957
v 0.5674467394177103 0.5331456303681174 -0.4798355311641219
v 0.8124272953320308 0.7983106733130733 -0.37836126238671064
v 1.084828233965795 0.2016893266869239 -0.40082812423799385
v 1.1664884192705685 0.29007767433524245 -0.36700336797885647
v 0.8736724343106118 0.20168932668692374 -0.3529926951923571
v 1.1186529902249323 0.46685436963187954 -0.2515184264149458
v 1.132663663011431 0.20168932668692396 -0.5163130658019047
v 1.2143238483162042 0.2900776743352425 -0.48248830954276745
v 1.0171787214475194 0.20168932668692363 -0.6994475198840903
v 1.26215927736184 0.46685436963187943 -0.5979732511066788
v 1.3368527895365954 0.12499978183845101 -0.4993810641724695
v 1.3368527895365951 0.374999781838451 -0.4993810641724693
v 1.1058829064087736 0.12499978183845101 -0.5950519222637417
v 1.206501245387237 0.12499978183845067 -0.1846845984108123
v 1.2411819314453232 0.37499978183845073 -0.26841118104464745
v 1.0102120483175014 0.12499978183845073 -0.36408203913591985
vt 0.75 0.4375
vt 0.8125 0.4375
vt 0.8125 0.375
vt 0.75 0.375
vt 0.8125 0.4375
vt 0.75 0.4375
vt 0.75 0.375
vt 0.8125 0.375
vt 0.75 0.375
vt 0.8125 0.375
vt 0.8125 0.4375
vt 0.75 0.4375
vt 0.75 0.4375
vt 0.8125 0.4375
vt 0.8125 0.375
vt 0.75 0.375
vt 0.75 0.4375
vt 0.8125 0.4375
vt 0.8125 0.375
vt 0.75 0.375
vt 0.75 0.4375
vt 0.8125 0.4375
vt 0.8125 0.375
vt 0.75 0.375
vt 0.90625 0.8125
vt 0.71875 0.8125
vt 0.71875 1
vt 0.90625 1
vt 0.90625 0.8125
vt 0.71875 0.8125
vt 0.71875 1
vt 0.90625 1
vt 0.625 0.375
vt 0.625 0
vt 0.5625 0
vt 0.5625 0.375
vt 0.625 0.375
vt 0.625 0
vt 0.5625 0
vt 0.5625 0.375
vt 0.625 0.375
vt 0.625 0
vt 0.5625 0
vt 0.5625 0.375
vt 0.625 0.375
vt 0.625 0
vt 0.5625 0
vt 0.5625 0.375
vt 0.625 0.375
vt 0.625 0
vt 0.5625 0
vt 0.5625 0.375
vt 0.625 0.375
vt 0.625 0
vt 0.5625 0
vt 0.5625 0.375
vt 0.8125 0.40625
vt 1 0.40625
vt 0.981759375 0.375
vt 0.83074375 0.375
vt 0.625 0.375
vt 0.625 0
vt 0.5625 0
vt 0.5625 0.375
vt 0.8125 0.46875
vt 1 0.46875
vt 0.981759375 0.4375
vt 0.83074375 0.4375
vt 0.625 0.375
vt 0.625 0
vt 0.5625 0
vt 0.5625 0.375
vt 0.8125 0.40625
vt 1 0.40625
vt 0.981759375 0.375
vt 0.83074375 0.375
vt 0.625 0.375
vt 0.625 0
vt 0.5625 0
vt 0.5625 0.375
vt 0.8125 0.46875
vt 1 0.46875
vt 0.981759375 0.4375
vt 0.83074375 0.4375
vt 0.625 0.375
vt 0.625 0
vt 0.5625 0
vt 0.5625 0.375
vt 0.8125 0.40625
vt 1 0.40625
vt 0.981759375 0.375
vt 0.83074375 0.375
vt 0.625 0.375
vt 0.625 0
vt 0.5625 0
vt 0.5625 0.375
vt 0.8125 0.46875
vt 1 0.46875
vt 0.981759375 0.4375
vt 0.83074375 0.4375
vt 0.625 0.375
vt 0.625 0
vt 0.5625 0
vt 0.5625 0.375
vt 0.8125 0.40625
vt 1 0.40625
vt 0.981759375 0.375
vt 0.83074375 0.375
vt 0.8125 0.46875
vt 1 0.46875
vt 0.981759375 0.4375
vt 0.83074375 0.4375
vt 1 0.26249999999999996
vt 0.8125 0.1875
vt 0.8875 0.375
vt 1 0.11250000000000004
vt 0.8125 0.1875
vt 1 0.26249999999999996
vt 0.8875 0
vt 0.8125 0.1875
vt 1 0.11250000000000004
vt 0.7375 0
vt 0.8125 0.1875
vt 0.8875 0
vt 0.8875 0.375
vt 0.8125 0.1875
vt 0.7375 0.375
vt 0.7375 0.375
vt 0.8125 0.1875
vt 0.625 0.26249999999999996
vt 0.625 0.26249999999999996
vt 0.8125 0.1875
vt 0.625 0.11250000000000004
vt 0.625 0.11250000000000004
vt 0.8125 0.1875
vt 0.7375 0
vt 0.7375 0
vt 0.8125 0.1875
vt 0.8875 0
vt 0.625 0.11250000000000004
vt 0.8125 0.1875
vt 0.7375 0
vt 0.8875 0
vt 0.8125 0.1875
vt 1 0.11250000000000004
vt 1 0.11250000000000004
vt 0.8125 0.1875
vt 1 0.26249999999999996
vt 0.625 0.26249999999999996
vt 0.8125 0.1875
vt 0.625 0.11250000000000004
vt 0.8125 0.46875
vt 1 0.46875
vt 0.981759375 0.4375
vt 0.83074375 0.4375
vt 1 0.26249999999999996
vt 0.8125 0.1875
vt 0.8875 0.375
vt 0.8125 0.40625
vt 1 0.40625
vt 0.981759375 0.375
vt 0.83074375 0.375
vt 0.8125 0.46875
vt 1 0.46875
vt 0.981759375 0.4375
vt 0.83074375 0.4375
vt 0.7375 0.375
vt 0.8125 0.1875
vt 0.625 0.26249999999999996
vt 0.8125 0.46875
vt 1 0.46875
vt 0.981759375 0.4375
vt 0.83074375 0.4375
vt 0.8125 0.40625
vt 1 0.40625
vt 0.981759375 0.375
vt 0.83074375 0.375
vt 0.8125 0.40625
vt 1 0.40625
vt 0.981759375 0.375
vt 0.83074375 0.375
vt 0.8125 0.46875
vt 1 0.46875
vt 0.981759375 0.4375
vt 0.83074375 0.4375
vt 0.8875 0.375
vt 0.8125 0.1875
vt 0.7375 0.375
vt 0.8125 0.40625
vt 1 0.40625
vt 0.981759375 0.375
vt 0.83074375 0.375
vt 0.90625 0.8125
vt 0.71875 0.8125
vt 0.71875 1
vt 0.90625 1
vt 0.90625 0.8125
vt 0.71875 0.8125
vt 0.71875 1
vt 0.90625 1
vt 0.625 0.375
vt 0.625 0
vt 0.5625 0
vt 0.5625 0.375
vt 0.625 0.375
vt 0.625 0
vt 0.5625 0
vt 0.5625 0.375
vt 0.625 0.375
vt 0.625 0
vt 0.5625 0
vt 0.5625 0.375
vt 0.625 0.375
vt 0.625 0
vt 0.5625 0
vt 0.5625 0.375
vt 0.75 0.4375
vt 0.8125 0.4375
vt 0.8125 0.375
vt 0.75 0.375
vt 0.8125 0.4375
vt 0.75 0.4375
vt 0.75 0.375
vt 0.8125 0.375
vt 0.75 0.375
vt 0.8125 0.375
vt 0.8125 0.4375
vt 0.75 0.4375
vt 0.75 0.4375
vt 0.8125 0.4375
vt 0.8125 0.375
vt 0.75 0.375
vt 0.75 0.4375
vt 0.8125 0.4375
vt 0.8125 0.375
vt 0.75 0.375
vt 0.75 0.4375
vt 0.8125 0.4375
vt 0.8125 0.375
vt 0.75 0.375
vt 0.6875 0.3125
vt 0.9375 0.3125
vt 0.9375 0.0625
vt 0.6875 0.0625
vt 0.6875 0.3125
vt 0.9375 0.3125
vt 0.9375 0.0625
vt 0.6875 0.0625
vt 0.625 0.375
vt 0.625 0.34375
vt 0.5625 0.34375
vt 0.5625 0.375
vt 0.625 0.375
vt 0.625 0.34375
vt 0.5625 0.34375
vt 0.5625 0.375
vt 0.625 0.375
vt 0.625 0.34375
vt 0.5625 0.34375
vt 0.5625 0.375
vt 0.625 0.375
vt 0.625 0.34375
vt 0.5625 0.34375
vt 0.5625 0.375
vt 0.75 0.4375
vt 0.8125 0.4375
vt 0.8125 0.375
vt 0.75 0.375
vt 0.8125 0.4375
vt 0.75 0.4375
vt 0.75 0.375
vt 0.8125 0.375
vt 0.75 0.375
vt 0.8125 0.375
vt 0.8125 0.4375
vt 0.75 0.4375
vt 0.75 0.4375
vt 0.8125 0.4375
vt 0.8125 0.375
vt 0.75 0.375
vt 0.75 0.4375
vt 0.8125 0.4375
vt 0.8125 0.375
vt 0.75 0.375
vt 0.75 0.4375
vt 0.8125 0.4375
vt 0.8125 0.375
vt 0.75 0.375
vt 0.90625 0.8125
vt 0.71875 0.8125
vt 0.71875 1
vt 0.90625 1
vt 0.90625 0.8125
vt 0.71875 0.8125
vt 0.71875 1
vt 0.90625 1
vt 0.625 0.375
vt 0.625 0
vt 0.5625 0
vt 0.5625 0.375
vt 0.625 0.375
vt 0.625 0
vt 0.5625 0
vt 0.5625 0.375
vt 0.625 0.375
vt 0.625 0
vt 0.5625 0
vt 0.5625 0.375
vt 0.625 0.375
vt 0.625 0
vt 0.5625 0
vt 0.5625 0.375
vt 0.75 0.4375
vt 0.8125 0.4375
vt 0.8125 0.375
vt 0.75 0.375
vt 0.8125 0.4375
vt 0.75 0.4375
vt 0.75 0.375
vt 0.8125 0.375
vt 0.75 0.375
vt 0.8125 0.375
vt 0.8125 0.4375
vt 0.75 0.4375
vt 0.75 0.4375
vt 0.8125 0.4375
vt 0.8125 0.375
vt 0.75 0.375
vt 0.75 0.4375
vt 0.8125 0.4375
vt 0.8125 0.375
vt 0.75 0.375
vt 0.75 0.4375
vt 0.8125 0.4375
vt 0.8125 0.375
vt 0.75 0.375
vt 0.90625 0.8125
vt 0.71875 0.8125
vt 0.71875 1
vt 0.90625 1
vt 0.90625 0.8125
vt 0.71875 0.8125
vt 0.71875 1
vt 0.90625 1
vt 0.625 0.375
vt 0.625 0
vt 0.5625 0
vt 0.5625 0.375
vt 0.625 0.375
vt 0.625 0
vt 0.5625 0
vt 0.5625 0.375
vt 0.625 0.375
vt 0.625 0
vt 0.5625 0
vt 0.5625 0.375
vt 0.625 0.375
vt 0.625 0
vt 0.5625 0
vt 0.5625 0.375
vt 0.671875 0.9375
vt 0.953125 0.9375
vt 0.8125 0.59375
vt 0.953125 0.9375
vt 0.953125 0.90625
vt 0.671875 0.90625
vt 0.671875 0.9375
vt 0.671875 0.9375
vt 0.953125 0.9375
vt 0.8125 0.59375
vt 0.671875 0.9375
vt 0.953125 0.9375
vt 0.8125 0.59375
vt 0.953125 0.9375
vt 0.953125 0.90625
vt 0.671875 0.90625
vt 0.671875 0.9375
vt 0.671875 0.9375
vt 0.953125 0.9375
vt 0.8125 0.59375
vt 0.671875 0.9375
vt 0.953125 0.9375
vt 0.8125 0.59375
vt 0.953125 0.9375
vt 0.953125 0.90625
vt 0.671875 0.90625
vt 0.671875 0.9375
vt 0.671875 0.9375
vt 0.953125 0.9375
vt 0.8125 0.59375
vt 0.671875 0.9375
vt 0.953125 0.9375
vt 0.8125 0.59375
vt 0.953125 0.9375
vt 0.953125 0.90625
vt 0.671875 0.90625
vt 0.671875 0.9375
vt 0.671875 0.9375
vt 0.953125 0.9375
vt 0.8125 0.59375
vt 0.671875 0.9375
vt 0.953125 0.9375
vt 0.8125 0.59375
vt 0.953125 0.9375
vt 0.953125 0.90625
vt 0.671875 0.90625
vt 0.671875 0.9375
vt 0.671875 0.9375
vt 0.953125 0.9375
vt 0.8125 0.59375
vt 0.671875 0.9375
vt 0.953125 0.9375
vt 0.8125 0.59375
vt 0.953125 0.9375
vt 0.953125 0.90625
vt 0.671875 0.90625
vt 0.671875 0.9375
vt 0.671875 0.9375
vt 0.953125 0.9375
vt 0.8125 0.59375
vt 0.671875 0.9375
vt 0.953125 0.9375
vt 0.8125 0.59375
vt 0.953125 0.9375
vt 0.953125 0.90625
vt 0.671875 0.90625
vt 0.671875 0.9375
vt 0.671875 0.9375
vt 0.953125 0.9375
vt 0.8125 0.59375
vt 0.671875 0.9375
vt 0.953125 0.9375
vt 0.8125 0.59375
vt 0.953125 0.9375
vt 0.953125 0.90625
vt 0.671875 0.90625
vt 0.671875 0.9375
vt 0.671875 0.9375
vt 0.953125 0.9375
vt 0.8125 0.59375
vt 0.5625 0.375
vt 0.5625 0
vt 0.625 0
vt 0.625 0.375
vt 0.5625 0
vt 0.5625 0.375
vt 0.625 0.375
vt 0.625 0
vt 0.9843749999999993 1
vt 0.9588726816074182 0.9375
vt 0.6661273183925804 0.9375
vt 0.6406249999999993 1
vt 0.6661279202570197 0.9375
vt 0.640625 1
vt 0.984375 1
vt 0.9588720797429803 0.9375
vt 0.5625 0.375
vt 0.5625 0
vt 0.625 0
vt 0.625 0.375
vt 0.5625 0
vt 0.5625 0.375
vt 0.625 0.375
vt 0.625 0
vt 0.9843749999999993 1
vt 0.9588726816074182 0.9375
vt 0.6661273183925804 0.9375
vt 0.6406249999999993 1
vt 0.6661279202570197 0.9375
vt 0.640625 1
vt 0.984375 1
vt 0.9588720797429803 0.9375
vt 0.5625 0.375
vt 0.5625 0
vt 0.625 0
vt 0.625 0.375
vt 0.5625 0
vt 0.5625 0.375
vt 0.625 0.375
vt 0.625 0
vt 0.9843749999999993 1
vt 0.9588726816074182 0.9375
vt 0.6661273183925804 0.9375
vt 0.6406249999999993 1
vt 0.6661279202570197 0.9375
vt 0.640625 1
vt 0.984375 1
vt 0.9588720797429803 0.9375
vt 0.5625 0.375
vt 0.5625 0
vt 0.625 0
vt 0.625 0.375
vt 0.5625 0
vt 0.5625 0.375
vt 0.625 0.375
vt 0.625 0
vt 0.9843749999999993 1
vt 0.9588726816074182 0.9375
vt 0.6661273183925804 0.9375
vt 0.6406249999999993 1
vt 0.6661279202570197 0.9375
vt 0.640625 1
vt 0.984375 1
vt 0.9588720797429803 0.9375
vt 0.5625 0.375
vt 0.5625 0
vt 0.625 0
vt 0.625 0.375
vt 0.5625 0
vt 0.5625 0.375
vt 0.625 0.375
vt 0.625 0
vt 0.9843749999999993 1
vt 0.9588726816074182 0.9375
vt 0.6661273183925804 0.9375
vt 0.6406249999999993 1
vt 0.6661279202570197 0.9375
vt 0.640625 1
vt 0.984375 1
vt 0.9588720797429803 0.9375
vt 0.5625 0.375
vt 0.5625 0
vt 0.625 0
vt 0.625 0.375
vt 0.5625 0
vt 0.5625 0.375
vt 0.625 0.375
vt 0.625 0
vt 0.9843749999999993 1
vt 0.9588726816074182 0.9375
vt 0.6661273183925804 0.9375
vt 0.6406249999999993 1
vt 0.6661279202570197 0.9375
vt 0.640625 1
vt 0.984375 1
vt 0.9588720797429803 0.9375
vt 0.5625 0.375
vt 0.5625 0
vt 0.625 0
vt 0.625 0.375
vt 0.5625 0
vt 0.5625 0.375
vt 0.625 0.375
vt 0.625 0
vt 0.9843749999999993 1
vt 0.9588726816074182 0.9375
vt 0.6661273183925804 0.9375
vt 0.6406249999999993 1
vt 0.6661279202570197 0.9375
vt 0.640625 1
vt 0.984375 1
vt 0.9588720797429803 0.9375
vt 0.5625 0.375
vt 0.5625 0
vt 0.625 0
vt 0.625 0.375
vt 0.5625 0
vt 0.5625 0.375
vt 0.625 0.375
vt 0.625 0
vt 0.9843749999999993 1
vt 0.9588726816074182 0.9375
vt 0.6661273183925804 0.9375
vt 0.6406249999999993 1
vt 0.6661279202570197 0.9375
vt 0.640625 1
vt 0.984375 1
vt 0.9588720797429803 0.9375
vt 0.75 0.4375
vt 0.8125 0.4375
vt 0.8125 0.375
vt 0.75 0.375
vt 0.75 0.4375
vt 0.8125 0.4375
vt 0.8125 0.375
vt 0.75 0.375
vt 0.8125 0.4375
vt 0.8125 0.375
vt 0.75 0.375
vt 0.75 0.4375
vt 0.75 0.4375
vt 0.8125 0.4375
vt 0.8125 0.375
vt 0.75 0.375
vt 0.75 0.4375
vt 0.8125 0.4375
vt 0.8125 0.375
vt 0.75 0.375
vt 0.75 0.4375
vt 0.8125 0.4375
vt 0.8125 0.375
vt 0.75 0.375
vt 0.75 0.4375
vt 0.8125 0.4375
vt 0.8125 0.375
vt 0.75 0.375
vt 0.75 0.4375
vt 0.8125 0.4375
vt 0.8125 0.375
vt 0.75 0.375
vt 0.8125 0.4375
vt 0.8125 0.375
vt 0.75 0.375
vt 0.75 0.4375
vt 0.75 0.4375
vt 0.8125 0.4375
vt 0.8125 0.375
vt 0.75 0.375
vt 0.75 0.4375
vt 0.8125 0.4375
vt 0.8125 0.375
vt 0.75 0.375
vt 0.75 0.4375
vt 0.8125 0.4375
vt 0.8125 0.375
vt 0.75 0.375
vt 0.75 0.4375
vt 0.8125 0.4375
vt 0.8125 0.375
vt 0.75 0.375
vt 0.75 0.4375
vt 0.8125 0.4375
vt 0.8125 0.375
vt 0.75 0.375
vt 0.8125 0.4375
vt 0.8125 0.375
vt 0.75 0.375
vt 0.75 0.4375
vt 0.75 0.4375
vt 0.8125 0.4375
vt 0.8125 0.375
vt 0.75 0.375
vt 0.75 0.4375
vt 0.8125 0.4375
vt 0.8125 0.375
vt 0.75 0.375
vt 0.75 0.4375
vt 0.8125 0.4375
vt 0.8125 0.375
vt 0.75 0.375
vt 0.75 0.4375
vt 0.8125 0.4375
vt 0.8125 0.375
vt 0.75 0.375
vt 0.75 0.4375
vt 0.8125 0.4375
vt 0.8125 0.375
vt 0.75 0.375
vt 0.8125 0.4375
vt 0.8125 0.375
vt 0.75 0.375
vt 0.75 0.4375
vt 0.75 0.4375
vt 0.8125 0.4375
vt 0.8125 0.375
vt 0.75 0.375
vt 0.75 0.4375
vt 0.8125 0.4375
vt 0.8125 0.375
vt 0.75 0.375
vt 0.75 0.4375
vt 0.8125 0.4375
vt 0.8125 0.375
vt 0.75 0.375
vt 0.84375 0.25
vt 0.90625 0.25
vt 0.90625 0.1875
vt 0.78125 0.90625
vt 0.84375 0.90625
vt 0.84375 0.84375
vt 0.90625 0.25
vt 0.90625 0.1875
vt 0.84375 0.1875
vt 0.84375 0.25
vt 0.875 0.4375
vt 0.9375 0.4375
vt 0.9375 0.375
vt 0.875 0.375
vt 0.84375 0.25
vt 0.90625 0.25
vt 0.90625 0.1875
vt 0.84375 0.1875
vt 0.03125 0.65625
vt 0.03125 1
vt 0.24999999999999997 1
vt 0.24999999999999997 0.65625
vt 0.03125 1
vt 0.24999999999999997 1
vt 0.24999999999999997 0.65625
vt 0.03125 0.65625
vt 0.9375 0.3125
vt 0.9375 0.0625
vt 0.6875 0.0625
vt 0.6875 0.3125
vt 0.6875 0.3125
vt 0.9375 0.3125
vt 0.9375 0.0625
vt 0.6875 0.0625
vt 0.03125 1
vt 0.24999999999999997 1
vt 0.24999999999999997 0.65625
vt 0.03125 0.65625
vt 0.03125 0.65625
vt 0.03125 1
vt 0.25 1
vt 0.25 0.65625
vt 0.0625 0.4169727903482443
vt 0.13541666666666666 0.5312500000000032
vt 0.20833333333333331 0.5312500000000032
vt 0.28125 0.4169727903482443
vt 0.13541666666666666 0.5312500000000031
vt 0.20833333333333331 0.5312500000000031
vt 0.28125 0.4169687500000031
vt 0.0625 0.4169687500000031
vt 0.09375 0.6875
vt 0.09375 0.625
vt 0.03125 0.625
vt 0.03125 0.6875
vt 0.6875 0.3125
vt 0.9375 0.3125
vt 0.9375 0.0625
vt 0.6875 0.0625
vt 0.13541666666666666 0.5312500000000031
vt 0.20833333333333331 0.5312500000000031
vt 0.28125 0.4169727903482443
vt 0.0625 0.4169727903482443
vt 0.0625 0.4169727903482443
vt 0.13541666666666666 0.5312500000000031
vt 0.20833333333333331 0.5312500000000031
vt 0.28125 0.4169727903482443
vt 0.0625 0.4169727903482443
vt 0.13541666666666666 0.5312500000000032
vt 0.20833333333333331 0.5312500000000032
vt 0.28125 0.4169727903482443
vt 0.13541666666666666 0.5312500000000031
vt 0.20833333333333331 0.5312500000000031
vt 0.28125 0.4169687500000031
vt 0.0625 0.4169687500000031
vt 0.09375 0.6875
vt 0.09375 0.625
vt 0.03125 0.625
vt 0.03125 0.6875
vt 0.6875 0.3125
vt 0.9375 0.3125
vt 0.9375 0.0625
vt 0.6875 0.0625
vt 0.13541666666666666 0.5312500000000031
vt 0.20833333333333331 0.5312500000000031
vt 0.28125 0.4169727903482443
vt 0.0625 0.4169727903482443
vt 0.0625 0.4169727903482443
vt 0.13541666666666666 0.5312500000000031
vt 0.20833333333333331 0.5312500000000031
vt 0.28125 0.4169727903482443
vt 0.84375 0.25
vt 0.90625 0.25
vt 0.90625 0.1875
vt 0.78125 0.90625
vt 0.84375 0.90625
vt 0.84375 0.84375
vt 0.90625 0.25
vt 0.90625 0.1875
vt 0.84375 0.1875
vt 0.84375 0.25
vt 0.875 0.4375
vt 0.9375 0.4375
vt 0.9375 0.375
vt 0.875 0.375
vt 0.84375 0.25
vt 0.90625 0.25
vt 0.90625 0.1875
vt 0.84375 0.1875
vt 0.84375 0.25
vt 0.90625 0.25
vt 0.90625 0.1875
vt 0.78125 0.90625
vt 0.84375 0.90625
vt 0.84375 0.84375
vt 0.90625 0.25
vt 0.90625 0.1875
vt 0.84375 0.1875
vt 0.84375 0.25
vt 0.875 0.4375
vt 0.9375 0.4375
vt 0.9375 0.375
vt 0.875 0.375
vt 0.84375 0.25
vt 0.90625 0.25
vt 0.90625 0.1875
vt 0.84375 0.1875
vt 0.03125 0.65625
vt 0.03125 1
vt 0.24999999999999997 1
vt 0.24999999999999997 0.65625
vt 0.03125 1
vt 0.24999999999999997 1
vt 0.24999999999999997 0.65625
vt 0.03125 0.65625
vt 0.9375 0.3125
vt 0.9375 0.0625
vt 0.6875 0.0625
vt 0.6875 0.3125
vt 0.6875 0.3125
vt 0.9375 0.3125
vt 0.9375 0.0625
vt 0.6875 0.0625
vt 0.03125 1
vt 0.24999999999999997 1
vt 0.24999999999999997 0.65625
vt 0.03125 0.65625
vt 0.03125 0.65625
vt 0.03125 1
vt 0.25 1
vt 0.25 0.65625
vt 0.0625 0.4169727903482443
vt 0.13541666666666666 0.5312500000000032
vt 0.20833333333333331 0.5312500000000032
vt 0.28125 0.4169727903482443
vt 0.13541666666666666 0.5312500000000031
vt 0.20833333333333331 0.5312500000000031
vt 0.28125 0.4169687500000031
vt 0.0625 0.4169687500000031
vt 0.09375 0.6875
vt 0.09375 0.625
vt 0.03125 0.625
vt 0.03125 0.6875
vt 0.6875 0.3125
vt 0.9375 0.3125
vt 0.9375 0.0625
vt 0.6875 0.0625
vt 0.13541666666666666 0.5312500000000031
vt 0.20833333333333331 0.5312500000000031
vt 0.28125 0.4169727903482443
vt 0.0625 0.4169727903482443
vt 0.0625 0.4169727903482443
vt 0.13541666666666666 0.5312500000000031
vt 0.20833333333333331 0.5312500000000031
vt 0.28125 0.4169727903482443
vt 0.0625 0.4169727903482443
vt 0.13541666666666666 0.5312500000000032
vt 0.20833333333333331 0.5312500000000032
vt 0.28125 0.4169727903482443
vt 0.13541666666666666 0.5312500000000031
vt 0.20833333333333331 0.5312500000000031
vt 0.28125 0.4169687500000031
vt 0.0625 0.4169687500000031
vt 0.09375 0.6875
vt 0.09375 0.625
vt 0.03125 0.625
vt 0.03125 0.6875
vt 0.6875 0.3125
vt 0.9375 0.3125
vt 0.9375 0.0625
vt 0.6875 0.0625
vt 0.13541666666666666 0.5312500000000031
vt 0.20833333333333331 0.5312500000000031
vt 0.28125 0.4169727903482443
vt 0.0625 0.4169727903482443
vt 0.0625 0.4169727903482443
vt 0.13541666666666666 0.5312500000000031
vt 0.20833333333333331 0.5312500000000031
vt 0.28125 0.4169727903482443
vt 0.84375 0.25
vt 0.90625 0.25
vt 0.90625 0.1875
vt 0.78125 0.90625
vt 0.84375 0.90625
vt 0.84375 0.84375
vt 0.90625 0.25
vt 0.90625 0.1875
vt 0.84375 0.1875
vt 0.84375 0.25
vt 0.875 0.4375
vt 0.9375 0.4375
vt 0.9375 0.375
vt 0.875 0.375
vt 0.84375 0.25
vt 0.90625 0.25
vt 0.90625 0.1875
vt 0.84375 0.1875
vt 0.84375 0.25
vt 0.90625 0.25
vt 0.90625 0.1875
vt 0.78125 0.90625
vt 0.84375 0.90625
vt 0.84375 0.84375
vt 0.90625 0.25
vt 0.90625 0.1875
vt 0.84375 0.1875
vt 0.84375 0.25
vt 0.875 0.4375
vt 0.9375 0.4375
vt 0.9375 0.375
vt 0.875 0.375
vt 0.84375 0.25
vt 0.90625 0.25
vt 0.90625 0.1875
vt 0.84375 0.1875
vt 0.03125 0.65625
vt 0.03125 1
vt 0.24999999999999997 1
vt 0.24999999999999997 0.65625
vt 0.03125 1
vt 0.24999999999999997 1
vt 0.24999999999999997 0.65625
vt 0.03125 0.65625
vt 0.9375 0.3125
vt 0.9375 0.0625
vt 0.6875 0.0625
vt 0.6875 0.3125
vt 0.6875 0.3125
vt 0.9375 0.3125
vt 0.9375 0.0625
vt 0.6875 0.0625
vt 0.03125 1
vt 0.24999999999999997 1
vt 0.24999999999999997 0.65625
vt 0.03125 0.65625
vt 0.03125 0.65625
vt 0.03125 1
vt 0.25 1
vt 0.25 0.65625
vt 0.0625 0.4169727903482443
vt 0.13541666666666666 0.5312500000000032
vt 0.20833333333333331 0.5312500000000032
vt 0.28125 0.4169727903482443
vt 0.13541666666666666 0.5312500000000031
vt 0.20833333333333331 0.5312500000000031
vt 0.28125 0.4169687500000031
vt 0.0625 0.4169687500000031
vt 0.09375 0.6875
vt 0.09375 0.625
vt 0.03125 0.625
vt 0.03125 0.6875
vt 0.6875 0.3125
vt 0.9375 0.3125
vt 0.9375 0.0625
vt 0.6875 0.0625
vt 0.13541666666666666 0.5312500000000031
vt 0.20833333333333331 0.5312500000000031
vt 0.28125 0.4169727903482443
vt 0.0625 0.4169727903482443
vt 0.0625 0.4169727903482443
vt 0.13541666666666666 0.5312500000000031
vt 0.20833333333333331 0.5312500000000031
vt 0.28125 0.4169727903482443
vt 0.0625 0.4169727903482443
vt 0.13541666666666666 0.5312500000000032
vt 0.20833333333333331 0.5312500000000032
vt 0.28125 0.4169727903482443
vt 0.13541666666666666 0.5312500000000031
vt 0.20833333333333331 0.5312500000000031
vt 0.28125 0.4169687500000031
vt 0.0625 0.4169687500000031
vt 0.09375 0.6875
vt 0.09375 0.625
vt 0.03125 0.625
vt 0.03125 0.6875
vt 0.6875 0.3125
vt 0.9375 0.3125
vt 0.9375 0.0625
vt 0.6875 0.0625
vt 0.13541666666666666 0.5312500000000031
vt 0.20833333333333331 0.5312500000000031
vt 0.28125 0.4169727903482443
vt 0.0625 0.4169727903482443
vt 0.0625 0.4169727903482443
vt 0.13541666666666666 0.5312500000000031
vt 0.20833333333333331 0.5312500000000031
vt 0.28125 0.4169727903482443
vt 0.84375 0.25
vt 0.90625 0.25
vt 0.90625 0.1875
vt 0.78125 0.90625
vt 0.84375 0.90625
vt 0.84375 0.84375
vt 0.90625 0.25
vt 0.90625 0.1875
vt 0.84375 0.1875
vt 0.84375 0.25
vt 0.875 0.4375
vt 0.9375 0.4375
vt 0.9375 0.375
vt 0.875 0.375
vt 0.84375 0.25
vt 0.90625 0.25
vt 0.90625 0.1875
vt 0.84375 0.1875
vt 0.84375 0.25
vt 0.90625 0.25
vt 0.90625 0.1875
vt 0.78125 0.90625
vt 0.84375 0.90625
vt 0.84375 0.84375
vt 0.90625 0.25
vt 0.90625 0.1875
vt 0.84375 0.1875
vt 0.84375 0.25
vt 0.875 0.4375
vt 0.9375 0.4375
vt 0.9375 0.375
vt 0.875 0.375
vt 0.84375 0.25
vt 0.90625 0.25
vt 0.90625 0.1875
vt 0.84375 0.1875
vt 0.84375 0.25
vt 0.90625 0.25
vt 0.90625 0.1875
vt 0.78125 0.90625
vt 0.84375 0.90625
vt 0.84375 0.84375
vt 0.90625 0.25
vt 0.90625 0.1875
vt 0.84375 0.1875
vt 0.84375 0.25
vt 0.875 0.4375
vt 0.9375 0.4375
vt 0.9375 0.375
vt 0.875 0.375
vt 0.84375 0.25
vt 0.90625 0.25
vt 0.90625 0.1875
vt 0.84375 0.1875
vt 0.03125 0.65625
vt 0.03125 1
vt 0.24999999999999997 1
vt 0.24999999999999997 0.65625
vt 0.03125 1
vt 0.24999999999999997 1
vt 0.24999999999999997 0.65625
vt 0.03125 0.65625
vt 0.9375 0.3125
vt 0.9375 0.0625
vt 0.6875 0.0625
vt 0.6875 0.3125
vt 0.6875 0.3125
vt 0.9375 0.3125
vt 0.9375 0.0625
vt 0.6875 0.0625
vt 0.03125 1
vt 0.24999999999999997 1
vt 0.24999999999999997 0.65625
vt 0.03125 0.65625
vt 0.03125 0.65625
vt 0.03125 1
vt 0.25 1
vt 0.25 0.65625
vt 0.0625 0.4169727903482443
vt 0.13541666666666666 0.5312500000000032
vt 0.20833333333333331 0.5312500000000032
vt 0.28125 0.4169727903482443
vt 0.13541666666666666 0.5312500000000031
vt 0.20833333333333331 0.5312500000000031
vt 0.28125 0.4169687500000031
vt 0.0625 0.4169687500000031
vt 0.09375 0.6875
vt 0.09375 0.625
vt 0.03125 0.625
vt 0.03125 0.6875
vt 0.6875 0.3125
vt 0.9375 0.3125
vt 0.9375 0.0625
vt 0.6875 0.0625
vt 0.13541666666666666 0.5312500000000031
vt 0.20833333333333331 0.5312500000000031
vt 0.28125 0.4169727903482443
vt 0.0625 0.4169727903482443
vt 0.0625 0.4169727903482443
vt 0.13541666666666666 0.5312500000000031
vt 0.20833333333333331 0.5312500000000031
vt 0.28125 0.4169727903482443
vt 0.0625 0.4169727903482443
vt 0.13541666666666666 0.5312500000000032
vt 0.20833333333333331 0.5312500000000032
vt 0.28125 0.4169727903482443
vt 0.13541666666666666 0.5312500000000031
vt 0.20833333333333331 0.5312500000000031
vt 0.28125 0.4169687500000031
vt 0.0625 0.4169687500000031
vt 0.09375 0.6875
vt 0.09375 0.625
vt 0.03125 0.625
vt 0.03125 0.6875
vt 0.6875 0.3125
vt 0.9375 0.3125
vt 0.9375 0.0625
vt 0.6875 0.0625
vt 0.13541666666666666 0.5312500000000031
vt 0.20833333333333331 0.5312500000000031
vt 0.28125 0.4169727903482443
vt 0.0625 0.4169727903482443
vt 0.0625 0.4169727903482443
vt 0.13541666666666666 0.5312500000000031
vt 0.20833333333333331 0.5312500000000031
vt 0.28125 0.4169727903482443
vt 0.84375 0.25
vt 0.90625 0.25
vt 0.90625 0.1875
vt 0.78125 0.90625
vt 0.84375 0.90625
vt 0.84375 0.84375
vt 0.90625 0.25
vt 0.90625 0.1875
vt 0.84375 0.1875
vt 0.84375 0.25
vt 0.875 0.4375
vt 0.9375 0.4375
vt 0.9375 0.375
vt 0.875 0.375
vt 0.84375 0.25
vt 0.90625 0.25
vt 0.90625 0.1875
vt 0.84375 0.1875
vt 0.03125 0.65625
vt 0.03125 1
vt 0.24999999999999997 1
vt 0.24999999999999997 0.65625
vt 0.03125 1
vt 0.24999999999999997 1
vt 0.24999999999999997 0.65625
vt 0.03125 0.65625
vt 0.9375 0.3125
vt 0.9375 0.0625
vt 0.6875 0.0625
vt 0.6875 0.3125
vt 0.6875 0.3125
vt 0.9375 0.3125
vt 0.9375 0.0625
vt 0.6875 0.0625
vt 0.03125 1
vt 0.24999999999999997 1
vt 0.24999999999999997 0.65625
vt 0.03125 0.65625
vt 0.03125 0.65625
vt 0.03125 1
vt 0.25 1
vt 0.25 0.65625
vt 0.0625 0.4169727903482443
vt 0.13541666666666666 0.5312500000000032
vt 0.20833333333333331 0.5312500000000032
vt 0.28125 0.4169727903482443
vt 0.13541666666666666 0.5312500000000031
vt 0.20833333333333331 0.5312500000000031
vt 0.28125 0.4169687500000031
vt 0.0625 0.4169687500000031
vt 0.09375 0.6875
vt 0.09375 0.625
vt 0.03125 0.625
vt 0.03125 0.6875
vt 0.6875 0.3125
vt 0.9375 0.3125
vt 0.9375 0.0625
vt 0.6875 0.0625
vt 0.13541666666666666 0.5312500000000031
vt 0.20833333333333331 0.5312500000000031
vt 0.28125 0.4169727903482443
vt 0.0625 0.4169727903482443
vt 0.0625 0.4169727903482443
vt 0.13541666666666666 0.5312500000000031
vt 0.20833333333333331 0.5312500000000031
vt 0.28125 0.4169727903482443
vt 0.0625 0.4169727903482443
vt 0.13541666666666666 0.5312500000000032
vt 0.20833333333333331 0.5312500000000032
vt 0.28125 0.4169727903482443
vt 0.13541666666666666 0.5312500000000031
vt 0.20833333333333331 0.5312500000000031
vt 0.28125 0.4169687500000031
vt 0.0625 0.4169687500000031
vt 0.09375 0.6875
vt 0.09375 0.625
vt 0.03125 0.625
vt 0.03125 0.6875
vt 0.6875 0.3125
vt 0.9375 0.3125
vt 0.9375 0.0625
vt 0.6875 0.0625
vt 0.13541666666666666 0.5312500000000031
vt 0.20833333333333331 0.5312500000000031
vt 0.28125 0.4169727903482443
vt 0.0625 0.4169727903482443
vt 0.0625 0.4169727903482443
vt 0.13541666666666666 0.5312500000000031
vt 0.20833333333333331 0.5312500000000031
vt 0.28125 0.4169727903482443
vt 0.84375 0.25
vt 0.90625 0.25
vt 0.90625 0.1875
vt 0.78125 0.90625
vt 0.84375 0.90625
vt 0.84375 0.84375
vt 0.90625 0.25
vt 0.90625 0.1875
vt 0.84375 0.1875
vt 0.84375 0.25
vt 0.875 0.4375
vt 0.9375 0.4375
vt 0.9375 0.375
vt 0.875 0.375
vt 0.84375 0.25
vt 0.90625 0.25
vt 0.90625 0.1875
vt 0.84375 0.1875
vt 0.84375 0.25
vt 0.90625 0.25
vt 0.90625 0.1875
vt 0.78125 0.90625
vt 0.84375 0.90625
vt 0.84375 0.84375
vt 0.90625 0.25
vt 0.90625 0.1875
vt 0.84375 0.1875
vt 0.84375 0.25
vt 0.875 0.4375
vt 0.9375 0.4375
vt 0.9375 0.375
vt 0.875 0.375
vt 0.84375 0.25
vt 0.90625 0.25
vt 0.90625 0.1875
vt 0.84375 0.1875
vt 0.84375 0.25
vt 0.90625 0.25
vt 0.90625 0.1875
vt 0.78125 0.90625
vt 0.84375 0.90625
vt 0.84375 0.84375
vt 0.90625 0.25
vt 0.90625 0.1875
vt 0.84375 0.1875
vt 0.84375 0.25
vt 0.875 0.4375
vt 0.9375 0.4375
vt 0.9375 0.375
vt 0.875 0.375
vt 0.84375 0.25
vt 0.90625 0.25
vt 0.90625 0.1875
vt 0.84375 0.1875
vt 0.03125 0.65625
vt 0.03125 1
vt 0.24999999999999997 1
vt 0.24999999999999997 0.65625
vt 0.03125 1
vt 0.24999999999999997 1
vt 0.24999999999999997 0.65625
vt 0.03125 0.65625
vt 0.9375 0.3125
vt 0.9375 0.0625
vt 0.6875 0.0625
vt 0.6875 0.3125
vt 0.6875 0.3125
vt 0.9375 0.3125
vt 0.9375 0.0625
vt 0.6875 0.0625
vt 0.03125 1
vt 0.24999999999999997 1
vt 0.24999999999999997 0.65625
vt 0.03125 0.65625
vt 0.03125 0.65625
vt 0.03125 1
vt 0.25 1
vt 0.25 0.65625
vt 0.0625 0.4169727903482443
vt 0.13541666666666666 0.5312500000000032
vt 0.20833333333333331 0.5312500000000032
vt 0.28125 0.4169727903482443
vt 0.13541666666666666 0.5312500000000031
vt 0.20833333333333331 0.5312500000000031
vt 0.28125 0.4169687500000031
vt 0.0625 0.4169687500000031
vt 0.09375 0.6875
vt 0.09375 0.625
vt 0.03125 0.625
vt 0.03125 0.6875
vt 0.6875 0.3125
vt 0.9375 0.3125
vt 0.9375 0.0625
vt 0.6875 0.0625
vt 0.13541666666666666 0.5312500000000031
vt 0.20833333333333331 0.5312500000000031
vt 0.28125 0.4169727903482443
vt 0.0625 0.4169727903482443
vt 0.0625 0.4169727903482443
vt 0.13541666666666666 0.5312500000000031
vt 0.20833333333333331 0.5312500000000031
vt 0.28125 0.4169727903482443
vt 0.0625 0.4169727903482443
vt 0.13541666666666666 0.5312500000000032
vt 0.20833333333333331 0.5312500000000032
vt 0.28125 0.4169727903482443
vt 0.13541666666666666 0.5312500000000031
vt 0.20833333333333331 0.5312500000000031
vt 0.28125 0.4169687500000031
vt 0.0625 0.4169687500000031
vt 0.09375 0.6875
vt 0.09375 0.625
vt 0.03125 0.625
vt 0.03125 0.6875
vt 0.6875 0.3125
vt 0.9375 0.3125
vt 0.9375 0.0625
vt 0.6875 0.0625
vt 0.13541666666666666 0.5312500000000031
vt 0.20833333333333331 0.5312500000000031
vt 0.28125 0.4169727903482443
vt 0.0625 0.4169727903482443
vt 0.0625 0.4169727903482443
vt 0.13541666666666666 0.5312500000000031
vt 0.20833333333333331 0.5312500000000031
vt 0.28125 0.4169727903482443
vt 0.84375 0.25
vt 0.90625 0.25
vt 0.90625 0.1875
vt 0.78125 0.90625
vt 0.84375 0.90625
vt 0.84375 0.84375
vt 0.90625 0.25
vt 0.90625 0.1875
vt 0.84375 0.1875
vt 0.84375 0.25
vt 0.875 0.4375
vt 0.9375 0.4375
vt 0.9375 0.375
vt 0.875 0.375
vt 0.84375 0.25
vt 0.90625 0.25
vt 0.90625 0.1875
vt 0.84375 0.1875
vt 0.03125 0.65625
vt 0.03125 1
vt 0.24999999999999997 1
vt 0.24999999999999997 0.65625
vt 0.03125 1
vt 0.24999999999999997 1
vt 0.24999999999999997 0.65625
vt 0.03125 0.65625
vt 0.9375 0.3125
vt 0.9375 0.0625
vt 0.6875 0.0625
vt 0.6875 0.3125
vt 0.6875 0.3125
vt 0.9375 0.3125
vt 0.9375 0.0625
vt 0.6875 0.0625
vt 0.03125 1
vt 0.24999999999999997 1
vt 0.24999999999999997 0.65625
vt 0.03125 0.65625
vt 0.03125 0.65625
vt 0.03125 1
vt 0.25 1
vt 0.25 0.65625
vt 0.0625 0.4169727903482443
vt 0.13541666666666666 0.5312500000000032
vt 0.20833333333333331 0.5312500000000032
vt 0.28125 0.4169727903482443
vt 0.13541666666666666 0.5312500000000031
vt 0.20833333333333331 0.5312500000000031
vt 0.28125 0.4169687500000031
vt 0.0625 0.4169687500000031
vt 0.09375 0.6875
vt 0.09375 0.625
vt 0.03125 0.625
vt 0.03125 0.6875
vt 0.6875 0.3125
vt 0.9375 0.3125
vt 0.9375 0.0625
vt 0.6875 0.0625
vt 0.13541666666666666 0.5312500000000031
vt 0.20833333333333331 0.5312500000000031
vt 0.28125 0.4169727903482443
vt 0.0625 0.4169727903482443
vt 0.0625 0.4169727903482443
vt 0.13541666666666666 0.5312500000000031
vt 0.20833333333333331 0.5312500000000031
vt 0.28125 0.4169727903482443
vt 0.0625 0.4169727903482443
vt 0.13541666666666666 0.5312500000000032
vt 0.20833333333333331 0.5312500000000032
vt 0.28125 0.4169727903482443
vt 0.13541666666666666 0.5312500000000031
vt 0.20833333333333331 0.5312500000000031
vt 0.28125 0.4169687500000031
vt 0.0625 0.4169687500000031
vt 0.09375 0.6875
vt 0.09375 0.625
vt 0.03125 0.625
vt 0.03125 0.6875
vt 0.6875 0.3125
vt 0.9375 0.3125
vt 0.9375 0.0625
vt 0.6875 0.0625
vt 0.13541666666666666 0.5312500000000031
vt 0.20833333333333331 0.5312500000000031
vt 0.28125 0.4169727903482443
vt 0.0625 0.4169727903482443
vt 0.0625 0.4169727903482443
vt 0.13541666666666666 0.5312500000000031
vt 0.20833333333333331 0.5312500000000031
vt 0.28125 0.4169727903482443
vt 0.84375 0.25
vt 0.90625 0.25
vt 0.90625 0.1875
vt 0.78125 0.90625
vt 0.84375 0.90625
vt 0.84375 0.84375
vt 0.90625 0.25
vt 0.90625 0.1875
vt 0.84375 0.1875
vt 0.84375 0.25
vt 0.875 0.4375
vt 0.9375 0.4375
vt 0.9375 0.375
vt 0.875 0.375
vt 0.84375 0.25
vt 0.90625 0.25
vt 0.90625 0.1875
vt 0.84375 0.1875
vt 0.84375 0.25
vt 0.90625 0.25
vt 0.90625 0.1875
vt 0.78125 0.90625
vt 0.84375 0.90625
vt 0.84375 0.84375
vt 0.90625 0.25
vt 0.90625 0.1875
vt 0.84375 0.1875
vt 0.84375 0.25
vt 0.875 0.4375
vt 0.9375 0.4375
vt 0.9375 0.375
vt 0.875 0.375
vt 0.84375 0.25
vt 0.90625 0.25
vt 0.90625 0.1875
vt 0.84375 0.1875
vt 0.84375 0.25
vt 0.90625 0.25
vt 0.90625 0.1875
vt 0.78125 0.90625
vt 0.84375 0.90625
vt 0.84375 0.84375
vt 0.90625 0.25
vt 0.90625 0.1875
vt 0.84375 0.1875
vt 0.84375 0.25
vt 0.875 0.4375
vt 0.9375 0.4375
vt 0.9375 0.375
vt 0.875 0.375
vt 0.84375 0.25
vt 0.90625 0.25
vt 0.90625 0.1875
vt 0.84375 0.1875
vt 0.03125 0.65625
vt 0.03125 1
vt 0.24999999999999997 1
vt 0.24999999999999997 0.65625
vt 0.03125 1
vt 0.24999999999999997 1
vt 0.24999999999999997 0.65625
vt 0.03125 0.65625
vt 0.9375 0.3125
vt 0.9375 0.0625
vt 0.6875 0.0625
vt 0.6875 0.3125
vt 0.6875 0.3125
vt 0.9375 0.3125
vt 0.9375 0.0625
vt 0.6875 0.0625
vt 0.03125 1
vt 0.24999999999999997 1
vt 0.24999999999999997 0.65625
vt 0.03125 0.65625
vt 0.03125 0.65625
vt 0.03125 1
vt 0.25 1
vt 0.25 0.65625
vt 0.0625 0.4169727903482443
vt 0.13541666666666666 0.5312500000000032
vt 0.20833333333333331 0.5312500000000032
vt 0.28125 0.4169727903482443
vt 0.13541666666666666 0.5312500000000031
vt 0.20833333333333331 0.5312500000000031
vt 0.28125 0.4169687500000031
vt 0.0625 0.4169687500000031
vt 0.09375 0.6875
vt 0.09375 0.625
vt 0.03125 0.625
vt 0.03125 0.6875
vt 0.6875 0.3125
vt 0.9375 0.3125
vt 0.9375 0.0625
vt 0.6875 0.0625
vt 0.13541666666666666 0.5312500000000031
vt 0.20833333333333331 0.5312500000000031
vt 0.28125 0.4169727903482443
vt 0.0625 0.4169727903482443
vt 0.0625 0.4169727903482443
vt 0.13541666666666666 0.5312500000000031
vt 0.20833333333333331 0.5312500000000031
vt 0.28125 0.4169727903482443
vt 0.0625 0.4169727903482443
vt 0.13541666666666666 0.5312500000000032
vt 0.20833333333333331 0.5312500000000032
vt 0.28125 0.4169727903482443
vt 0.13541666666666666 0.5312500000000031
vt 0.20833333333333331 0.5312500000000031
vt 0.28125 0.4169687500000031
vt 0.0625 0.4169687500000031
vt 0.09375 0.6875
vt 0.09375 0.625
vt 0.03125 0.625
vt 0.03125 0.6875
vt 0.6875 0.3125
vt 0.9375 0.3125
vt 0.9375 0.0625
vt 0.6875 0.0625
vt 0.13541666666666666 0.5312500000000031
vt 0.20833333333333331 0.5312500000000031
vt 0.28125 0.4169727903482443
vt 0.0625 0.4169727903482443
vt 0.0625 0.4169727903482443
vt 0.13541666666666666 0.5312500000000031
vt 0.20833333333333331 0.5312500000000031
vt 0.28125 0.4169727903482443
vt 0.84375 0.25
vt 0.90625 0.25
vt 0.90625 0.1875
vt 0.78125 0.90625
vt 0.84375 0.90625
vt 0.84375 0.84375
vt 0.90625 0.25
vt 0.90625 0.1875
vt 0.84375 0.1875
vt 0.84375 0.25
vt 0.875 0.4375
vt 0.9375 0.4375
vt 0.9375 0.375
vt 0.875 0.375
vt 0.84375 0.25
vt 0.90625 0.25
vt 0.90625 0.1875
vt 0.84375 0.1875
vt 0.03125 0.65625
vt 0.03125 1
vt 0.24999999999999997 1
vt 0.24999999999999997 0.65625
vt 0.03125 1
vt 0.24999999999999997 1
vt 0.24999999999999997 0.65625
vt 0.03125 0.65625
vt 0.9375 0.3125
vt 0.9375 0.0625
vt 0.6875 0.0625
vt 0.6875 0.3125
vt 0.6875 0.3125
vt 0.9375 0.3125
vt 0.9375 0.0625
vt 0.6875 0.0625
vt 0.03125 1
vt 0.24999999999999997 1
vt 0.24999999999999997 0.65625
vt 0.03125 0.65625
vt 0.03125 0.65625
vt 0.03125 1
vt 0.25 1
vt 0.25 0.65625
vt 0.0625 0.4169727903482443
vt 0.13541666666666666 0.5312500000000032
vt 0.20833333333333331 0.5312500000000032
vt 0.28125 0.4169727903482443
vt 0.13541666666666666 0.5312500000000031
vt 0.20833333333333331 0.5312500000000031
vt 0.28125 0.4169687500000031
vt 0.0625 0.4169687500000031
vt 0.09375 0.6875
vt 0.09375 0.625
vt 0.03125 0.625
vt 0.03125 0.6875
vt 0.6875 0.3125
vt 0.9375 0.3125
vt 0.9375 0.0625
vt 0.6875 0.0625
vt 0.13541666666666666 0.5312500000000031
vt 0.20833333333333331 0.5312500000000031
vt 0.28125 0.4169727903482443
vt 0.0625 0.4169727903482443
vt 0.0625 0.4169727903482443
vt 0.13541666666666666 0.5312500000000031
vt 0.20833333333333331 0.5312500000000031
vt 0.28125 0.4169727903482443
vt 0.0625 0.4169727903482443
vt 0.13541666666666666 0.5312500000000032
vt 0.20833333333333331 0.5312500000000032
vt 0.28125 0.4169727903482443
vt 0.13541666666666666 0.5312500000000031
vt 0.20833333333333331 0.5312500000000031
vt 0.28125 0.4169687500000031
vt 0.0625 0.4169687500000031
vt 0.09375 0.6875
vt 0.09375 0.625
vt 0.03125 0.625
vt 0.03125 0.6875
vt 0.6875 0.3125
vt 0.9375 0.3125
vt 0.9375 0.0625
vt 0.6875 0.0625
vt 0.13541666666666666 0.5312500000000031
vt 0.20833333333333331 0.5312500000000031
vt 0.28125 0.4169727903482443
vt 0.0625 0.4169727903482443
vt 0.0625 0.4169727903482443
vt 0.13541666666666666 0.5312500000000031
vt 0.20833333333333331 0.5312500000000031
vt 0.28125 0.4169727903482443
vt 0.84375 0.25
vt 0.90625 0.25
vt 0.90625 0.1875
vt 0.78125 0.90625
vt 0.84375 0.90625
vt 0.84375 0.84375
vt 0.90625 0.25
vt 0.90625 0.1875
vt 0.84375 0.1875
vt 0.84375 0.25
vt 0.875 0.4375
vt 0.9375 0.4375
vt 0.9375 0.375
vt 0.875 0.375
vt 0.84375 0.25
vt 0.90625 0.25
vt 0.90625 0.1875
vt 0.84375 0.1875
vt 0.84375 0.25
vt 0.90625 0.25
vt 0.90625 0.1875
vt 0.78125 0.90625
vt 0.84375 0.90625
vt 0.84375 0.84375
vt 0.90625 0.25
vt 0.90625 0.1875
vt 0.84375 0.1875
vt 0.84375 0.25
vt 0.875 0.4375
vt 0.9375 0.4375
vt 0.9375 0.375
vt 0.875 0.375
vt 0.84375 0.25
vt 0.90625 0.25
vt 0.90625 0.1875
vt 0.84375 0.1875
vt 0.84375 0.25
vt 0.90625 0.25
vt 0.90625 0.1875
vt 0.78125 0.90625
vt 0.84375 0.90625
vt 0.84375 0.84375
vt 0.90625 0.25
vt 0.90625 0.1875
vt 0.84375 0.1875
vt 0.84375 0.25
vt 0.875 0.4375
vt 0.9375 0.4375
vt 0.9375 0.375
vt 0.875 0.375
vt 0.84375 0.25
vt 0.90625 0.25
vt 0.90625 0.1875
vt 0.84375 0.1875
vt 0.03125 0.65625
vt 0.03125 1
vt 0.24999999999999997 1
vt 0.24999999999999997 0.65625
vt 0.03125 1
vt 0.24999999999999997 1
vt 0.24999999999999997 0.65625
vt 0.03125 0.65625
vt 0.9375 0.3125
vt 0.9375 0.0625
vt 0.6875 0.0625
vt 0.6875 0.3125
vt 0.6875 0.3125
vt 0.9375 0.3125
vt 0.9375 0.0625
vt 0.6875 0.0625
vt 0.03125 1
vt 0.24999999999999997 1
vt 0.24999999999999997 0.65625
vt 0.03125 0.65625
vt 0.03125 0.65625
vt 0.03125 1
vt 0.25 1
vt 0.25 0.65625
vt 0.0625 0.4169727903482443
vt 0.13541666666666666 0.5312500000000032
vt 0.20833333333333331 0.5312500000000032
vt 0.28125 0.4169727903482443
vt 0.13541666666666666 0.5312500000000031
vt 0.20833333333333331 0.5312500000000031
vt 0.28125 0.4169687500000031
vt 0.0625 0.4169687500000031
vt 0.09375 0.6875
vt 0.09375 0.625
vt 0.03125 0.625
vt 0.03125 0.6875
vt 0.6875 0.3125
vt 0.9375 0.3125
vt 0.9375 0.0625
vt 0.6875 0.0625
vt 0.13541666666666666 0.5312500000000031
vt 0.20833333333333331 0.5312500000000031
vt 0.28125 0.4169727903482443
vt 0.0625 0.4169727903482443
vt 0.0625 0.4169727903482443
vt 0.13541666666666666 0.5312500000000031
vt 0.20833333333333331 0.5312500000000031
vt 0.28125 0.4169727903482443
vt 0.0625 0.4169727903482443
vt 0.13541666666666666 0.5312500000000032
vt 0.20833333333333331 0.5312500000000032
vt 0.28125 0.4169727903482443
vt 0.13541666666666666 0.5312500000000031
vt 0.20833333333333331 0.5312500000000031
vt 0.28125 0.4169687500000031
vt 0.0625 0.4169687500000031
vt 0.09375 0.6875
vt 0.09375 0.625
vt 0.03125 0.625
vt 0.03125 0.6875
vt 0.6875 0.3125
vt 0.9375 0.3125
vt 0.9375 0.0625
vt 0.6875 0.0625
vt 0.13541666666666666 0.5312500000000031
vt 0.20833333333333331 0.5312500000000031
vt 0.28125 0.4169727903482443
vt 0.0625 0.4169727903482443
vt 0.0625 0.4169727903482443
vt 0.13541666666666666 0.5312500000000031
vt 0.20833333333333331 0.5312500000000031
vt 0.28125 0.4169727903482443
vt 0.84375 0.25
vt 0.90625 0.25
vt 0.90625 0.1875
vt 0.78125 0.90625
vt 0.84375 0.90625
vt 0.84375 0.84375
vt 0.90625 0.25
vt 0.90625 0.1875
vt 0.84375 0.1875
vt 0.84375 0.25
vt 0.875 0.4375
vt 0.9375 0.4375
vt 0.9375 0.375
vt 0.875 0.375
vt 0.84375 0.25
vt 0.90625 0.25
vt 0.90625 0.1875
vt 0.84375 0.1875
vt 0.03125 0.65625
vt 0.03125 1
vt 0.24999999999999997 1
vt 0.24999999999999997 0.65625
vt 0.03125 1
vt 0.24999999999999997 1
vt 0.24999999999999997 0.65625
vt 0.03125 0.65625
vt 0.9375 0.3125
vt 0.9375 0.0625
vt 0.6875 0.0625
vt 0.6875 0.3125
vt 0.6875 0.3125
vt 0.9375 0.3125
vt 0.9375 0.0625
vt 0.6875 0.0625
vt 0.03125 1
vt 0.24999999999999997 1
vt 0.24999999999999997 0.65625
vt 0.03125 0.65625
vt 0.03125 0.65625
vt 0.03125 1
vt 0.25 1
vt 0.25 0.65625
vt 0.0625 0.4169727903482443
vt 0.13541666666666666 0.5312500000000032
vt 0.20833333333333331 0.5312500000000032
vt 0.28125 0.4169727903482443
vt 0.13541666666666666 0.5312500000000031
vt 0.20833333333333331 0.5312500000000031
vt 0.28125 0.4169687500000031
vt 0.0625 0.4169687500000031
vt 0.09375 0.6875
vt 0.09375 0.625
vt 0.03125 0.625
vt 0.03125 0.6875
vt 0.6875 0.3125
vt 0.9375 0.3125
vt 0.9375 0.0625
vt 0.6875 0.0625
vt 0.13541666666666666 0.5312500000000031
vt 0.20833333333333331 0.5312500000000031
vt 0.28125 0.4169727903482443
vt 0.0625 0.4169727903482443
vt 0.0625 0.4169727903482443
vt 0.13541666666666666 0.5312500000000031
vt 0.20833333333333331 0.5312500000000031
vt 0.28125 0.4169727903482443
vt 0.0625 0.4169727903482443
vt 0.13541666666666666 0.5312500000000032
vt 0.20833333333333331 0.5312500000000032
vt 0.28125 0.4169727903482443
vt 0.13541666666666666 0.5312500000000031
vt 0.20833333333333331 0.5312500000000031
vt 0.28125 0.4169687500000031
vt 0.0625 0.4169687500000031
vt 0.09375 0.6875
vt 0.09375 0.625
vt 0.03125 0.625
vt 0.03125 0.6875
vt 0.6875 0.3125
vt 0.9375 0.3125
vt 0.9375 0.0625
vt 0.6875 0.0625
vt 0.13541666666666666 0.5312500000000031
vt 0.20833333333333331 0.5312500000000031
vt 0.28125 0.4169727903482443
vt 0.0625 0.4169727903482443
vt 0.0625 0.4169727903482443
vt 0.13541666666666666 0.5312500000000031
vt 0.20833333333333331 0.5312500000000031
vt 0.28125 0.4169727903482443
vt 0.84375 0.25
vt 0.90625 0.25
vt 0.90625 0.1875
vt 0.78125 0.90625
vt 0.84375 0.90625
vt 0.84375 0.84375
vt 0.90625 0.25
vt 0.90625 0.1875
vt 0.84375 0.1875
vt 0.84375 0.25
vt 0.875 0.4375
vt 0.9375 0.4375
vt 0.9375 0.375
vt 0.875 0.375
vt 0.84375 0.25
vt 0.90625 0.25
vt 0.90625 0.1875
vt 0.84375 0.1875
vt 0.84375 0.25
vt 0.90625 0.25
vt 0.90625 0.1875
vt 0.78125 0.90625
vt 0.84375 0.90625
vt 0.84375 0.84375
vt 0.90625 0.25
vt 0.90625 0.1875
vt 0.84375 0.1875
vt 0.84375 0.25
vt 0.875 0.4375
vt 0.9375 0.4375
vt 0.9375 0.375
vt 0.875 0.375
vt 0.84375 0.25
vt 0.90625 0.25
vt 0.90625 0.1875
vt 0.84375 0.1875
vt 0.84375 0.25
vt 0.90625 0.25
vt 0.90625 0.1875
vt 0.78125 0.90625
vt 0.84375 0.90625
vt 0.84375 0.84375
vt 0.90625 0.25
vt 0.90625 0.1875
vt 0.84375 0.1875
vt 0.84375 0.25
vt 0.875 0.4375
vt 0.9375 0.4375
vt 0.9375 0.375
vt 0.875 0.375
vt 0.84375 0.25
vt 0.90625 0.25
vt 0.90625 0.1875
vt 0.84375 0.1875
vt 0.03125 0.65625
vt 0.03125 1
vt 0.24999999999999997 1
vt 0.24999999999999997 0.65625
vt 0.03125 1
vt 0.24999999999999997 1
vt 0.24999999999999997 0.65625
vt 0.03125 0.65625
vt 0.9375 0.3125
vt 0.9375 0.0625
vt 0.6875 0.0625
vt 0.6875 0.3125
vt 0.6875 0.3125
vt 0.9375 0.3125
vt 0.9375 0.0625
vt 0.6875 0.0625
vt 0.03125 1
vt 0.24999999999999997 1
vt 0.24999999999999997 0.65625
vt 0.03125 0.65625
vt 0.03125 0.65625
vt 0.03125 1
vt 0.25 1
vt 0.25 0.65625
vt 0.0625 0.4169727903482443
vt 0.13541666666666666 0.5312500000000032
vt 0.20833333333333331 0.5312500000000032
vt 0.28125 0.4169727903482443
vt 0.13541666666666666 0.5312500000000031
vt 0.20833333333333331 0.5312500000000031
vt 0.28125 0.4169687500000031
vt 0.0625 0.4169687500000031
vt 0.09375 0.6875
vt 0.09375 0.625
vt 0.03125 0.625
vt 0.03125 0.6875
vt 0.6875 0.3125
vt 0.9375 0.3125
vt 0.9375 0.0625
vt 0.6875 0.0625
vt 0.13541666666666666 0.5312500000000031
vt 0.20833333333333331 0.5312500000000031
vt 0.28125 0.4169727903482443
vt 0.0625 0.4169727903482443
vt 0.0625 0.4169727903482443
vt 0.13541666666666666 0.5312500000000031
vt 0.20833333333333331 0.5312500000000031
vt 0.28125 0.4169727903482443
vt 0.0625 0.4169727903482443
vt 0.13541666666666666 0.5312500000000032
vt 0.20833333333333331 0.5312500000000032
vt 0.28125 0.4169727903482443
vt 0.13541666666666666 0.5312500000000031
vt 0.20833333333333331 0.5312500000000031
vt 0.28125 0.4169687500000031
vt 0.0625 0.4169687500000031
vt 0.09375 0.6875
vt 0.09375 0.625
vt 0.03125 0.625
vt 0.03125 0.6875
vt 0.6875 0.3125
vt 0.9375 0.3125
vt 0.9375 0.0625
vt 0.6875 0.0625
vt 0.13541666666666666 0.5312500000000031
vt 0.20833333333333331 0.5312500000000031
vt 0.28125 0.4169727903482443
vt 0.0625 0.4169727903482443
vt 0.0625 0.4169727903482443
vt 0.13541666666666666 0.5312500000000031
vt 0.20833333333333331 0.5312500000000031
vt 0.28125 0.4169727903482443
vt 0.84375 0.25
vt 0.90625 0.25
vt 0.90625 0.1875
vt 0.78125 0.90625
vt 0.84375 0.90625
vt 0.84375 0.84375
vt 0.90625 0.25
vt 0.90625 0.1875
vt 0.84375 0.1875
vt 0.84375 0.25
vt 0.875 0.4375
vt 0.9375 0.4375
vt 0.9375 0.375
vt 0.875 0.375
vt 0.84375 0.25
vt 0.90625 0.25
vt 0.90625 0.1875
vt 0.84375 0.1875
vt 0.03125 0.65625
vt 0.03125 1
vt 0.24999999999999997 1
vt 0.24999999999999997 0.65625
vt 0.03125 1
vt 0.24999999999999997 1
vt 0.24999999999999997 0.65625
vt 0.03125 0.65625
vt 0.9375 0.3125
vt 0.9375 0.0625
vt 0.6875 0.0625
vt 0.6875 0.3125
vt 0.6875 0.3125
vt 0.9375 0.3125
vt 0.9375 0.0625
vt 0.6875 0.0625
vt 0.03125 1
vt 0.24999999999999997 1
vt 0.24999999999999997 0.65625
vt 0.03125 0.65625
vt 0.03125 0.65625
vt 0.03125 1
vt 0.25 1
vt 0.25 0.65625
vt 0.0625 0.4169727903482443
vt 0.13541666666666666 0.5312500000000032
vt 0.20833333333333331 0.5312500000000032
vt 0.28125 0.4169727903482443
vt 0.13541666666666666 0.5312500000000031
vt 0.20833333333333331 0.5312500000000031
vt 0.28125 0.4169687500000031
vt 0.0625 0.4169687500000031
vt 0.09375 0.6875
vt 0.09375 0.625
vt 0.03125 0.625
vt 0.03125 0.6875
vt 0.6875 0.3125
vt 0.9375 0.3125
vt 0.9375 0.0625
vt 0.6875 0.0625
vt 0.13541666666666666 0.5312500000000031
vt 0.20833333333333331 0.5312500000000031
vt 0.28125 0.4169727903482443
vt 0.0625 0.4169727903482443
vt 0.0625 0.4169727903482443
vt 0.13541666666666666 0.5312500000000031
vt 0.20833333333333331 0.5312500000000031
vt 0.28125 0.4169727903482443
vt 0.0625 0.4169727903482443
vt 0.13541666666666666 0.5312500000000032
vt 0.20833333333333331 0.5312500000000032
vt 0.28125 0.4169727903482443
vt 0.13541666666666666 0.5312500000000031
vt 0.20833333333333331 0.5312500000000031
vt 0.28125 0.4169687500000031
vt 0.0625 0.4169687500000031
vt 0.09375 0.6875
vt 0.09375 0.625
vt 0.03125 0.625
vt 0.03125 0.6875
vt 0.6875 0.3125
vt 0.9375 0.3125
vt 0.9375 0.0625
vt 0.6875 0.0625
vt 0.13541666666666666 0.5312500000000031
vt 0.20833333333333331 0.5312500000000031
vt 0.28125 0.4169727903482443
vt 0.0625 0.4169727903482443
vt 0.0625 0.4169727903482443
vt 0.13541666666666666 0.5312500000000031
vt 0.20833333333333331 0.5312500000000031
vt 0.28125 0.4169727903482443
vt 0.84375 0.25
vt 0.90625 0.25
vt 0.90625 0.1875
vt 0.78125 0.90625
vt 0.84375 0.90625
vt 0.84375 0.84375
vt 0.90625 0.25
vt 0.90625 0.1875
vt 0.84375 0.1875
vt 0.84375 0.25
vt 0.875 0.4375
vt 0.9375 0.4375
vt 0.9375 0.375
vt 0.875 0.375
vt 0.84375 0.25
vt 0.90625 0.25
vt 0.90625 0.1875
vt 0.84375 0.1875
vt 0.84375 0.25
vt 0.90625 0.25
vt 0.90625 0.1875
vt 0.78125 0.90625
vt 0.84375 0.90625
vt 0.84375 0.84375
vt 0.90625 0.25
vt 0.90625 0.1875
vt 0.84375 0.1875
vt 0.84375 0.25
vt 0.875 0.4375
vt 0.9375 0.4375
vt 0.9375 0.375
vt 0.875 0.375
vt 0.84375 0.25
vt 0.90625 0.25
vt 0.90625 0.1875
vt 0.84375 0.1875
vt 0.84375 0.25
vt 0.90625 0.25
vt 0.90625 0.1875
vt 0.78125 0.90625
vt 0.84375 0.90625
vt 0.84375 0.84375
vt 0.90625 0.25
vt 0.90625 0.1875
vt 0.84375 0.1875
vt 0.84375 0.25
vt 0.875 0.4375
vt 0.9375 0.4375
vt 0.9375 0.375
vt 0.875 0.375
vt 0.84375 0.25
vt 0.90625 0.25
vt 0.90625 0.1875
vt 0.84375 0.1875
vt 0.03125 0.65625
vt 0.03125 1
vt 0.24999999999999997 1
vt 0.24999999999999997 0.65625
vt 0.03125 1
vt 0.24999999999999997 1
vt 0.24999999999999997 0.65625
vt 0.03125 0.65625
vt 0.9375 0.3125
vt 0.9375 0.0625
vt 0.6875 0.0625
vt 0.6875 0.3125
vt 0.6875 0.3125
vt 0.9375 0.3125
vt 0.9375 0.0625
vt 0.6875 0.0625
vt 0.03125 1
vt 0.24999999999999997 1
vt 0.24999999999999997 0.65625
vt 0.03125 0.65625
vt 0.03125 0.65625
vt 0.03125 1
vt 0.25 1
vt 0.25 0.65625
vt 0.0625 0.4169727903482443
vt 0.13541666666666666 0.5312500000000032
vt 0.20833333333333331 0.5312500000000032
vt 0.28125 0.4169727903482443
vt 0.13541666666666666 0.5312500000000031
vt 0.20833333333333331 0.5312500000000031
vt 0.28125 0.4169687500000031
vt 0.0625 0.4169687500000031
vt 0.09375 0.6875
vt 0.09375 0.625
vt 0.03125 0.625
vt 0.03125 0.6875
vt 0.6875 0.3125
vt 0.9375 0.3125
vt 0.9375 0.0625
vt 0.6875 0.0625
vt 0.13541666666666666 0.5312500000000031
vt 0.20833333333333331 0.5312500000000031
vt 0.28125 0.4169727903482443
vt 0.0625 0.4169727903482443
vt 0.0625 0.4169727903482443
vt 0.13541666666666666 0.5312500000000031
vt 0.20833333333333331 0.5312500000000031
vt 0.28125 0.4169727903482443
vt 0.0625 0.4169727903482443
vt 0.13541666666666666 0.5312500000000032
vt 0.20833333333333331 0.5312500000000032
vt 0.28125 0.4169727903482443
vt 0.13541666666666666 0.5312500000000031
vt 0.20833333333333331 0.5312500000000031
vt 0.28125 0.4169687500000031
vt 0.0625 0.4169687500000031
vt 0.09375 0.6875
vt 0.09375 0.625
vt 0.03125 0.625
vt 0.03125 0.6875
vt 0.6875 0.3125
vt 0.9375 0.3125
vt 0.9375 0.0625
vt 0.6875 0.0625
vt 0.13541666666666666 0.5312500000000031
vt 0.20833333333333331 0.5312500000000031
vt 0.28125 0.4169727903482443
vt 0.0625 0.4169727903482443
vt 0.0625 0.4169727903482443
vt 0.13541666666666666 0.5312500000000031
vt 0.20833333333333331 0.5312500000000031
vt 0.28125 0.4169727903482443
vt 0.84375 0.25
vt 0.90625 0.25
vt 0.90625 0.1875
vt 0.78125 0.90625
vt 0.84375 0.90625
vt 0.84375 0.84375
vt 0.90625 0.25
vt 0.90625 0.1875
vt 0.84375 0.1875
vt 0.84375 0.25
vt 0.875 0.4375
vt 0.9375 0.4375
vt 0.9375 0.375
vt 0.875 0.375
vt 0.84375 0.25
vt 0.90625 0.25
vt 0.90625 0.1875
vt 0.84375 0.1875
vt 0.03125 0.65625
vt 0.03125 1
vt 0.24999999999999997 1
vt 0.24999999999999997 0.65625
vt 0.03125 1
vt 0.24999999999999997 1
vt 0.24999999999999997 0.65625
vt 0.03125 0.65625
vt 0.9375 0.3125
vt 0.9375 0.0625
vt 0.6875 0.0625
vt 0.6875 0.3125
vt 0.6875 0.3125
vt 0.9375 0.3125
vt 0.9375 0.0625
vt 0.6875 0.0625
vt 0.03125 1
vt 0.24999999999999997 1
vt 0.24999999999999997 0.65625
vt 0.03125 0.65625
vt 0.03125 0.65625
vt 0.03125 1
vt 0.25 1
vt 0.25 0.65625
vt 0.0625 0.4169727903482443
vt 0.13541666666666666 0.5312500000000032
vt 0.20833333333333331 0.5312500000000032
vt 0.28125 0.4169727903482443
vt 0.13541666666666666 0.5312500000000031
vt 0.20833333333333331 0.5312500000000031
vt 0.28125 0.4169687500000031
vt 0.0625 0.4169687500000031
vt 0.09375 0.6875
vt 0.09375 0.625
vt 0.03125 0.625
vt 0.03125 0.6875
vt 0.6875 0.3125
vt 0.9375 0.3125
vt 0.9375 0.0625
vt 0.6875 0.0625
vt 0.13541666666666666 0.5312500000000031
vt 0.20833333333333331 0.5312500000000031
vt 0.28125 0.4169727903482443
vt 0.0625 0.4169727903482443
vt 0.0625 0.4169727903482443
vt 0.13541666666666666 0.5312500000000031
vt 0.20833333333333331 0.5312500000000031
vt 0.28125 0.4169727903482443
vt 0.0625 0.4169727903482443
vt 0.13541666666666666 0.5312500000000032
vt 0.20833333333333331 0.5312500000000032
vt 0.28125 0.4169727903482443
vt 0.13541666666666666 0.5312500000000031
vt 0.20833333333333331 0.5312500000000031
vt 0.28125 0.4169687500000031
vt 0.0625 0.4169687500000031
vt 0.09375 0.6875
vt 0.09375 0.625
vt 0.03125 0.625
vt 0.03125 0.6875
vt 0.6875 0.3125
vt 0.9375 0.3125
vt 0.9375 0.0625
vt 0.6875 0.0625
vt 0.13541666666666666 0.5312500000000031
vt 0.20833333333333331 0.5312500000000031
vt 0.28125 0.4169727903482443
vt 0.0625 0.4169727903482443
vt 0.0625 0.4169727903482443
vt 0.13541666666666666 0.5312500000000031
vt 0.20833333333333331 0.5312500000000031
vt 0.28125 0.4169727903482443
vt 0.84375 0.25
vt 0.90625 0.25
vt 0.90625 0.1875
vt 0.78125 0.90625
vt 0.84375 0.90625
vt 0.84375 0.84375
vt 0.90625 0.25
vt 0.90625 0.1875
vt 0.84375 0.1875
vt 0.84375 0.25
vt 0.875 0.4375
vt 0.9375 0.4375
vt 0.9375 0.375
vt 0.875 0.375
vt 0.84375 0.25
vt 0.90625 0.25
vt 0.90625 0.1875
vt 0.84375 0.1875
vt 0.84375 0.25
vt 0.90625 0.25
vt 0.90625 0.1875
vt 0.78125 0.90625
vt 0.84375 0.90625
vt 0.84375 0.84375
vt 0.90625 0.25
vt 0.90625 0.1875
vt 0.84375 0.1875
vt 0.84375 0.25
vt 0.875 0.4375
vt 0.9375 0.4375
vt 0.9375 0.375
vt 0.875 0.375
vt 0.84375 0.25
vt 0.90625 0.25
vt 0.90625 0.1875
vt 0.84375 0.1875
vt 0.03125 0.65625
vt 0.03125 1
vt 0.24999999999999997 1
vt 0.24999999999999997 0.65625
vt 0.03125 1
vt 0.24999999999999997 1
vt 0.24999999999999997 0.65625
vt 0.03125 0.65625
vt 0.9375 0.3125
vt 0.9375 0.0625
vt 0.6875 0.0625
vt 0.6875 0.3125
vt 0.6875 0.3125
vt 0.9375 0.3125
vt 0.9375 0.0625
vt 0.6875 0.0625
vt 0.03125 1
vt 0.24999999999999997 1
vt 0.24999999999999997 0.65625
vt 0.03125 0.65625
vt 0.03125 0.65625
vt 0.03125 1
vt 0.25 1
vt 0.25 0.65625
vt 0.0625 0.4169727903482443
vt 0.13541666666666666 0.5312500000000032
vt 0.20833333333333331 0.5312500000000032
vt 0.28125 0.4169727903482443
vt 0.13541666666666666 0.5312500000000031
vt 0.20833333333333331 0.5312500000000031
vt 0.28125 0.4169687500000031
vt 0.0625 0.4169687500000031
vt 0.09375 0.6875
vt 0.09375 0.625
vt 0.03125 0.625
vt 0.03125 0.6875
vt 0.6875 0.3125
vt 0.9375 0.3125
vt 0.9375 0.0625
vt 0.6875 0.0625
vt 0.13541666666666666 0.5312500000000031
vt 0.20833333333333331 0.5312500000000031
vt 0.28125 0.4169727903482443
vt 0.0625 0.4169727903482443
vt 0.0625 0.4169727903482443
vt 0.13541666666666666 0.5312500000000031
vt 0.20833333333333331 0.5312500000000031
vt 0.28125 0.4169727903482443
vt 0.0625 0.4169727903482443
vt 0.13541666666666666 0.5312500000000032
vt 0.20833333333333331 0.5312500000000032
vt 0.28125 0.4169727903482443
vt 0.13541666666666666 0.5312500000000031
vt 0.20833333333333331 0.5312500000000031
vt 0.28125 0.4169687500000031
vt 0.0625 0.4169687500000031
vt 0.09375 0.6875
vt 0.09375 0.625
vt 0.03125 0.625
vt 0.03125 0.6875
vt 0.6875 0.3125
vt 0.9375 0.3125
vt 0.9375 0.0625
vt 0.6875 0.0625
vt 0.13541666666666666 0.5312500000000031
vt 0.20833333333333331 0.5312500000000031
vt 0.28125 0.4169727903482443
vt 0.0625 0.4169727903482443
vt 0.0625 0.4169727903482443
vt 0.13541666666666666 0.5312500000000031
vt 0.20833333333333331 0.5312500000000031
vt 0.28125 0.4169727903482443
vt 0.84375 0.25
vt 0.90625 0.25
vt 0.90625 0.1875
vt 0.78125 0.90625
vt 0.84375 0.90625
vt 0.84375 0.84375
vt 0.90625 0.25
vt 0.90625 0.1875
vt 0.84375 0.1875
vt 0.84375 0.25
vt 0.875 0.4375
vt 0.9375 0.4375
vt 0.9375 0.375
vt 0.875 0.375
vt 0.84375 0.25
vt 0.90625 0.25
vt 0.90625 0.1875
vt 0.84375 0.1875
vn 0 1 0
vn 8.881784197001252e-16 -1 0
vn 1 2.5376526277146434e-16 0
vn -1 -2.5376526277146434e-16 0
vn 0 0 1
vn 0 0 -1
vn 0 1 0
vn -5.921189464667505e-16 -1 0
vn -1 8.765121169122357e-32 2.960594732333751e-16
vn 1 -1.480297366166877e-16 -5.921189464667501e-16
vn 0 -2.960594732333752e-16 -1
vn 1.7530242338244715e-31 2.960594732333752e-16 1
vn 1 2.960594732333752e-16 0
vn 0.7071067811865476 2.0934566115783675e-16 -0.7071067811865476
vn 0 -1 0
vn 0 0 -1
vn 0 -1 0
vn -0.7071067811865476 -4.186913223156733e-16 -0.7071067811865476
vn 5.921189464667501e-16 -1 2.9627517309044635e-16
vn -1 -5.921189464667499e-16 0
vn 0 -1 0
vn -0.7071067811865476 -4.186913223156733e-16 0.7071067811865476
vn 0 -1 0
vn 0 0 1
vn 0 -1 0
vn 0.7071067811865476 2.0934566115783675e-16 0.7071067811865476
vn 5.921189464667501e-16 -1 2.9627517309044457e-16
vn 0 -1 0
vn 4.3065388526452296e-16 -1 4.3065388526452296e-16
vn 7.351724843301281e-16 -1 3.0451785918811945e-16
vn 0 -1 0
vn 0 -1 0
vn 6.090369786726455e-16 1 0
vn 4.3065440729644105e-16 1 4.3065440729644125e-16
vn 7.351724843301278e-16 1 3.0451911948452686e-16
vn 0 -1 0
vn 0 1 0
vn 0 1 0
vn 0 1 0
vn 7.351724843301278e-16 1 -3.0451911948452686e-16
vn 7.351724843301281e-16 -1 -3.04519119484527e-16
vn 0 1 0
vn 4.306535161315169e-16 1 -4.3065477642836696e-16
vn 5.921189464667498e-16 1 -2.9627009779969177e-16
vn 0 1 0
vn 4.30654407296441e-16 -1 -4.3065440729644145e-16
vn 0 1 0
vn 0 1 0
vn 5.921189464667498e-16 1 -2.9627517309044527e-16
vn 0 1 0
vn 6.090369786726455e-16 -1 0
vn 0 1 0
vn 5.921189464667498e-16 1 0
vn 5.921189464667505e-16 -1 0
vn 0 0 1
vn 0 0 -1
vn -1 -5.921189464667499e-16 0
vn 1 0 0
vn 3.552713678800506e-15 1 0
vn 0 -1 0
vn 1 1.9032394707859833e-16 0
vn -1 0 0
vn 0 0 1
vn 0 0 -1
vn 4.440892098500631e-16 1 0
vn 2.2204460492503146e-16 -1 0
vn 1 2.537652627714644e-16 0
vn -1 0 0
vn 0 0 1
vn 0 0 -1
vn 0 1 0
vn 0 -1 0
vn 1 0 0
vn -1 0 0
vn 0 0 1
vn 0 0 -1
vn 0 1 0
vn -5.921189464667501e-16 -1 7.012096935297882e-31
vn 1 3.50604846764894e-31 -1.1842378929335002e-15
vn -1 -3.506048467648941e-31 1.1842378929335002e-15
vn 5.921189464667501e-16 -2.9605947323337496e-16 1
vn -5.921189464667499e-16 2.9605947323337496e-16 -1
vn 3.552713678800506e-15 1 0
vn 0 -1 0
vn 1 1.9032394707859833e-16 0
vn -1 0 0
vn 0 0 1
vn 0 0 -1
vn 5.921189464667498e-16 1 -7.012096935297879e-31
vn 5.921189464667501e-16 -1 -3.506048467648941e-31
vn -1.1842378929334995e-15 0 -1
vn 1.1842378929335004e-15 -1.7530242338244715e-31 1
vn 1 -2.960594732333752e-16 -2.96059473233375e-16
vn -1 0 5.921189464667501e-16
vn 0 1 0
vn 0.7071067811865475 0 0.7071067811865477
vn 0 -1 0
vn 0 1 0
vn 1 0 0
vn 0 -1 0
vn 0 1 0
vn 0.7071067811865478 0 -0.7071067811865474
vn 0 -1 0
vn 0 1 0
vn 0 0 -1
vn 0 -1 0
vn 0 1 0
vn -0.7071067811865472 0 -0.7071067811865478
vn 0 -1 0
vn 0 1 0
vn -1 0 0
vn 0 -1 0
vn 0 1 0
vn -0.7071067811865479 0 0.7071067811865472
vn 0 -1 0
vn 0 1 0
vn 0 0 1
vn 0 -1 0
vn 0.707104738040973 0 0.7071088243262187
vn -0.7071067811865474 0 -0.7071067811865477
vn 1.4562211066622101e-7 0.9999999999999472 -2.912442213324423e-7
vn 1.2620583081564228e-7 -0.9999999999999604 -2.52411657301415e-7
vn 1 0 0
vn -1 0 0
vn 0 1 0
vn 1.9681226345627777e-16 -1 3.9362452691255555e-16
vn 0.7071047380368861 0.000003143296340045353 -0.7071088243233189
vn -0.7071067811865476 0 0.7071067811865475
vn 0.0000021831799015239495 0.9999999999960921 -0.0000017463135690828806
vn -0.0000016394987925105868 -0.9999999999966198 0.000002018116280049065
vn 5.248327023548204e-16 0.0000044452794702743725 -0.9999999999901199
vn 0 0 1
vn 0 0.9999999999959731 -0.0000028379271759163583
vn -1.5250202565916253e-21 -0.9999999999959734 0.0000028378656763025203
vn -0.7071047380409736 0 -0.7071088243262179
vn 0.7071067811865472 0 0.707106781186548
vn -1.456221124425781e-7 0.9999999999999472 2.9124421911199624e-7
vn -1.2620582917991385e-7 -0.9999999999999604 2.524116583598275e-7
vn -1 0 0
vn 1 0 0
vn 3.2073109600282393e-16 1 6.414621920056461e-16
vn 0 -1 0
vn -0.707104738036886 0.0000031432963413014313 0.707108824323319
vn 0.707106781186548 0 -0.7071067811865471
vn -0.0000021831799002656923 0.9999999999960921 0.0000017463135682687104
vn 0.0000016394987925105845 -0.9999999999966198 -0.000002018116280049059
vn 0 0.000004445279472050729 0.9999999999901199
vn 0 0 -1
vn 0 0.9999999999959731 0.0000028379271744730616
vn 0 -0.9999999999959734 -0.000002837865676302519
vn 0 0 -1
vn 0 0 1
vn 0 1 0
vn 0 -1 0
vn -1 0 0
vn 1 0 0
vn -1 0 0
vn 1 0 0
vn 0 1 0
vn 0 -1 0
vn 0 0 1
vn -4.440892098500626e-16 0 -1
vn 0 0 1
vn 0 0 -1
vn 0 1 0
vn 0 -1 0
vn 1 0 0
vn -1 0 -8.881784197001252e-16
vn 1 0 0
vn -1 0 0
vn 8.881784197001252e-16 1 0
vn -4.440892098500626e-16 -1 0
vn -1.126944150315731e-31 -1.2688263138573217e-16 -1
vn 1.126944150315731e-31 1.2688263138573217e-16 1
vn 0 0 -1
vn 4.440892098500626e-16 0 1
vn 0 1 0
vn 0.7071067811865476 -0.7071067811865476 0
vn -1 0 0
vn 0 0 -1
vn 3.349530578525391e-16 -3.349530578525387e-16 1
vn -0.7071067811865481 0.707106781186547 3.9474596431116655e-16
vn 0.7071067811865481 -0.707106781186547 -2.093456611578369e-16
vn -0.7071067811865472 -0.7071067811865479 -2.103629080589365e-31
vn 0.7071067811865472 0.7071067811865479 -2.3684757858670006e-16
vn -0.4999999999999992 0.5000000000000016 -0.707106781186547
vn -0.5000000000000038 0.4999999999999996 0.7071067811865451
vn -0.7071067811865485 0.7071067811865467 0
vn 0.7071067811865481 -0.707106781186547 -4.1869132231567305e-16
vn -1 1.2560739669470233e-15 0
vn -4.39625888431457e-15 1 -8.881784197001174e-16
vn 0.49999999999999994 -0.5000000000000027 0.7071067811865457
vn 0.4999999999999998 -0.4999999999999956 -0.7071067811865509
vn 0.707106781186548 -0.7071067811865471 -1.5543122344752203e-15
vn -0.7071067811865479 0.7071067811865471 1.360746797525939e-15
vn -6.280369834735126e-16 -1 -2.220446049250313e-15
vn 1 3.140184917367545e-16 6.972611193684186e-31
vn 0 0 -1
vn 4.440892098500626e-16 0 1
vn 0 -1 -2.220446049250313e-16
vn -0.7071067811865476 0.7071067811865476 3.1401849173675503e-16
vn 1 0 -2.220446049250313e-16
vn -0.3826834323650908 0 -0.9238795325112865
vn 0.6827134245641409 0 0.7306862390382778
vn 0 1 0
vn 0.6532814824381881 -0.7071067811865478 -0.2705980500730986
vn -0.9238795325112867 0 0.38268343236509017
vn -0.3826834323650908 -8.092292268378923e-16 -0.9238795325112864
vn 0.38268343236509067 2.713878504639273e-16 0.9238795325112865
vn -0.6532814824381883 0.7071067811865472 0.2705980500730994
vn 0.6532814824381883 -0.7071067811865474 -0.2705980500730994
vn -0.6532814824381875 -0.707106781186548 0.27059805007309906
vn 0.6532814824381876 0.707106781186548 -0.2705980500730989
vn -0.7325378163287404 0.5000000000000018 -0.46193976625564387
vn -0.19134171618254991 0.49999999999999944 0.8446231986207323
vn -0.6532814824381888 0.7071067811865466 0.27059805007309956
vn 0.6532814824381887 -0.7071067811865469 -0.2705980500730992
vn -0.9238795325112863 4.71027737605133e-16 0.38268343236509084
vn -4.7413959352460316e-15 1 4.123571305670001e-17
vn 0.7325378163287417 -0.5000000000000003 0.4619397662556433
vn 0.19134171618254395 -0.49999999999999845 -0.8446231986207345
vn 0.6532814824381884 -0.7071067811865471 -0.27059805007309956
vn -0.653281482438188 0.7071067811865472 0.27059805007309995
vn -9.698975897525364e-16 -1 -1.5209700521143976e-15
vn 0.9238795325112874 -9.420554752102618e-16 -0.3826834323650887
vn -0.3826834323650896 0 -0.923879532511287
vn 0.04251580101220192 0.32258084472856635 0.9455865932205764
vn -6.236535159696243e-17 -1 -1.5056327764755333e-16
vn -0.6532814824381881 0.7071067811865475 0.2705980500730991
vn 0.9238795325112867 0 -0.38268343236509034
vn -0.707106781186548 0 -0.7071067811865471
vn 0.707106781186548 0 0.7071067811865471
vn 0 1 0
vn 0.49999999999999994 -0.7071067811865475 -0.5000000000000002
vn -0.7071067811865474 0 0.7071067811865478
vn -0.7071067811865482 -5.033011044967378e-16 -0.7071067811865468
vn 0.7071067811865488 4.53957858957842e-16 0.7071067811865462
vn -0.49999999999999933 0.7071067811865477 0.5000000000000007
vn 0.49999999999999933 -0.7071067811865476 -0.5000000000000007
vn -0.499999999999999 -0.7071067811865476 0.500000000000001
vn 0.49999999999999906 0.7071067811865476 -0.5000000000000009
vn -0.8535533905932728 0.5000000000000018 -0.1464466094067269
vn 0.14644660940672366 0.5000000000000007 0.853553390593274
vn -0.4999999999999995 0.7071067811865478 0.5000000000000002
vn 0.4999999999999997 -0.7071067811865475 -0.5000000000000006
vn -0.7071067811865471 2.6691571797624234e-15 0.707106781186548
vn -3.920609226047402e-15 1 1.4084612921533688e-15
vn 0.8535533905932725 -0.5000000000000026 0.14644660940672485
vn -0.14644660940672913 -0.49999999999999617 -0.8535533905932756
vn 0.4999999999999986 -0.7071067811865479 -0.500000000000001
vn -0.49999999999999883 0.7071067811865476 0.5000000000000012
vn -2.144252386647147e-15 -1 -3.6789554724689214e-16
vn 0.7071067811865454 1.805606327486339e-15 -0.7071067811865497
vn -0.7071067811865476 0 -0.7071067811865476
vn 0.707106781186548 -6.106226635438362e-16 0.7071067811865471
vn -9.860761315262659e-32 -1 -3.1401849173675533e-16
vn -0.5 0.7071067811865472 0.5000000000000003
vn 0.7071067811865469 0 -0.7071067811865482
vn -1 0 8.881784197001252e-16
vn 1 0 -8.881784197001252e-16
vn 0 1 0
vn -3.1401849173675503e-16 -0.7071067811865476 -0.7071067811865476
vn 4.440892098500626e-16 0 1
vn -1 0 8.881784197001254e-16
vn 1 0 0
vn -2.220446049250314e-16 -1 -2.2204460492503116e-16
vn 3.14018491736755e-16 0.7071067811865474 0.7071067811865477
vn -4.440892098500626e-16 0 -1
vn -1 -1.6747652892626904e-16 1.507288760336424e-15
vn 1 1.6747652892626892e-16 -1.5072887603364244e-15
vn 9.868649107779168e-16 0.7071067811865475 0.7071067811865477
vn -1.0467283057891832e-15 -0.7071067811865475 -0.7071067811865476
vn 1.4654196281048567e-15 -0.7071067811865477 0.7071067811865475
vn -1.2631870857957341e-15 0.7071067811865476 -0.7071067811865476
vn -0.707106781186547 0.5000000000000022 0.4999999999999986
vn 0.7071067811865454 0.4999999999999999 0.5000000000000034
vn 6.106226635438366e-16 0.7071067811865476 0.7071067811865476
vn -1.0467283057891838e-15 -0.7071067811865475 -0.7071067811865477
vn 8.881784197001252e-16 2.512147933894045e-15 1
vn -1.776356839400239e-15 1 4.396258884314579e-15
vn 0.7071067811865449 -0.5000000000000036 -0.5000000000000003
vn -0.7071067811865513 -0.4999999999999955 -0.49999999999999906
vn -1.887379141862767e-15 -0.7071067811865474 -0.7071067811865478
vn 2.093456611578367e-15 0.7071067811865475 0.7071067811865476
vn -1.7763568394002493e-15 -1 1.2560739669470247e-15
vn -4.440892098500639e-16 -6.280369834735091e-16 -1
vn -0.9238795325112868 0 -0.38268343236508967
vn 0.9994244866600553 0 0.03392190242726542
vn 0 1 0
vn 0.2705980500730983 -0.7071067811865475 -0.6532814824381884
vn -0.38268343236508945 0 0.923879532511287
vn -0.9238795325112873 -4.786294817272899e-16 -0.3826834323650885
vn 0.9238795325112874 1.9243865760169395e-16 0.3826834323650883
vn -0.2705980500730975 0.7071067811865476 0.6532814824381887
vn 0.27059805007309773 -0.7071067811865475 -0.6532814824381886
vn -0.270598050073097 -0.7071067811865476 0.6532814824381887
vn 0.2705980500730971 0.7071067811865476 -0.6532814824381887
vn -0.8446231986207318 0.5000000000000024 0.1913417161825455
vn 0.4619397662556406 0.5000000000000007 0.7325378163287433
vn -0.2705980500730977 0.7071067811865475 0.6532814824381887
vn 0.27059805007309756 -0.7071067811865477 -0.6532814824381886
vn -0.3826834323650878 1.6485970816179686e-15 0.9238795325112876
vn -3.08317581728549e-15 1 2.801600755740953e-15
vn 0.8446231986207325 -0.500000000000001 -0.19134171618254545
vn -0.46193976625564565 -0.49999999999999817 -0.7325378163287417
vn 0.2705980500730968 -0.7071067811865472 -0.6532814824381893
vn -0.27059805007309673 0.7071067811865476 0.653281482438189
vn -1.5913638175005356e-15 -1 3.6050902273179085e-16
vn 0.3826834323650893 -5.495323605393198e-16 -0.923879532511287
vn -0.9238795325112868 0 -0.3826834323650897
vn 0.6986939034686603 0.3225808447285665 0.6385674810620494
vn -6.559048609669204e-17 -1 -2.6750781739175377e-16
vn -0.27059805007309834 0.7071067811865474 0.6532814824381885
vn 0.3826834323650896 0 -0.9238795325112868
vn -0.7071067811865474 0 0.7071067811865478
vn 0.7071067811865467 0 -0.7071067811865485
vn 0 1 0
vn -0.5000000000000004 -0.7071067811865476 -0.49999999999999956
vn 0.7071067811865482 0 0.7071067811865469
vn -0.7071067811865476 6.280369834735102e-16 0.7071067811865476
vn 0.7071067811865476 0 -0.7071067811865476
vn -4.710277376051323e-16 -1 1.5700924586837742e-16
vn 0.5000000000000004 0.7071067811865475 0.4999999999999996
vn -0.7071067811865476 6.661338147750938e-16 -0.7071067811865476
vn -0.707106781186546 -5.033011044967382e-16 0.7071067811865491
vn 0.7071067811865466 4.1448326252672526e-16 -0.7071067811865485
vn 0.5000000000000009 0.7071067811865474 0.4999999999999994
vn -0.5000000000000009 -0.7071067811865478 -0.49999999999999883
vn 0.5000000000000011 -0.707106781186547 0.49999999999999967
vn -0.5000000000000012 0.7071067811865472 -0.4999999999999991
vn -0.14644660940672916 0.500000000000001 0.8535533905932728
vn 0.8535533905932741 0.5000000000000001 -0.14644660940672447
vn 0.5000000000000013 0.707106781186547 0.49999999999999933
vn -0.5000000000000004 -0.7071067811865476 -0.4999999999999995
vn 0.7071067811865489 4.710277376051327e-16 0.7071067811865462
vn 1.5924090657768082e-15 1 2.8484830327238124e-15
vn 0.14644660940672571 -0.5000000000000021 -0.8535533905932728
vn -0.8535533905932751 -0.49999999999999695 0.14644660940672924
vn -0.5000000000000001 -0.7071067811865483 -0.49999999999999867
vn 0.5000000000000011 0.707106781186548 0.4999999999999982
vn -4.979662653602019e-16 -1 1.3861446850603272e-15
vn -0.7071067811865495 8.635508522760752e-16 -0.7071067811865457
vn -0.9238795325112864 0 0.3826834323650906
vn 0.7306862390382777 0 -0.6827134245641411
vn 0 1 0
vn -0.2705980500730984 -0.7071067811865474 -0.6532814824381885
vn 0.3826834323650895 0 0.9238795325112868
vn -0.9238795325112863 -6.217248937900881e-16 0.382683432365091
vn 0.9238795325112864 6.167905692361985e-16 -0.3826834323650911
vn 0.27059805007309895 0.7071067811865474 0.6532814824381883
vn -0.270598050073099 -0.7071067811865476 -0.6532814824381881
vn 0.2705980500730997 -0.7071067811865476 0.6532814824381878
vn -0.2705980500730997 0.7071067811865476 -0.6532814824381878
vn -0.4619397662556435 0.5000000000000018 0.7325378163287407
vn 0.8446231986207323 0.5000000000000006 0.19134171618254753
vn 0.2705980500730991 0.7071067811865475 0.6532814824381881
vn -0.27059805007309906 -0.7071067811865475 -0.6532814824381881
vn 0.38268343236509134 1.6485970816179679e-15 0.9238795325112861
vn -1.9910363543116155e-16 1 4.161165420554727e-15
vn 0.46193976625564276 -0.5000000000000012 -0.7325378163287415
vn -0.8446231986207364 -0.4999999999999958 -0.1913417161825426
vn -0.27059805007310034 -0.7071067811865476 -0.6532814824381875
vn 0.27059805007309995 0.7071067811865476 0.6532814824381876
vn -1.0402913551386768e-15 -1 2.1303586191351497e-15
vn -0.38268343236509134 5.495323605393203e-16 -0.9238795325112863
vn -0.9238795325112865 8.205698631791651e-16 0.3826834323650905
vn 0.9455865932205764 0.3225808447285659 -0.04251580101220185
vn -3.860993468459676e-16 -1 -8.041176260086621e-17
vn 0.27059805007309906 0.7071067811865476 0.6532814824381882
vn -0.3826834323650902 3.2593703475233955e-16 -0.9238795325112867
vn 0 0 1
vn 0 0 -1
vn 0 1 0
vn -0.7071067811865476 -0.7071067811865476 -1.570092458683776e-16
vn 1 0 2.220446049250314e-16
vn 0 0 1
vn 8.881784197001252e-16 -8.881784197001252e-16 -1
vn 0 -1 1.1102230246251561e-15
vn 0.7071067811865476 0.7071067811865476 -7.850462293418865e-16
vn -1 0 0
vn 3.014577520672848e-15 -3.349530578525381e-16 1
vn -3.014577520672848e-15 3.349530578525381e-16 -1
vn 0.7071067811865476 0.7071067811865476 -1.8750433304780426e-15
vn -0.7071067811865476 -0.7071067811865476 1.6747652892626944e-15
vn 0.7071067811865476 -0.7071067811865476 -1.8841109504205307e-15
vn -0.7071067811865475 0.7071067811865476 2.131628207280302e-15
vn 0.5000000000000013 0.5000000000000017 0.7071067811865456
vn 0.5000000000000002 0.5000000000000009 -0.7071067811865468
vn 0.7071067811865474 0.7071067811865478 -1.2212453270876728e-15
vn -0.7071067811865476 -0.7071067811865476 1.8841109504205295e-15
vn 1 1.57009245868378e-15 -2.6645352591003745e-15
vn 4.396258884314577e-15 1 1.7763568394002335e-15
vn -0.5000000000000014 -0.5000000000000018 -0.7071067811865454
vn -0.49999999999999806 -0.4999999999999984 0.7071067811865502
vn -0.7071067811865474 -0.7071067811865478 2.498001805406602e-15
vn 0.7071067811865477 0.7071067811865475 -2.7214935950518764e-15
vn 9.420554752102707e-16 -1 1.7763568394002489e-15
vn -1 1.11561779098947e-30 1.7763568394002505e-15
vn -0.3826834323650896 0 0.923879532511287
vn 0.03392190242726542 0 -0.9994244866600553
vn 0 1 0
vn -0.6532814824381886 -0.7071067811865476 -0.2705980500730977
vn 0.9238795325112873 0 0.3826834323650886
vn -0.3826834323650885 -5.970532710206399e-16 0.9238795325112875
vn 0.38268343236508895 3.355340696644918e-16 -0.9238795325112872
vn 0.6532814824381883 0.7071067811865479 0.2705980500730977
vn -0.6532814824381883 -0.7071067811865477 -0.2705980500730981
vn 0.653281482438189 -0.7071067811865474 0.27059805007309756
vn -0.6532814824381891 0.7071067811865471 -0.27059805007309745
vn 0.19134171618254397 0.5000000000000013 0.8446231986207328
vn 0.7325378163287436 0.5000000000000004 -0.46193976625564026
vn 0.6532814824381885 0.7071067811865472 0.27059805007309873
vn -0.6532814824381884 -0.7071067811865477 -0.2705980500730979
vn 0.9238795325112871 1.7271017045521598e-15 0.3826834323650891
vn 1.9810308925617793e-15 1 1.781927257130604e-15
vn -0.19134171618254525 -0.5000000000000026 -0.8446231986207315
vn -0.7325378163287416 -0.4999999999999991 0.4619397662556447
vn -0.653281482438189 -0.7071067811865477 -0.27059805007309656
vn 0.6532814824381887 0.7071067811865477 0.270598050073097
vn 4.806786969757226e-16 -1 2.121818423334054e-15
vn -0.9238795325112867 -4.710277376051323e-16 -0.38268343236508984
vn -0.38268343236508917 1.6411397263583303e-15 0.923879532511287
vn 0.6385674810620489 0.3225808447285659 -0.6986939034686612
vn -1.2473070319392458e-16 -1 3.0112655529510636e-16
vn 0.6532814824381883 0.7071067811865478 0.270598050073098
vn -0.9238795325112871 -7.333583281927634e-16 -0.38268343236508917
vn 0.7071067811865471 0 0.707106781186548
vn -0.7071067811865476 0 -0.7071067811865476
vn 0 1 0
vn -0.49999999999999983 -0.7071067811865476 0.5000000000000001
vn 0.7071067811865474 0 -0.7071067811865478
vn 0.7071067811865474 0 0.7071067811865478
vn -0.7071067811865472 -3.3306690738754716e-16 -0.7071067811865479
vn 7.850462293418875e-16 -1 7.85046229341888e-16
vn 0.4999999999999994 0.7071067811865477 -0.5000000000000007
vn -0.7071067811865477 0 0.7071067811865475
vn 0.7071067811865491 -1.1842378929335008e-16 0.707106781186546
vn -0.7071067811865495 2.9605947323337526e-16 -0.7071067811865456
vn 0.4999999999999987 0.7071067811865476 -0.5000000000000013
vn -0.49999999999999883 -0.7071067811865475 0.5000000000000013
vn 0.4999999999999983 -0.7071067811865477 -0.5000000000000016
vn -0.49999999999999833 0.7071067811865477 0.5000000000000016
vn 0.8535533905932733 0.5000000000000018 0.14644660940672377
vn -0.14644660940672072 0.4999999999999996 -0.8535533905932751
vn 0.499999999999997 0.7071067811865478 -0.5000000000000027
vn -0.49999999999999856 -0.7071067811865478 0.5000000000000013
vn 0.7071067811865435 -1.334578589881213e-15 -0.7071067811865516
vn 3.920609226047387e-15 1 -1.4084612921533662e-15
vn -0.8535533905932738 -0.5000000000000007 -0.14644660940672424
vn 0.1464466094067298 -0.4999999999999973 0.8535533905932747
vn -0.49999999999999856 -0.7071067811865466 0.5000000000000028
vn 0.4999999999999981 0.7071067811865474 -0.5000000000000023
vn 2.6803154833089336e-15 -1 4.598694340586126e-16
vn -0.7071067811865466 -1.4915878357495822e-15 0.7071067811865485
vn 0.3826834323650908 0 0.9238795325112865
vn -0.6827134245641412 0 -0.7306862390382775
vn 0 1 0
vn -0.6532814824381881 -0.7071067811865478 0.2705980500730984
vn 0.9238795325112867 0 -0.3826834323650898
vn 0.38268343236509084 -6.0198759557452965e-16 0.9238795325112864
vn -0.3826834323650906 2.5658487680225857e-16 -0.9238795325112865
vn 0.6532814824381882 0.7071067811865476 -0.2705980500730988
vn -0.6532814824381882 -0.7071067811865475 0.27059805007309895
vn 0.6532814824381877 -0.7071067811865476 -0.27059805007309956
vn -0.6532814824381878 0.7071067811865476 0.2705980500730993
vn 0.7325378163287389 0.5000000000000017 0.4619397662556462
vn 0.191341716182552 0.5000000000000001 -0.8446231986207317
vn 0.6532814824381882 0.7071067811865474 -0.27059805007309917
vn -0.6532814824381881 -0.7071067811865476 0.2705980500730988
vn 0.9238795325112864 2.355138688025668e-15 -0.3826834323650906
vn 4.1611654205547236e-15 1 1.991036354311624e-16
vn -0.7325378163287413 -0.5000000000000012 -0.46193976625564315
vn -0.1913417161825426 -0.4999999999999943 0.8446231986207371
vn -0.6532814824381881 -0.7071067811865478 0.27059805007309884
vn 0.6532814824381877 0.7071067811865477 -0.2705980500730996
vn 2.4204738764808045e-15 -1 9.201216808947485e-16
vn -0.9238795325112867 7.850462293418867e-17 0.3826834323650902
vn 0.38268343236508967 1.811085309460053e-15 0.9238795325112868
vn -0.04251580101220118 0.32258084472856613 -0.9455865932205764
vn 3.741921095817742e-16 -1 9.033796658853188e-16
vn 0.653281482438188 0.7071067811865474 -0.27059805007309945
vn -0.923879532511287 2.4445277606425457e-16 0.3826834323650898
vn 1 0 0
vn -1 0 0
vn 4.440892098500626e-16 1 -4.440892098500626e-16
vn 0 -0.7071067811865474 0.7071067811865478
vn -9.860761315262648e-32 -2.220446049250313e-16 -1
vn 1 8.881784197001252e-16 0
vn -1 -8.881784197001252e-16 0
vn 1.1102230246251561e-15 -1 0
vn -7.850462293418873e-16 0.7071067811865476 -0.7071067811865476
vn 0 0 1
vn 1 -3.3495305785253986e-16 -3.0145775206728493e-15
vn -1 2.5121479338940465e-16 2.2609331405046364e-15
vn -1.2829243840112926e-15 0.7071067811865469 -0.7071067811865481
vn 1.36074679752594e-15 -0.707106781186547 0.7071067811865481
vn -2.0934566115783676e-15 -0.7071067811865479 -0.7071067811865472
vn 2.0526790144180678e-15 0.7071067811865478 0.7071067811865472
vn 0.7071067811865464 0.5000000000000004 -0.5000000000000012
vn -0.7071067811865469 0.5000000000000002 -0.5000000000000009
vn -1.2767564783189302e-15 0.7071067811865471 -0.707106781186548
vn 1.4654196281048586e-15 -0.7071067811865469 0.7071067811865481
vn -2.6645352591003753e-15 6.28036983473515e-16 -1
vn 1.7763568394002345e-15 1 -4.396258884314575e-15
vn -0.7071067811865469 -0.49999999999999994 0.5000000000000009
vn 0.7071067811865499 -0.49999999999999795 0.4999999999999989
vn 2.2204460492503154e-15 -0.7071067811865469 0.7071067811865482
vn -2.3028022727362045e-15 0.7071067811865472 -0.7071067811865479
vn 1.3322676295501867e-15 -1 -6.280369834735113e-16
vn 1.7763568394002505e-15 0 1
vn 0.9238795325112868 0 0.3826834323650897
vn -0.9994244866600553 -6.4970888222843135e-18 -0.033921902427265845
vn 0 1 0
vn -0.2705980500730986 -0.7071067811865475 0.6532814824381884
vn 0.38268343236508995 0 -0.9238795325112867
vn 0.9238795325112873 -3.6020569243394e-16 0.3826834323650886
vn -0.9238795325112871 4.93432455388959e-16 -0.3826834323650889
vn 0.2705980500730983 0.7071067811865474 -0.6532814824381886
vn -0.2705980500730984 -0.7071067811865472 0.6532814824381887
vn 0.27059805007309734 -0.7071067811865478 -0.6532814824381885
vn -0.2705980500730975 0.7071067811865477 0.6532814824381886
vn 0.8446231986207331 0.5000000000000012 -0.19134171618254317
vn -0.4619397662556402 0.5000000000000006 -0.7325378163287436
vn 0.2705980500730986 0.7071067811865477 -0.6532814824381881
vn -0.2705980500730986 -0.7071067811865472 0.6532814824381887
vn 0.3826834323650891 5.495323605393232e-16 -0.9238795325112871
vn 3.0831758172854887e-15 1 -2.8016007557409473e-15
vn -0.8446231986207319 -0.5000000000000021 0.191341716182545
vn 0.46193976625564587 -0.4999999999999969 0.7325378163287426
vn -0.2705980500730973 -0.7071067811865475 0.653281482438189
vn 0.27059805007309756 0.7071067811865474 -0.6532814824381891
vn 1.5913638175005356e-15 -1 -3.6050902273179025e-16
vn -0.38268343236508934 9.420554752102632e-16 0.9238795325112871
vn 0.923879532511287 8.205698631791653e-16 0.3826834323650896
vn -0.6986939034686609 0.32258084472856535 -0.6385674810620494
vn 9.033796658853194e-16 -1 3.741921095817743e-16
vn 0.27059805007309806 0.7071067811865477 -0.6532814824381883
vn -0.38268343236508945 -4.074212934404245e-16 0.9238795325112871
vn 0.707106781186548 -1.2560739669470193e-15 -0.7071067811865471
vn -0.7071067811865476 0 0.7071067811865476
vn 0 1 0
vn 0.49999999999999944 -0.7071067811865472 0.5000000000000009
vn -0.7071067811865478 -1.276756478318929e-15 -0.7071067811865474
vn 0.7071067811865478 9.420554752102651e-16 -0.7071067811865474
vn -0.7071067811865478 -6.661338147750938e-16 0.7071067811865474
vn 7.850462293418876e-16 -1 -7.850462293418871e-16
vn -0.5000000000000007 0.7071067811865476 -0.49999999999999956
vn 0.7071067811865474 2.775557561562891e-16 0.7071067811865478
vn 0.707106781186546 -1.0362081563168134e-15 -0.7071067811865491
vn -0.7071067811865459 1.0559454545323717e-15 0.7071067811865491
vn -0.5000000000000014 0.7071067811865469 -0.4999999999999995
vn 0.5000000000000014 -0.7071067811865467 0.4999999999999998
vn -0.5000000000000012 -0.7071067811865483 -0.49999999999999756
vn 0.5000000000000012 0.7071067811865483 0.49999999999999756
vn 0.14644660940672333 0.5000000000000006 -0.853553390593274
vn -0.8535533905932746 0.4999999999999997 0.14644660940672385
vn -0.5000000000000017 0.7071067811865459 -0.5000000000000007
vn 0.5000000000000019 -0.7071067811865467 0.4999999999999995
vn -0.7071067811865489 1.8056063274863488e-15 -0.7071067811865462
vn -1.4084612921533727e-15 1 -3.9206092260473996e-15
vn -0.14644660940672422 -0.5000000000000004 0.853553390593274
vn 0.8535533905932753 -0.49999999999999645 -0.14644660940672932
vn 0.5000000000000028 -0.7071067811865465 0.499999999999999
vn -0.5000000000000023 0.7071067811865467 -0.4999999999999991
vn 9.420554752102632e-16 -1 -9.420554752102681e-16
vn 0.7071067811865488 8.63550852276076e-16 0.7071067811865462
vn 0.9238795325112867 -1.6994558310172265e-16 -0.3826834323650897
vn -0.7306862390382777 0 0.6827134245641411
vn 1.2844345805433743e-16 1 -5.338817192999264e-16
vn 0.27059805007309845 -0.7071067811865472 0.6532814824381886
vn -0.38268343236508984 -4.037174635000572e-16 -0.9238795325112868
vn 0.9238795325112867 -1.5099033134902144e-15 -0.3826834323650904
vn -0.9238795325112866 1.3174646558885201e-15 0.38268343236509017
vn -0.2705980500730981 0.7071067811865471 -0.653281482438189
vn 0.27059805007309834 -0.7071067811865471 0.6532814824381888
vn -0.27059805007309984 -0.7071067811865479 -0.6532814824381875
vn 0.27059805007309967 0.7071067811865479 0.6532814824381874
vn 0.4619397662556462 0.5000000000000004 -0.7325378163287399
vn -0.8446231986207315 0.5000000000000004 -0.19134171618255114
vn -0.2705980500730987 0.7071067811865474 -0.6532814824381885
vn 0.27059805007309784 -0.7071067811865469 0.6532814824381894
vn -0.38268343236509067 -4.710277376051336e-16 -0.9238795325112864
vn 1.3595646648137715e-15 1 -6.001408782344224e-15
vn -0.4619397662556434 -0.5000000000000012 0.7325378163287412
vn 0.8446231986207355 -0.49999999999999634 0.19134171618254375
vn 0.2705980500730981 -0.7071067811865471 0.653281482438189
vn -0.270598050073099 0.7071067811865471 -0.6532814824381887
vn 2.901152573456522e-16 -1 -4.600608404473741e-16
vn 0.3826834323650888 -5.495323605393193e-16 0.9238795325112874
vn 0.9238795325112868 9.905154462808879e-16 -0.3826834323650897
vn -0.9455865932205766 0.3225808447285658 0.0425158010122012
vn 9.033796658853192e-16 -1 -3.7419210958177443e-16
vn -0.2705980500730992 0.7071067811865475 -0.6532814824381881
vn 0.3826834323650897 0 0.923879532511287
vn 0.3826834323650896 0 -0.923879532511287
vn -0.03392190242726542 4.4180203991533326e-16 0.9994244866600553
vn 1.2359678771034356e-16 1 -2.9838904115605986e-16
vn 0.6532814824381884 -0.7071067811865477 0.2705980500730981
vn -0.9238795325112871 0 -0.38268343236508906
vn 0.3826834323650871 -1.5641808835830003e-15 -0.9238795325112881
vn -0.3826834323650875 1.3026616822268512e-15 0.9238795325112877
vn -0.6532814824381897 0.7071067811865464 -0.27059805007309845
vn 0.6532814824381896 -0.7071067811865464 0.2705980500730984
vn -0.6532814824381883 -0.7071067811865486 -0.27059805007309595
vn 0.6532814824381882 0.7071067811865489 0.27059805007309545
vn -0.19134171618254792 0.4999999999999999 -0.8446231986207328
vn -0.7325378163287445 0.5000000000000006 0.461939766255639
vn -0.65328148243819 0.7071067811865459 -0.27059805007309906
vn 0.6532814824381895 -0.7071067811865466 0.27059805007309806
vn -0.9238795325112876 2.355138688025674e-16 -0.3826834323650881
vn -3.622170618920109e-15 1 -4.384424377440349e-15
vn 0.19134171618254717 -0.5000000000000014 0.844623198620732
vn 0.7325378163287424 -0.49999999999999695 -0.46193976625564587
vn 0.6532814824381898 -0.7071067811865466 0.2705980500730973
vn -0.6532814824381903 0.7071067811865462 -0.27059805007309706
vn 7.501760977930269e-16 -1 -1.6994558310172445e-16
vn 0.923879532511288 3.0616802944333573e-15 0.382683432365087
vn 0.38268343236508884 9.905154462808877e-16 -0.9238795325112872
vn -0.6385674810620489 0.32258084472856563 0.6986939034686612
vn 3.7419210958177355e-16 -1 -9.033796658853198e-16
vn -0.653281482438189 0.7071067811865475 -0.270598050073097
vn 0.9238795325112872 0 0.3826834323650887
usemtl m_34518951-18c4-980b-d1be-439301ab62d6
f 11/25/7 10/26/7 9/27/7 12/28/7
f 15/29/8 14/30/8 13/31/8 16/32/8
f 15/33/9 10/34/9 11/35/9 14/36/9
f 13/37/10 12/38/10 9/39/10 16/40/10
f 14/41/11 11/42/11 12/43/11 13/44/11
f 10/45/12 15/46/12 16/47/12 9/48/12
f 19/49/13 18/50/13 17/51/13 20/52/13
f 23/53/14 22/54/14 21/55/14 24/56/14
f 23/57/15 18/58/15 19/59/15 22/60/15
f 21/61/16 20/62/16 17/63/16 24/64/16
f 22/65/17 19/66/17 20/67/17 21/68/17
f 18/69/18 23/70/18 24/71/18 17/72/18
f 27/73/19 26/74/19 25/75/19 28/76/19
f 30/77/20 29/78/20 26/79/20 27/80/20
f 27/81/21 28/82/21 31/83/21 32/84/21
f 34/85/22 33/86/22 29/87/22 30/88/22
f 30/89/23 27/90/23 32/91/23 35/92/23
f 37/93/24 36/94/24 33/95/24 34/96/24
f 34/97/25 30/98/25 35/99/25 38/100/25
f 40/101/26 39/102/26 36/103/26 37/104/26
f 37/105/27 34/106/27 38/107/27 41/108/27
f 43/109/28 42/110/28 39/111/28 40/112/28
f 40/113/29 37/114/29 41/115/29 44/116/29
f 46/117/30 45/118/30 42/119/30 43/120/30
f 43/121/31 40/122/31 44/123/31 47/124/31
f 28/125/32 25/126/32 45/127/32 46/128/32
f 46/129/33 43/130/33 47/131/33 48/132/33
f 28/133/34 46/134/34 48/135/34 31/136/34
f 48/137/35 49/138/35 31/139/35
f 47/140/36 49/141/36 48/142/36
f 44/143/37 49/144/37 47/145/37
f 41/146/38 49/147/38 44/148/38
f 51/149/39 50/150/39 52/151/39
f 52/152/40 50/153/40 53/154/40
f 53/155/41 50/156/41 54/157/41
f 38/158/42 49/159/42 41/160/42
f 55/161/43 50/162/43 56/163/43
f 54/164/44 50/165/44 55/166/44
f 56/167/45 50/168/45 57/169/45
f 57/170/46 50/171/46 58/172/46
f 35/173/47 49/174/47 38/175/47
f 26/176/48 29/177/48 58/178/48 51/179/48
f 58/180/49 50/181/49 51/182/49
f 29/183/50 33/184/50 57/185/50 58/186/50
f 33/187/51 36/188/51 56/189/51 57/190/51
f 32/191/52 49/192/52 35/193/52
f 39/194/53 42/195/53 54/196/53 55/197/53
f 36/198/54 39/199/54 55/200/54 56/201/54
f 42/202/55 45/203/55 53/204/55 54/205/55
f 45/206/56 25/207/56 52/208/56 53/209/56
f 31/210/57 49/211/57 32/212/57
f 25/213/58 26/214/58 51/215/58 52/216/58
f 61/217/59 60/218/59 59/219/59 62/220/59
f 65/221/60 64/222/60 63/223/60 66/224/60
f 65/225/61 60/226/61 61/227/61 64/228/61
f 63/229/62 62/230/62 59/231/62 66/232/62
f 64/233/63 61/234/63 62/235/63 63/236/63
f 60/237/64 65/238/64 66/239/64 59/240/64
f 69/241/65 68/242/65 67/243/65 70/244/65
f 73/245/66 72/246/66 71/247/66 74/248/66
f 73/249/67 68/250/67 69/251/67 72/252/67
f 71/253/68 70/254/68 67/255/68 74/256/68
f 72/257/69 69/258/69 70/259/69 71/260/69
f 68/261/70 73/262/70 74/263/70 67/264/70
f 77/265/71 76/266/71 75/267/71 78/268/71
f 81/269/72 80/270/72 79/271/72 82/272/72
f 81/273/73 76/274/73 77/275/73 80/276/73
f 79/277/74 78/278/74 75/279/74 82/280/74
f 80/281/75 77/282/75 78/283/75 79/284/75
f 76/285/76 81/286/76 82/287/76 75/288/76
f 85/289/77 84/290/77 83/291/77 86/292/77
f 89/293/78 88/294/78 87/295/78 90/296/78
f 89/297/79 84/298/79 85/299/79 88/300/79
f 87/301/80 86/302/80 83/303/80 90/304/80
f 88/305/81 85/306/81 86/307/81 87/308/81
f 84/309/82 89/310/82 90/311/82 83/312/82
f 93/313/83 92/314/83 91/315/83 94/316/83
f 97/317/84 96/318/84 95/319/84 98/320/84
f 97/321/85 92/322/85 93/323/85 96/324/85
f 95/325/86 94/326/86 91/327/86 98/328/86
f 96/329/87 93/330/87 94/331/87 95/332/87
f 92/333/88 97/334/88 98/335/88 91/336/88
f 101/337/89 100/338/89 99/339/89 102/340/89
f 105/341/90 104/342/90 103/343/90 106/344/90
f 105/345/91 100/346/91 101/347/91 104/348/91
f 103/349/92 102/350/92 99/351/92 106/352/92
f 104/353/93 101/354/93 102/355/93 103/356/93
f 100/357/94 105/358/94 106/359/94 99/360/94
f 109/361/95 108/362/95 107/363/95 110/364/95
f 113/365/96 112/366/96 111/367/96 114/368/96
f 113/369/97 108/370/97 109/371/97 112/372/97
f 111/373/98 110/374/98 107/375/98 114/376/98
f 112/377/99 109/378/99 110/379/99 111/380/99
f 108/381/100 113/382/100 114/383/100 107/384/100
f 116/385/101 115/386/101 117/387/101
f 118/388/102 115/389/102 116/390/102 119/391/102
f 118/392/103 119/393/103 120/394/103
f 115/395/104 121/396/104 117/397/104
f 122/398/105 121/399/105 115/400/105 118/401/105
f 122/402/106 118/403/106 120/404/106
f 121/405/107 123/406/107 117/407/107
f 124/408/108 123/409/108 121/410/108 122/411/108
f 124/412/109 122/413/109 120/414/109
f 123/415/110 125/416/110 117/417/110
f 126/418/111 125/419/111 123/420/111 124/421/111
f 126/422/112 124/423/112 120/424/112
f 125/425/113 127/426/113 117/427/113
f 128/428/114 127/429/114 125/430/114 126/431/114
f 128/432/115 126/433/115 120/434/115
f 127/435/116 129/436/116 117/437/116
f 130/438/117 129/439/117 127/440/117 128/441/117
f 130/442/118 128/443/118 120/444/118
f 129/445/119 131/446/119 117/447/119
f 132/448/120 131/449/120 129/450/120 130/451/120
f 132/452/121 130/453/121 120/454/121
f 131/455/122 116/456/122 117/457/122
f 119/458/123 116/459/123 131/460/123 132/461/123
f 119/462/124 132/463/124 120/464/124
f 135/465/125 134/466/125 133/467/125 136/468/125
f 139/469/126 138/470/126 137/471/126 140/472/126
f 134/473/127 139/474/127 140/475/127 133/476/127
f 138/477/128 135/478/128 136/479/128 137/480/128
f 142/481/129 141/482/129 134/483/129 135/484/129
f 144/485/130 143/486/130 138/487/130 139/488/130
f 141/489/131 144/490/131 139/491/131 134/492/131
f 143/493/132 142/494/132 135/495/132 138/496/132
f 146/497/133 145/498/133 141/499/133 142/500/133
f 148/501/134 147/502/134 143/503/134 144/504/134
f 145/505/135 148/506/135 144/507/135 141/508/135
f 147/509/136 146/510/136 142/511/136 143/512/136
f 150/513/137 149/514/137 145/515/137 146/516/137
f 152/517/138 151/518/138 147/519/138 148/520/138
f 149/521/139 152/522/139 148/523/139 145/524/139
f 151/525/140 150/526/140 146/527/140 147/528/140
f 154/529/141 153/530/141 149/531/141 150/532/141
f 156/533/142 155/534/142 151/535/142 152/536/142
f 153/537/143 156/538/143 152/539/143 149/540/143
f 155/541/144 154/542/144 150/543/144 151/544/144
f 158/545/145 157/546/145 153/547/145 154/548/145
f 160/549/146 159/550/146 155/551/146 156/552/146
f 157/553/147 160/554/147 156/555/147 153/556/147
f 159/557/148 158/558/148 154/559/148 155/560/148
f 162/561/149 161/562/149 157/563/149 158/564/149
f 164/565/150 163/566/150 159/567/150 160/568/150
f 161/569/151 164/570/151 160/571/151 157/572/151
f 163/573/152 162/574/152 158/575/152 159/576/152
f 136/577/153 133/578/153 161/579/153 162/580/153
f 140/581/154 137/582/154 163/583/154 164/584/154
f 133/585/155 140/586/155 164/587/155 161/588/155
f 137/589/156 136/590/156 162/591/156 163/592/156
f 167/593/157 165/594/157 166/595/157 168/596/157
f 170/597/158 169/598/158 171/599/158 172/600/158
f 166/601/159 165/602/159 169/603/159 170/604/159
f 171/605/160 167/606/160 168/607/160 172/608/160
f 169/609/161 165/610/161 167/611/161 171/612/161
f 168/613/162 166/614/162 170/615/162 172/616/162
f 175/617/163 173/618/163 174/619/163 176/620/163
f 178/621/164 177/622/164 179/623/164 180/624/164
f 174/625/165 173/626/165 177/627/165 178/628/165
f 179/629/166 175/630/166 176/631/166 180/632/166
f 177/633/167 173/634/167 175/635/167 179/636/167
f 176/637/168 174/638/168 178/639/168 180/640/168
f 183/641/169 181/642/169 182/643/169 184/644/169
f 186/645/170 185/646/170 187/647/170 188/648/170
f 182/649/171 181/650/171 185/651/171 186/652/171
f 187/653/172 183/654/172 184/655/172 188/656/172
f 185/657/173 181/658/173 183/659/173 187/660/173
f 184/661/174 182/662/174 186/663/174 188/664/174
f 191/665/175 189/666/175 190/667/175 192/668/175
f 194/669/176 193/670/176 195/671/176 196/672/176
f 190/673/177 189/674/177 193/675/177 194/676/177
f 195/677/178 191/678/178 192/679/178 196/680/178
f 193/681/179 189/682/179 191/683/179 195/684/179
f 192/685/180 190/686/180 194/687/180 196/688/180
f 198/689/181 197/690/181 199/691/181
f 202/692/182 200/693/182 201/694/182
f 199/695/183 197/696/183 200/697/183 202/698/183
f 201/699/184 198/700/184 199/701/184 202/702/184
f 200/703/185 197/704/185 198/705/185 201/706/185
f 205/707/186 203/708/186 204/709/186 206/710/186
f 208/711/187 207/712/187 209/713/187 210/714/187
f 204/715/188 203/716/188 207/717/188 208/718/188
f 209/719/189 205/720/189 206/721/189 210/722/189
f 207/723/190 203/724/190 205/725/190 209/726/190
f 206/727/191 204/728/191 208/729/191 210/730/191
f 213/731/192 211/732/192 212/733/192 214/734/192
f 216/735/193 215/736/193 217/737/193 218/738/193
f 212/739/194 211/740/194 215/741/194 216/742/194
f 217/743/195 213/744/195 214/745/195 218/746/195
f 215/747/196 211/748/196 213/749/196 217/750/196
f 214/751/197 212/752/197 216/753/197 218/754/197
f 221/755/198 219/756/198 220/757/198 222/758/198
f 224/759/199 223/760/199 225/761/199 226/762/199
f 220/763/200 219/764/200 223/765/200 224/766/200
f 225/767/201 221/768/201 222/769/201 226/770/201
f 223/771/202 219/772/202 221/773/202 225/774/202
f 222/775/203 220/776/203 224/777/203 226/778/203
f 228/779/204 227/780/204 229/781/204
f 232/782/205 230/783/205 231/784/205
f 229/785/206 227/786/206 230/787/206 232/788/206
f 231/789/207 228/790/207 229/791/207 232/792/207
f 230/793/208 227/794/208 228/795/208 231/796/208
f 234/797/209 233/798/209 235/799/209
f 238/800/210 236/801/210 237/802/210
f 235/803/211 233/804/211 236/805/211 238/806/211
f 237/807/212 234/808/212 235/809/212 238/810/212
f 236/811/213 233/812/213 234/813/213 237/814/213
f 241/815/214 239/816/214 240/817/214 242/818/214
f 244/819/215 243/820/215 245/821/215 246/822/215
f 240/823/216 239/824/216 243/825/216 244/826/216
f 245/827/217 241/828/217 242/829/217 246/830/217
f 243/831/218 239/832/218 241/833/218 245/834/218
f 242/835/219 240/836/219 244/837/219 246/838/219
f 249/839/220 247/840/220 248/841/220 250/842/220
f 252/843/221 251/844/221 253/845/221 254/846/221
f 248/847/222 247/848/222 251/849/222 252/850/222
f 253/851/223 249/852/223 250/853/223 254/854/223
f 251/855/224 247/856/224 249/857/224 253/858/224
f 250/859/225 248/860/225 252/861/225 254/862/225
f 257/863/226 255/864/226 256/865/226 258/866/226
f 260/867/227 259/868/227 261/869/227 262/870/227
f 256/871/228 255/872/228 259/873/228 260/874/228
f 261/875/229 257/876/229 258/877/229 262/878/229
f 259/879/230 255/880/230 257/881/230 261/882/230
f 258/883/231 256/884/231 260/885/231 262/886/231
f 264/887/232 263/888/232 265/889/232
f 268/890/233 266/891/233 267/892/233
f 265/893/234 263/894/234 266/895/234 268/896/234
f 267/897/235 264/898/235 265/899/235 268/900/235
f 266/901/236 263/902/236 264/903/236 267/904/236
f 270/905/237 269/906/237 271/907/237
f 274/908/238 272/909/238 273/910/238
f 271/911/239 269/912/239 272/913/239 274/914/239
f 273/915/240 270/916/240 271/917/240 274/918/240
f 272/919/241 269/920/241 270/921/241 273/922/241
f 277/923/242 275/924/242 276/925/242 278/926/242
f 280/927/243 279/928/243 281/929/243 282/930/243
f 276/931/244 275/932/244 279/933/244 280/934/244
f 281/935/245 277/936/245 278/937/245 282/938/245
f 279/939/246 275/940/246 277/941/246 281/942/246
f 278/943/247 276/944/247 280/945/247 282/946/247
f 285/947/248 283/948/248 284/949/248 286/950/248
f 288/951/249 287/952/249 289/953/249 290/954/249
f 284/955/250 283/956/250 287/957/250 288/958/250
f 289/959/251 285/960/251 286/961/251 290/962/251
f 287/963/252 283/964/252 285/965/252 289/966/252
f 286/967/253 284/968/253 288/969/253 290/970/253
f 293/971/254 291/972/254 292/973/254 294/974/254
f 296/975/255 295/976/255 297/977/255 298/978/255
f 292/979/256 291/980/256 295/981/256 296/982/256
f 297/983/257 293/984/257 294/985/257 298/986/257
f 295/987/258 291/988/258 293/989/258 297/990/258
f 294/991/259 292/992/259 296/993/259 298/994/259
f 300/995/260 299/996/260 301/997/260
f 304/998/261 302/999/261 303/1000/261
f 301/1001/262 299/1002/262 302/1003/262 304/1004/262
f 303/1005/263 300/1006/263 301/1007/263 304/1008/263
f 302/1009/264 299/1010/264 300/1011/264 303/1012/264
f 306/1013/265 305/1014/265 307/1015/265
f 310/1016/266 308/1017/266 309/1018/266
f 307/1019/267 305/1020/267 308/1021/267 310/1022/267
f 309/1023/268 306/1024/268 307/1025/268 310/1026/268
f 308/1027/269 305/1028/269 306/1029/269 309/1030/269
f 312/1031/270 311/1032/270 313/1033/270
f 316/1034/271 314/1035/271 315/1036/271
f 313/1037/272 311/1038/272 314/1039/272 316/1040/272
f 315/1041/273 312/1042/273 313/1043/273 316/1044/273
f 314/1045/274 311/1046/274 312/1047/274 315/1048/274
f 319/1049/275 317/1050/275 318/1051/275 320/1052/275
f 322/1053/276 321/1054/276 323/1055/276 324/1056/276
f 318/1057/277 317/1058/277 321/1059/277 322/1060/277
f 323/1061/278 319/1062/278 320/1063/278 324/1064/278
f 321/1065/279 317/1066/279 319/1067/279 323/1068/279
f 320/1069/280 318/1070/280 322/1071/280 324/1072/280
f 327/1073/281 325/1074/281 326/1075/281 328/1076/281
f 330/1077/282 329/1078/282 331/1079/282 332/1080/282
f 326/1081/283 325/1082/283 329/1083/283 330/1084/283
f 331/1085/284 327/1086/284 328/1087/284 332/1088/284
f 329/1089/285 325/1090/285 327/1091/285 331/1092/285
f 328/1093/286 326/1094/286 330/1095/286 332/1096/286
f 335/1097/287 333/1098/287 334/1099/287 336/1100/287
f 338/1101/288 337/1102/288 339/1103/288 340/1104/288
f 334/1105/289 333/1106/289 337/1107/289 338/1108/289
f 339/1109/290 335/1110/290 336/1111/290 340/1112/290
f 337/1113/291 333/1114/291 335/1115/291 339/1116/291
f 336/1117/292 334/1118/292 338/1119/292 340/1120/292
f 342/1121/293 341/1122/293 343/1123/293
f 346/1124/294 344/1125/294 345/1126/294
f 343/1127/295 341/1128/295 344/1129/295 346/1130/295
f 345/1131/296 342/1132/296 343/1133/296 346/1134/296
f 344/1135/297 341/1136/297 342/1137/297 345/1138/297
f 349/1139/298 347/1140/298 348/1141/298 350/1142/298
f 352/1143/299 351/1144/299 353/1145/299 354/1146/299
f 348/1147/300 347/1148/300 351/1149/300 352/1150/300
f 353/1151/301 349/1152/301 350/1153/301 354/1154/301
f 351/1155/302 347/1156/302 349/1157/302 353/1158/302
f 350/1159/303 348/1160/303 352/1161/303 354/1162/303
f 357/1163/304 355/1164/304 356/1165/304 358/1166/304
f 360/1167/305 359/1168/305 361/1169/305 362/1170/305
f 356/1171/306 355/1172/306 359/1173/306 360/1174/306
f 361/1175/307 357/1176/307 358/1177/307 362/1178/307
f 359/1179/308 355/1180/308 357/1181/308 361/1182/308
f 358/1183/309 356/1184/309 360/1185/309 362/1186/309
f 365/1187/310 363/1188/310 364/1189/310 366/1190/310
f 368/1191/311 367/1192/311 369/1193/311 370/1194/311
f 364/1195/312 363/1196/312 367/1197/312 368/1198/312
f 369/1199/313 365/1200/313 366/1201/313 370/1202/313
f 367/1203/314 363/1204/314 365/1205/314 369/1206/314
f 366/1207/315 364/1208/315 368/1209/315 370/1210/315
f 372/1211/316 371/1212/316 373/1213/316
f 376/1214/317 374/1215/317 375/1216/317
f 373/1217/318 371/1218/318 374/1219/318 376/1220/318
f 375/1221/319 372/1222/319 373/1223/319 376/1224/319
f 374/1225/320 371/1226/320 372/1227/320 375/1228/320
f 378/1229/321 377/1230/321 379/1231/321
f 382/1232/322 380/1233/322 381/1234/322
f 379/1235/323 377/1236/323 380/1237/323 382/1238/323
f 381/1239/324 378/1240/324 379/1241/324 382/1242/324
f 380/1243/325 377/1244/325 378/1245/325 381/1246/325
f 384/1247/326 383/1248/326 385/1249/326
f 388/1250/327 386/1251/327 387/1252/327
f 385/1253/328 383/1254/328 386/1255/328 388/1256/328
f 387/1257/329 384/1258/329 385/1259/329 388/1260/329
f 386/1261/330 383/1262/330 384/1263/330 387/1264/330
f 391/1265/331 389/1266/331 390/1267/331 392/1268/331
f 394/1269/332 393/1270/332 395/1271/332 396/1272/332
f 390/1273/333 389/1274/333 393/1275/333 394/1276/333
f 395/1277/334 391/1278/334 392/1279/334 396/1280/334
f 393/1281/335 389/1282/335 391/1283/335 395/1284/335
f 392/1285/336 390/1286/336 394/1287/336 396/1288/336
f 399/1289/337 397/1290/337 398/1291/337 400/1292/337
f 402/1293/338 401/1294/338 403/1295/338 404/1296/338
f 398/1297/339 397/1298/339 401/1299/339 402/1300/339
f 403/1301/340 399/1302/340 400/1303/340 404/1304/340
f 401/1305/341 397/1306/341 399/1307/341 403/1308/341
f 400/1309/342 398/1310/342 402/1311/342 404/1312/342
f 407/1313/343 405/1314/343 406/1315/343 408/1316/343
f 410/1317/344 409/1318/344 411/1319/344 412/1320/344
f 406/1321/345 405/1322/345 409/1323/345 410/1324/345
f 411/1325/346 407/1326/346 408/1327/346 412/1328/346
f 409/1329/347 405/1330/347 407/1331/347 411/1332/347
f 408/1333/348 406/1334/348 410/1335/348 412/1336/348
f 414/1337/349 413/1338/349 415/1339/349
f 418/1340/350 416/1341/350 417/1342/350
f 415/1343/351 413/1344/351 416/1345/351 418/1346/351
f 417/1347/352 414/1348/352 415/1349/352 418/1350/352
f 416/1351/353 413/1352/353 414/1353/353 417/1354/353
f 421/1355/354 419/1356/354 420/1357/354 422/1358/354
f 424/1359/355 423/1360/355 425/1361/355 426/1362/355
f 420/1363/356 419/1364/356 423/1365/356 424/1366/356
f 425/1367/357 421/1368/357 422/1369/357 426/1370/357
f 423/1371/358 419/1372/358 421/1373/358 425/1374/358
f 422/1375/359 420/1376/359 424/1377/359 426/1378/359
f 429/1379/360 427/1380/360 428/1381/360 430/1382/360
f 432/1383/361 431/1384/361 433/1385/361 434/1386/361
f 428/1387/362 427/1388/362 431/1389/362 432/1390/362
f 433/1391/363 429/1392/363 430/1393/363 434/1394/363
f 431/1395/364 427/1396/364 429/1397/364 433/1398/364
f 430/1399/365 428/1400/365 432/1401/365 434/1402/365
f 437/1403/366 435/1404/366 436/1405/366 438/1406/366
f 440/1407/367 439/1408/367 441/1409/367 442/1410/367
f 436/1411/368 435/1412/368 439/1413/368 440/1414/368
f 441/1415/369 437/1416/369 438/1417/369 442/1418/369
f 439/1419/370 435/1420/370 437/1421/370 441/1422/370
f 438/1423/371 436/1424/371 440/1425/371 442/1426/371
f 444/1427/372 443/1428/372 445/1429/372
f 448/1430/373 446/1431/373 447/1432/373
f 445/1433/374 443/1434/374 446/1435/374 448/1436/374
f 447/1437/375 444/1438/375 445/1439/375 448/1440/375
f 446/1441/376 443/1442/376 444/1443/376 447/1444/376
f 450/1445/377 449/1446/377 451/1447/377
f 454/1448/378 452/1449/378 453/1450/378
f 451/1451/379 449/1452/379 452/1453/379 454/1454/379
f 453/1455/380 450/1456/380 451/1457/380 454/1458/380
f 452/1459/381 449/1460/381 450/1461/381 453/1462/381
f 456/1463/382 455/1464/382 457/1465/382
f 460/1466/383 458/1467/383 459/1468/383
f 457/1469/384 455/1470/384 458/1471/384 460/1472/384
f 459/1473/385 456/1474/385 457/1475/385 460/1476/385
f 458/1477/386 455/1478/386 456/1479/386 459/1480/386
f 463/1481/387 461/1482/387 462/1483/387 464/1484/387
f 466/1485/388 465/1486/388 467/1487/388 468/1488/388
f 462/1489/389 461/1490/389 465/1491/389 466/1492/389
f 467/1493/390 463/1494/390 464/1495/390 468/1496/390
f 465/1497/391 461/1498/391 463/1499/391 467/1500/391
f 464/1501/392 462/1502/392 466/1503/392 468/1504/392
f 471/1505/393 469/1506/393 470/1507/393 472/1508/393
f 474/1509/394 473/1510/394 475/1511/394 476/1512/394
f 470/1513/395 469/1514/395 473/1515/395 474/1516/395
f 475/1517/396 471/1518/396 472/1519/396 476/1520/396
f 473/1521/397 469/1522/397 471/1523/397 475/1524/397
f 472/1525/398 470/1526/398 474/1527/398 476/1528/398
f 479/1529/399 477/1530/399 478/1531/399 480/1532/399
f 482/1533/400 481/1534/400 483/1535/400 484/1536/400
f 478/1537/401 477/1538/401 481/1539/401 482/1540/401
f 483/1541/402 479/1542/402 480/1543/402 484/1544/402
f 481/1545/403 477/1546/403 479/1547/403 483/1548/403
f 480/1549/404 478/1550/404 482/1551/404 484/1552/404
f 486/1553/405 485/1554/405 487/1555/405
f 490/1556/406 488/1557/406 489/1558/406
f 487/1559/407 485/1560/407 488/1561/407 490/1562/407
f 489/1563/408 486/1564/408 487/1565/408 490/1566/408
f 488/1567/409 485/1568/409 486/1569/409 489/1570/409
f 493/1571/410 491/1572/410 492/1573/410 494/1574/410
f 496/1575/411 495/1576/411 497/1577/411 498/1578/411
f 492/1579/412 491/1580/412 495/1581/412 496/1582/412
f 497/1583/413 493/1584/413 494/1585/413 498/1586/413
f 495/1587/414 491/1588/414 493/1589/414 497/1590/414
f 494/1591/415 492/1592/415 496/1593/415 498/1594/415
f 501/1595/416 499/1596/416 500/1597/416 502/1598/416
f 504/1599/417 503/1600/417 505/1601/417 506/1602/417
f 500/1603/418 499/1604/418 503/1605/418 504/1606/418
f 505/1607/419 501/1608/419 502/1609/419 506/1610/419
f 503/1611/420 499/1612/420 501/1613/420 505/1614/420
f 502/1615/421 500/1616/421 504/1617/421 506/1618/421
f 509/1619/422 507/1620/422 508/1621/422 510/1622/422
f 512/1623/423 511/1624/423 513/1625/423 514/1626/423
f 508/1627/424 507/1628/424 511/1629/424 512/1630/424
f 513/1631/425 509/1632/425 510/1633/425 514/1634/425
f 511/1635/426 507/1636/426 509/1637/426 513/1638/426
f 510/1639/427 508/1640/427 512/1641/427 514/1642/427
f 516/1643/428 515/1644/428 517/1645/428
f 520/1646/429 518/1647/429 519/1648/429
f 517/1649/430 515/1650/430 518/1651/430 520/1652/430
f 519/1653/431 516/1654/431 517/1655/431 520/1656/431
f 518/1657/432 515/1658/432 516/1659/432 519/1660/432
f 522/1661/433 521/1662/433 523/1663/433
f 526/1664/434 524/1665/434 525/1666/434
f 523/1667/435 521/1668/435 524/1669/435 526/1670/435
f 525/1671/436 522/1672/436 523/1673/436 526/1674/436
f 524/1675/437 521/1676/437 522/1677/437 525/1678/437
f 528/1679/438 527/1680/438 529/1681/438
f 532/1682/439 530/1683/439 531/1684/439
f 529/1685/440 527/1686/440 530/1687/440 532/1688/440
f 531/1689/441 528/1690/441 529/1691/441 532/1692/441
f 530/1693/442 527/1694/442 528/1695/442 531/1696/442
f 535/1697/443 533/1698/443 534/1699/443 536/1700/443
f 538/1701/444 537/1702/444 539/1703/444 540/1704/444
f 534/1705/445 533/1706/445 537/1707/445 538/1708/445
f 539/1709/446 535/1710/446 536/1711/446 540/1712/446
f 537/1713/447 533/1714/447 535/1715/447 539/1716/447
f 536/1717/448 534/1718/448 538/1719/448 540/1720/448
f 543/1721/449 541/1722/449 542/1723/449 544/1724/449
f 546/1725/450 545/1726/450 547/1727/450 548/1728/450
f 542/1729/451 541/1730/451 545/1731/451 546/1732/451
f 547/1733/452 543/1734/452 544/1735/452 548/1736/452
f 545/1737/453 541/1738/453 543/1739/453 547/1740/453
f 544/1741/454 542/1742/454 546/1743/454 548/1744/454
f 551/1745/455 549/1746/455 550/1747/455 552/1748/455
f 554/1749/456 553/1750/456 555/1751/456 556/1752/456
f 550/1753/457 549/1754/457 553/1755/457 554/1756/457
f 555/1757/458 551/1758/458 552/1759/458 556/1760/458
f 553/1761/459 549/1762/459 551/1763/459 555/1764/459
f 552/1765/460 550/1766/460 554/1767/460 556/1768/460
f 558/1769/461 557/1770/461 559/1771/461
f 562/1772/462 560/1773/462 561/1774/462
f 559/1775/463 557/1776/463 560/1777/463 562/1778/463
f 561/1779/464 558/1780/464 559/1781/464 562/1782/464
f 560/1783/465 557/1784/465 558/1785/465 561/1786/465
f 565/1787/466 563/1788/466 564/1789/466 566/1790/466
f 568/1791/467 567/1792/467 569/1793/467 570/1794/467
f 564/1795/468 563/1796/468 567/1797/468 568/1798/468
f 569/1799/469 565/1800/469 566/1801/469 570/1802/469
f 567/1803/470 563/1804/470 565/1805/470 569/1806/470
f 566/1807/471 564/1808/471 568/1809/471 570/1810/471
f 573/1811/472 571/1812/472 572/1813/472 574/1814/472
f 576/1815/473 575/1816/473 577/1817/473 578/1818/473
f 572/1819/474 571/1820/474 575/1821/474 576/1822/474
f 577/1823/475 573/1824/475 574/1825/475 578/1826/475
f 575/1827/476 571/1828/476 573/1829/476 577/1830/476
f 574/1831/477 572/1832/477 576/1833/477 578/1834/477
f 581/1835/478 579/1836/478 580/1837/478 582/1838/478
f 584/1839/479 583/1840/479 585/1841/479 586/1842/479
f 580/1843/480 579/1844/480 583/1845/480 584/1846/480
f 585/1847/481 581/1848/481 582/1849/481 586/1850/481
f 583/1851/482 579/1852/482 581/1853/482 585/1854/482
f 582/1855/483 580/1856/483 584/1857/483 586/1858/483
f 588/1859/484 587/1860/484 589/1861/484
f 592/1862/485 590/1863/485 591/1864/485
f 589/1865/486 587/1866/486 590/1867/486 592/1868/486
f 591/1869/487 588/1870/487 589/1871/487 592/1872/487
f 590/1873/488 587/1874/488 588/1875/488 591/1876/488
f 594/1877/489 593/1878/489 595/1879/489
f 598/1880/490 596/1881/490 597/1882/490
f 595/1883/491 593/1884/491 596/1885/491 598/1886/491
f 597/1887/492 594/1888/492 595/1889/492 598/1890/492
f 596/1891/493 593/1892/493 594/1893/493 597/1894/493
f 600/1895/494 599/1896/494 601/1897/494
f 604/1898/495 602/1899/495 603/1900/495
f 601/1901/496 599/1902/496 602/1903/496 604/1904/496
f 603/1905/497 600/1906/497 601/1907/497 604/1908/497
f 602/1909/498 599/1910/498 600/1911/498 603/1912/498
f 607/1913/499 605/1914/499 606/1915/499 608/1916/499
f 610/1917/500 609/1918/500 611/1919/500 612/1920/500
f 606/1921/501 605/1922/501 609/1923/501 610/1924/501
f 611/1925/502 607/1926/502 608/1927/502 612/1928/502
f 609/1929/503 605/1930/503 607/1931/503 611/1932/503
f 608/1933/504 606/1934/504 610/1935/504 612/1936/504
f 615/1937/505 613/1938/505 614/1939/505 616/1940/505
f 618/1941/506 617/1942/506 619/1943/506 620/1944/506
f 614/1945/507 613/1946/507 617/1947/507 618/1948/507
f 619/1949/508 615/1950/508 616/1951/508 620/1952/508
f 617/1953/509 613/1954/509 615/1955/509 619/1956/509
f 616/1957/510 614/1958/510 618/1959/510 620/1960/510
f 623/1961/511 621/1962/511 622/1963/511 624/1964/511
f 626/1965/512 625/1966/512 627/1967/512 628/1968/512
f 622/1969/513 621/1970/513 625/1971/513 626/1972/513
f 627/1973/514 623/1974/514 624/1975/514 628/1976/514
f 625/1977/515 621/1978/515 623/1979/515 627/1980/515
f 624/1981/516 622/1982/516 626/1983/516 628/1984/516
f 630/1985/517 629/1986/517 631/1987/517
f 634/1988/518 632/1989/518 633/1990/518
f 631/1991/519 629/1992/519 632/1993/519 634/1994/519
f 633/1995/520 630/1996/520 631/1997/520 634/1998/520
f 632/1999/521 629/2000/521 630/2001/521 633/2002/521
f 637/2003/522 635/2004/522 636/2005/522 638/2006/522
f 640/2007/523 639/2008/523 641/2009/523 642/2010/523
f 636/2011/524 635/2012/524 639/2013/524 640/2014/524
f 641/2015/525 637/2016/525 638/2017/525 642/2018/525
f 639/2019/526 635/2020/526 637/2021/526 641/2022/526
f 638/2023/527 636/2024/527 640/2025/527 642/2026/527
f 645/2027/528 643/2028/528 644/2029/528 646/2030/528
f 648/2031/529 647/2032/529 649/2033/529 650/2034/529
f 644/2035/530 643/2036/530 647/2037/530 648/2038/530
f 649/2039/531 645/2040/531 646/2041/531 650/2042/531
f 647/2043/532 643/2044/532 645/2045/532 649/2046/532
f 646/2047/533 644/2048/533 648/2049/533 650/2050/533
f 653/2051/534 651/2052/534 652/2053/534 654/2054/534
f 656/2055/535 655/2056/535 657/2057/535 658/2058/535
f 652/2059/536 651/2060/536 655/2061/536 656/2062/536
f 657/2063/537 653/2064/537 654/2065/537 658/2066/537
f 655/2067/538 651/2068/538 653/2069/538 657/2070/538
f 654/2071/539 652/2072/539 656/2073/539 658/2074/539
f 660/2075/540 659/2076/540 661/2077/540
f 664/2078/541 662/2079/541 663/2080/541
f 661/2081/542 659/2082/542 662/2083/542 664/2084/542
f 663/2085/543 660/2086/543 661/2087/543 664/2088/543
f 662/2089/544 659/2090/544 660/2091/544 663/2092/544
f 666/2093/545 665/2094/545 667/2095/545
f 670/2096/546 668/2097/546 669/2098/546
f 667/2099/547 665/2100/547 668/2101/547 670/2102/547
f 669/2103/548 666/2104/548 667/2105/548 670/2106/548
f 668/2107/549 665/2108/549 666/2109/549 669/2110/549
f 672/2111/550 671/2112/550 673/2113/550
f 676/2114/551 674/2115/551 675/2116/551
f 673/2117/552 671/2118/552 674/2119/552 676/2120/552
f 675/2121/553 672/2122/553 673/2123/553 676/2124/553
f 674/2125/554 671/2126/554 672/2127/554 675/2128/554
f 679/2129/555 677/2130/555 678/2131/555 680/2132/555
f 682/2133/556 681/2134/556 683/2135/556 684/2136/556
f 678/2137/557 677/2138/557 681/2139/557 682/2140/557
f 683/2141/558 679/2142/558 680/2143/558 684/2144/558
f 681/2145/559 677/2146/559 679/2147/559 683/2148/559
f 680/2149/560 678/2150/560 682/2151/560 684/2152/560
f 687/2153/561 685/2154/561 686/2155/561 688/2156/561
f 690/2157/562 689/2158/562 691/2159/562 692/2160/562
f 686/2161/563 685/2162/563 689/2163/563 690/2164/563
f 691/2165/564 687/2166/564 688/2167/564 692/2168/564
f 689/2169/565 685/2170/565 687/2171/565 691/2172/565
f 688/2173/566 686/2174/566 690/2175/566 692/2176/566
f 695/2177/567 693/2178/567 694/2179/567 696/2180/567
f 698/2181/568 697/2182/568 699/2183/568 700/2184/568
f 694/2185/569 693/2186/569 697/2187/569 698/2188/569
f 699/2189/570 695/2190/570 696/2191/570 700/2192/570
f 697/2193/571 693/2194/571 695/2195/571 699/2196/571
f 696/2197/572 694/2198/572 698/2199/572 700/2200/572
f 702/2201/573 701/2202/573 703/2203/573
f 706/2204/574 704/2205/574 705/2206/574
f 703/2207/575 701/2208/575 704/2209/575 706/2210/575
f 705/2211/576 702/2212/576 703/2213/576 706/2214/576
f 704/2215/577 701/2216/577 702/2217/577 705/2218/577
f 709/2219/578 707/2220/578 708/2221/578 710/2222/578
f 712/2223/579 711/2224/579 713/2225/579 714/2226/579
f 708/2227/580 707/2228/580 711/2229/580 712/2230/580
f 713/2231/581 709/2232/581 710/2233/581 714/2234/581
f 711/2235/582 707/2236/582 709/2237/582 713/2238/582
f 710/2239/583 708/2240/583 712/2241/583 714/2242/583
f 717/2243/584 715/2244/584 716/2245/584 718/2246/584
f 720/2247/585 719/2248/585 721/2249/585 722/2250/585
f 716/2251/586 715/2252/586 719/2253/586 720/2254/586
f 721/2255/587 717/2256/587 718/2257/587 722/2258/587
f 719/2259/588 715/2260/588 717/2261/588 721/2262/588
f 718/2263/589 716/2264/589 720/2265/589 722/2266/589
f 725/2267/590 723/2268/590 724/2269/590 726/2270/590
f 728/2271/591 727/2272/591 729/2273/591 730/2274/591
f 724/2275/592 723/2276/592 727/2277/592 728/2278/592
f 729/2279/593 725/2280/593 726/2281/593 730/2282/593
f 727/2283/594 723/2284/594 725/2285/594 729/2286/594
f 726/2287/595 724/2288/595 728/2289/595 730/2290/595
f 732/2291/596 731/2292/596 733/2293/596
f 736/2294/597 734/2295/597 735/2296/597
f 733/2297/598 731/2298/598 734/2299/598 736/2300/598
f 735/2301/599 732/2302/599 733/2303/599 736/2304/599
f 734/2305/600 731/2306/600 732/2307/600 735/2308/600
f 738/2309/601 737/2310/601 739/2311/601
f 742/2312/602 740/2313/602 741/2314/602
f 739/2315/603 737/2316/603 740/2317/603 742/2318/603
f 741/2319/604 738/2320/604 739/2321/604 742/2322/604
f 740/2323/605 737/2324/605 738/2325/605 741/2326/605
f 745/2327/606 743/2328/606 744/2329/606 746/2330/606
f 748/2331/607 747/2332/607 749/2333/607 750/2334/607
f 744/2335/608 743/2336/608 747/2337/608 748/2338/608
f 749/2339/609 745/2340/609 746/2341/609 750/2342/609
f 747/2343/610 743/2344/610 745/2345/610 749/2346/610
f 746/2347/611 744/2348/611 748/2349/611 750/2350/611
f 753/2351/612 751/2352/612 752/2353/612 754/2354/612
f 756/2355/613 755/2356/613 757/2357/613 758/2358/613
f 752/2359/614 751/2360/614 755/2361/614 756/2362/614
f 757/2363/615 753/2364/615 754/2365/615 758/2366/615
f 755/2367/616 751/2368/616 753/2369/616 757/2370/616
f 754/2371/617 752/2372/617 756/2373/617 758/2374/617
f 761/2375/618 759/2376/618 760/2377/618 762/2378/618
f 764/2379/619 763/2380/619 765/2381/619 766/2382/619
f 760/2383/620 759/2384/620 763/2385/620 764/2386/620
f 765/2387/621 761/2388/621 762/2389/621 766/2390/621
f 763/2391/622 759/2392/622 761/2393/622 765/2394/622
f 762/2395/623 760/2396/623 764/2397/623 766/2398/623
f 768/2399/624 767/2400/624 769/2401/624
f 772/2402/625 770/2403/625 771/2404/625
f 769/2405/626 767/2406/626 770/2407/626 772/2408/626
f 771/2409/627 768/2410/627 769/2411/627 772/2412/627
f 770/2413/628 767/2414/628 768/2415/628 771/2416/628