# Made in Blockbench 4.12.0-beta.3
mtllib block.mtl

o cube
v 0.6250000000000002 -0.06250000000000089 0.375
v 0.3750000000000002 -0.06250000000000089 0.375
v 0.3750000000000002 1.0624999999999991 0.375
v 0.6250000000000002 1.0624999999999991 0.375
v 0.6250000000000002 -0.06250000000000089 0.625
v 0.6250000000000002 1.0624999999999991 0.625
v 0.3750000000000002 -0.06250000000000089 0.625
v 0.3750000000000002 1.0624999999999991 0.625
vt 0.375 0
vt 0.625 0
vt 0.625 1
vt 0.375 1
vt 0.375 0
vt 0.625 0
vt 0.625 1
vt 0.375 1
vt 0.375 0
vt 0.625 0
vt 0.625 1
vt 0.375 1
vt 0.375 0
vt 0.625 0
vt 0.625 1
vt 0.375 1
vt 0.375 0.375
vt 0.625 0.375
vt 0.625 0.625
vt 0.375 0.625
vt 0.375 0.375
vt 0.625 0.375
vt 0.625 0.625
vt 0.375 0.625
vn 0 0 -1
vn 1 0 0
vn 0 0 1
vn -1 0 0
vn 0 1 0
vn 0 -1 0
usemtl m_0d7b779b-5dbe-4ab2-1046-f8504d2dc7b9
f 1/1/1 2/2/1 3/3/1 4/4/1
f 5/5/2 1/6/2 4/7/2 6/8/2
f 7/9/3 5/10/3 6/11/3 8/12/3
f 2/13/4 7/14/4 8/15/4 3/16/4
usemtl m_6c0b3970-217d-c6a5-623a-5eac11bb32d8
f 8/17/5 6/18/5 4/19/5 3/20/5
f 2/21/6 1/22/6 5/23/6 7/24/6
o core
v 0.8124999999999992 0.9375000000000002 0.4375000000000002
v 0.9374999999999992 0.9375000000000002 0.4375000000000002
v 0.9374999999999992 0.9375000000000002 0.5625000000000002
v 0.8124999999999992 0.9375000000000002 0.5625000000000002
v 0.8124999999999994 0.06250000000000011 0.5625000000000002
v 0.9374999999999994 0.06250000000000022 0.5625000000000002
v 0.9374999999999994 0.06250000000000022 0.4375000000000002
v 0.8124999999999994 0.06250000000000011 0.4375000000000002
v 1.0624999999999991 0.875 0.6875
v 0.9374999999999989 0.875 0.6875
v 0.9374999999999988 0.875 0.3125
v 1.0624999999999987 0.875 0.3125
v 1.0624999999999987 0.125 0.3125000000000002
v 0.9374999999999989 0.12500000000000022 0.3125000000000002
v 0.9374999999999989 0.12500000000000022 0.6875000000000002
v 1.062499999999999 0.125 0.6875000000000002
v 0.9374999999999989 0.875 0.6875000000000002
v 0.9374999999999989 0.875 0.3125000000000002
v 0.9374999999999991 0.12500000000000022 0.3125000000000002
v 0.9374999999999991 0.12500000000000022 0.6875000000000002
v 0.6874999999999989 0.875 0.06250000000000022
v 0.6874999999999991 0.12500000000000022 0.06250000000000022
v 0.8645831249999991 0.12500000000000022 0.6510156250000001
v 0.8645831249999991 0.12500000000000022 0.3489850000000001
v 0.31249999999999867 0.8750000000000002 0.06250000000000022
v 0.3124999999999991 0.125 0.06250000000000022
v 0.651014999999999 0.12500000000000022 0.13541687500000021
v 0.06249999999999867 0.8750000000000002 0.3125000000000002
v 0.06249999999999911 0.125 0.3125000000000002
v 0.348984374999999 0.125 0.13541687500000021
v 0.06249999999999867 0.8750000000000002 0.6875000000000002
v 0.06249999999999911 0.125 0.6875000000000002
v 0.1354168749999991 0.125 0.3489850000000001
v 0.31249999999999867 0.8750000000000002 0.9375000000000002
v 0.3124999999999991 0.125 0.9375000000000002
v 0.1354168749999991 0.125 0.6510156250000001
v 0.6874999999999989 0.875 0.9375000000000002
v 0.6874999999999991 0.12500000000000022 0.9375000000000002
v 0.348984999999999 0.125 0.8645831250000002
v 0.651015624999999 0.12500000000000022 0.8645831250000002
v 0.49999999999999933 0.125 0.5000000000000002
v 0.4999999999999991 0.8750000000000002 0.5000000000000002
v 0.8645831249999989 0.875 0.34898437500000035
v 0.8645831249999989 0.875 0.6510150000000003
v 0.6510149999999989 0.875 0.8645831250000002
v 0.3489843749999988 0.8750000000000002 0.8645831250000002
v 0.13541687499999888 0.8750000000000002 0.6510150000000003
v 0.13541687499999888 0.8750000000000002 0.34898437500000035
v 0.3489843749999988 0.8750000000000002 0.13541687500000021
v 0.6510149999999989 0.875 0.13541687500000021
v 0.6874999999999989 0.875 -0.06249999999999978
v 0.6874999999999989 0.875 0.06250000000000022
v 0.31249999999999867 0.8750000000000002 0.06250000000000022
v 0.31249999999999867 0.8750000000000002 -0.06249999999999978
v 0.3124999999999991 0.125 -0.06249999999999978
v 0.3124999999999991 0.125 0.06250000000000022
v 0.6874999999999989 0.12500000000000022 0.06250000000000022
v 0.6874999999999989 0.12500000000000022 -0.06249999999999978
v 0.43749999999999933 0.9375000000000002 0.06250000000000022
v 0.5624999999999991 0.9374999999999998 0.06250000000000022
v 0.5624999999999991 0.9374999999999998 0.18750000000000022
v 0.43749999999999933 0.9375000000000002 0.18750000000000022
v 0.43749999999999933 0.06250000000000011 0.18750000000000022
v 0.5624999999999993 0.06250000000000011 0.18750000000000022
v 0.5624999999999993 0.06250000000000011 0.06250000000000022
v 0.43749999999999933 0.06250000000000011 0.06250000000000022
v 0.24999999999999933 0.9375000000000002 0.2500000000000002
v 0.7499999999999988 0.9375 0.2500000000000002
v 0.7499999999999988 0.9375 0.7500000000000002
v 0.24999999999999933 0.9375000000000002 0.7500000000000002
v 0.24999999999999933 0.0625 0.7500000000000002
v 0.749999999999999 0.06250000000000011 0.7500000000000002
v 0.749999999999999 0.06250000000000011 0.2500000000000002
v 0.24999999999999933 0.0625 0.2500000000000002
v 0.062499999999999334 0.9375000000000002 0.4375000000000002
v 0.18749999999999933 0.9375000000000002 0.4375000000000002
v 0.18749999999999933 0.9375000000000002 0.5625000000000002
v 0.062499999999999334 0.9375000000000002 0.5625000000000002
v 0.062499999999999334 0.0625 0.5625000000000002
v 0.18749999999999933 0.0625 0.5625000000000002
v 0.18749999999999933 0.0625 0.4375000000000002
v 0.062499999999999334 0.0625 0.4375000000000002
v -0.06250000000000133 0.8750000000000002 0.3125000000000011
v 0.06249999999999867 0.8750000000000002 0.3125000000000009
v 0.06249999999999911 0.8750000000000002 0.6875000000000009
v -0.06250000000000089 0.8750000000000002 0.6875000000000011
v -0.06250000000000089 0.12500000000000022 0.6875000000000009
v 0.06249999999999911 0.125 0.6875000000000007
v 0.06249999999999867 0.125 0.31250000000000067
v -0.06250000000000133 0.12500000000000022 0.3125000000000009
v 0.43749999999999933 0.9375000000000002 0.8125000000000002
v 0.5624999999999991 0.9374999999999998 0.8125000000000002
v 0.5624999999999991 0.9374999999999998 0.9375000000000002
v 0.43749999999999933 0.9375000000000002 0.9375000000000002
v 0.43749999999999933 0.06250000000000011 0.9375000000000002
v 0.5624999999999993 0.06250000000000011 0.9375000000000002
v 0.5624999999999993 0.06250000000000011 0.8125000000000002
v 0.43749999999999933 0.06250000000000011 0.8125000000000002
v 0.31249999999999956 0.8750000000000002 1.0625000000000004
v 0.3124999999999991 0.8750000000000002 0.9375000000000004
v 0.6874999999999993 0.875 0.9375
v 0.6874999999999994 0.875 1.0625
v 0.6874999999999993 0.12500000000000022 1.0625
v 0.6874999999999991 0.12500000000000022 0.9375
v 0.3124999999999991 0.125 0.9375000000000004
v 0.31249999999999933 0.125 1.0625000000000004
v 1.1874999999999991 0.75 0.7847718241315031
v 0.784771824131502 0.75 1.1875000000000002
v 0.4999999999999991 0.75 0.5000000000000002
v 1.1874999999999991 0.25 0.7847718241315031
v 0.784771824131502 0.25 1.1875000000000002
v 0.4999999999999991 0.25 0.5000000000000002
v 1.1874999999999991 0.75 0.2152281758684974
v 1.1874999999999991 0.25 0.2152281758684974
v 0.784771824131502 0.75 -0.18749999999999978
v 0.784771824131502 0.25 -0.18749999999999978
v 0.2152281758684963 0.75 -0.1874999999999999
v 0.2152281758684963 0.25 -0.1874999999999999
v -0.1875000000000009 0.75 0.21522817586849696
v -0.1875000000000009 0.25 0.21522817586849696
v -0.1875000000000009 0.75 0.7847718241315033
v -0.1875000000000009 0.25 0.7847718241315033
v 0.21522817586849574 0.75 1.1875000000000002
v 0.21522817586849574 0.25 1.1875000000000002
v 0.843749999999999 0.8749997818384466 1.3124972911578212
v 1.3124999999999993 0.8749999999999998 0.8437500000000002
v 1.3124999999999993 0.1250000000000004 0.8437500000000002
v 0.843749999999999 0.12499978156683417 1.3125000000000002
v 0.7812499999999991 0.1250002181615536 1.1875000000000002
v 1.1874999999999993 0.12500000000000006 0.7812500000000002
v 1.1874999999999993 0.8749999999999998 0.7812500000000002
v 0.7812499999999991 0.8750002184331658 1.1875000000000002
v 1.3124999999999993 0.8749999999999998 0.15625000000000022
v 1.3124999999999993 0.12500000000000006 0.15625000000000022
v 1.1874999999999993 0.12500000000000006 0.21875000000000022
v 1.1874999999999993 0.8749999999999998 0.21875000000000022
v 0.8437499999999994 0.8749997818384466 -0.3124972911578212
v 0.8437499999999994 0.12499978156683417 -0.3124999999999992
v 0.7812499999999993 0.1250002181615536 -0.18749999999999978
v 0.7812499999999993 0.875000218433166 -0.18749999999999978
v 0.15624999999999944 0.8749997818384466 -0.31249729115782143
v 0.15624999999999956 0.12499978156683417 -0.31249999999999967
v 0.21874999999999944 0.1250002181615536 -0.18749999999999978
v 0.21874999999999933 0.875000218433166 -0.18749999999999978
v -0.31250000000000067 0.8749999999999998 0.15625
v -0.31250000000000067 0.12500000000000006 0.15625
v -0.18750000000000067 0.12500000000000006 0.21875
v -0.18750000000000067 0.8750000000000002 0.21875
v -0.31250000000000067 0.8749999999999998 0.84375
v -0.31250000000000067 0.12500000000000006 0.84375
v -0.18750000000000067 0.12500000000000006 0.78125
v -0.18750000000000067 0.8749999999999998 0.78125
v 0.156249999999999 0.8749997818384466 1.3124972911578212
v 0.156249999999999 0.12499978156683417 1.3125000000000002
v 0.2187499999999991 0.1250002181615536 1.1875000000000002
v 0.2187499999999991 0.8750002184331658 1.1875000000000002
v 0.08578643762690419 0.7968749999999998 1.5000000000000002
v -0.5000000000000007 0.7968749999999998 0.9142135623730954
v -0.5000000000000007 0.9218749999999998 0.9142135623730954
v 0.08578643762690419 0.9218749999999998 1.5000000000000002
v 0.156249999999999 0.9218747818384466 1.3124972911578212
v -0.31250000000000067 0.9218749999999998 0.84375
v -0.31989220029239473 0.7968749999999998 0.839610469045028
v 0.16038953095497166 0.7968749999999998 1.3198922002923943
v -0.5000000000000007 0.7968749999999998 0.08578643762690519
v -0.5000000000000007 0.9218749999999998 0.08578643762690519
v -0.31250000000000067 0.9218749999999998 0.15625
v -0.31989220029239473 0.7968749999999998 0.16038953095497255
v 0.08578643762690419 0.7968749999999998 -0.4999999999999998
v 0.08578643762690419 0.9218749999999998 -0.4999999999999998
v 0.15624999999999944 0.9218747818384466 -0.31249729115782143
v 0.16038953095497144 0.7968749999999998 -0.31989220029239385
v 0.9142135623730943 0.7968749999999998 -0.5
v 0.9142135623730943 0.9218749999999998 -0.5
v 0.8437499999999994 0.9218747818384466 -0.3124972911578212
v 0.839610469045027 0.7968749999999998 -0.31989220029239396
v 1.4999999999999993 0.7968749999999998 0.08578643762690452
v 1.4999999999999993 0.9218749999999998 0.08578643762690452
v 1.3124999999999993 0.9218749999999998 0.15625000000000022
v 1.3198922002923932 0.7968749999999998 0.160389530954972
v 1.4999999999999993 0.7968749999999998 0.9142135623730956
v 1.4999999999999993 0.9218749999999998 0.9142135623730956
v 1.3124999999999993 0.9218749999999998 0.8437500000000002
v 1.3198922002923934 0.7968749999999998 0.8396104690450282
v 0.9142135623730951 0.7968749999999998 1.5
v 0.9142135623730951 0.9218749999999998 1.5
v 0.843749999999999 0.9218747818384466 1.3124972911578212
v 0.8396104690450277 0.7968749999999998 1.3198922002923943
v 0.08578643762690419 0.07812499999999978 1.5000000000000002
v -0.5000000000000007 0.07812499999999978 0.9142135623730954
v -0.5000000000000007 0.20312499999999978 0.9142135623730954
v 0.08578643762690419 0.20312499999999978 1.5000000000000002
v 0.156249999999999 0.20312478183844662 1.3124972911578212
v -0.31250000000000067 0.20312499999999978 0.84375
v -0.31989220029239473 0.07812499999999978 0.839610469045028
v 0.16038953095497166 0.07812499999999978 1.3198922002923943
v -0.5000000000000007 0.07812499999999978 0.08578643762690519
v -0.5000000000000007 0.20312499999999978 0.08578643762690519
v -0.31250000000000067 0.20312499999999978 0.15625
v -0.31989220029239473 0.07812499999999978 0.16038953095497255
v 0.08578643762690419 0.07812499999999978 -0.4999999999999998
v 0.08578643762690419 0.20312499999999978 -0.4999999999999998
v 0.15624999999999944 0.20312478183844662 -0.31249729115782143
v 0.16038953095497144 0.07812499999999978 -0.31989220029239385
v 0.9142135623730943 0.07812499999999978 -0.5
v 0.9142135623730943 0.20312499999999978 -0.5
v 0.8437499999999994 0.20312478183844662 -0.3124972911578212
v 0.839610469045027 0.07812499999999978 -0.31989220029239396
v 1.4999999999999993 0.07812499999999978 0.08578643762690452
v 1.4999999999999993 0.20312499999999978 0.08578643762690452
v 1.3124999999999993 0.20312499999999978 0.15625000000000022
v 1.3198922002923932 0.07812499999999978 0.160389530954972
v 1.4999999999999993 0.07812499999999978 0.9142135623730956
v 1.4999999999999993 0.20312499999999978 0.9142135623730956
v 1.3124999999999993 0.20312499999999978 0.8437500000000002
v 1.3198922002923934 0.07812499999999978 0.8396104690450282
v 0.9142135623730951 0.07812499999999978 1.5
v 0.9142135623730951 0.20312499999999978 1.5
v 0.843749999999999 0.20312478183844662 1.3124972911578212
v 0.8396104690450277 0.07812499999999978 1.3198922002923943
v -0.03317041359066186 0.7313948280368117 -0.24999999999999978
v -0.03317041359066186 0.7313948280368117 -0.6249999999999998
v 0.21796558889892825 0.12509888482627973 -0.24999999999999978
v 0.21796558889892825 0.12509888482627973 -0.6249999999999998
v 0.31328441110107064 0.8749011151737203 -0.24999999999999978
v 0.31328441110107064 0.8749011151737203 -0.6249999999999998
v 0.5644204135906608 0.26860517196318834 -0.24999999999999978
v 0.5644204135906608 0.26860517196318834 -0.6249999999999998
v 0.029525578059453217 0.8250138706029941 -0.3437499999999998
v 0.029525578059453217 0.8250138706029941 -0.5312499999999998
v 0.32849700959467953 0.1032329858285514 -0.3437499999999998
v 0.32849700959467953 0.1032329858285514 -0.5312499999999998
v 0.20275299040531936 0.8967670141714484 -0.3437499999999998
v 0.20275299040531936 0.8967670141714484 -0.5312499999999998
v 0.5017244219405458 0.17498612939700575 -0.3437499999999998
v 0.5017244219405458 0.17498612939700575 -0.5312499999999998
v 0.40432958640933836 0.7313948280368107 -0.24999999999999978
v 0.40432958640933836 0.7313948280368107 -0.6249999999999998
v 0.6554655888989284 0.12509888482627896 -0.24999999999999978
v 0.6554655888989284 0.12509888482627896 -0.6249999999999998
v 0.750784411101071 0.8749011151737194 -0.24999999999999978
v 0.750784411101071 0.8749011151737194 -0.6249999999999998
v 1.001920413590661 0.26860517196318767 -0.24999999999999978
v 1.001920413590661 0.26860517196318767 -0.6249999999999998
v 0.4670255780594532 0.825013870602994 -0.3437499999999998
v 0.4670255780594532 0.825013870602994 -0.5312499999999998
v 0.7659970095946798 0.10323298582855134 -0.3437499999999998
v 0.7659970095946798 0.10323298582855134 -0.5312499999999998
v 0.6402529904053198 0.8967670141714484 -0.3437499999999998
v 0.6402529904053198 0.8967670141714484 -0.5312499999999998
v 0.939224421940546 0.1749861293970058 -0.3437499999999998
v 0.939224421940546 0.1749861293970058 -0.5312499999999998
v -0.03317041359066186 0.7313948280368117 -0.24999999999999978
v -0.03317041359066186 0.7313948280368117 -0.6249999999999998
v 0.21796558889892825 0.12509888482627973 -0.24999999999999978
v 0.21796558889892825 0.12509888482627973 -0.6249999999999998
v 0.31328441110107064 0.8749011151737203 -0.24999999999999978
v 0.31328441110107064 0.8749011151737203 -0.6249999999999998
v 0.5644204135906608 0.26860517196318834 -0.24999999999999978
v 0.5644204135906608 0.26860517196318834 -0.6249999999999998
v 0.029525578059453217 0.8250138706029941 -0.3437499999999998
v 0.029525578059453217 0.8250138706029941 -0.5312499999999998
v 0.32849700959467953 0.10323298582855145 -0.3437499999999998
v 0.32849700959467953 0.10323298582855145 -0.5312499999999998
v 0.20275299040531936 0.8967670141714484 -0.3437499999999998
v 0.20275299040531936 0.8967670141714484 -0.5312499999999998
v 0.5017244219405458 0.1749861293970058 -0.3437499999999998
v 0.5017244219405458 0.1749861293970058 -0.5312499999999998
v 0.40432958640933814 0.731394828036811 -0.24999999999999978
v 0.40432958640933814 0.731394828036811 -0.6249999999999998
v 0.6554655888989283 0.12509888482627912 -0.24999999999999978
v 0.6554655888989283 0.12509888482627912 -0.6249999999999998
v 0.7507844111010706 0.8749011151737197 -0.24999999999999978
v 0.7507844111010706 0.8749011151737197 -0.6249999999999998
v 1.0019204135906608 0.2686051719631878 -0.24999999999999978
v 1.0019204135906608 0.2686051719631878 -0.6249999999999998
v 0.467025578059453 0.8250138706029941 -0.3437499999999998
v 0.467025578059453 0.8250138706029941 -0.5312499999999998
v 0.7659970095946794 0.10323298582855156 -0.3437499999999998
v 0.7659970095946794 0.10323298582855156 -0.5312499999999998
v 0.6402529904053194 0.8967670141714486 -0.3437499999999998
v 0.6402529904053194 0.8967670141714486 -0.5312499999999998
v 0.9392244219405457 0.17498612939700592 -0.3437499999999998
v 0.9392244219405457 0.17498612939700592 -0.5312499999999998
v 0.40432958640933836 0.7313948280368107 -0.24999999999999978
v 0.40432958640933836 0.7313948280368107 -0.6249999999999998
v 0.6554655888989284 0.12509888482627896 -0.24999999999999978
v 0.6554655888989284 0.12509888482627896 -0.6249999999999998
v 0.750784411101071 0.8749011151737194 -0.24999999999999978
v 0.750784411101071 0.8749011151737194 -0.6249999999999998
v 1.001920413590661 0.26860517196318767 -0.24999999999999978
v 1.001920413590661 0.26860517196318767 -0.6249999999999998
v 0.4670255780594532 0.825013870602994 -0.3437499999999998
v 0.4670255780594532 0.825013870602994 -0.5312499999999998
v 0.7659970095946798 0.10323298582855134 -0.3437499999999998
v 0.7659970095946798 0.10323298582855134 -0.5312499999999998
v 0.6402529904053198 0.8967670141714484 -0.3437499999999998
v 0.6402529904053198 0.8967670141714484 -0.5312499999999998
v 0.939224421940546 0.1749861293970058 -0.3437499999999998
v 0.939224421940546 0.1749861293970058 -0.5312499999999998
v -0.03317041359066186 0.7313948280368117 -0.24999999999999978
v -0.03317041359066186 0.7313948280368117 -0.6249999999999998
v 0.21796558889892825 0.12509888482627973 -0.24999999999999978
v 0.21796558889892825 0.12509888482627973 -0.6249999999999998
v 0.31328441110107064 0.8749011151737203 -0.24999999999999978
v 0.31328441110107064 0.8749011151737203 -0.6249999999999998
v 0.5644204135906608 0.26860517196318834 -0.24999999999999978
v 0.5644204135906608 0.26860517196318834 -0.6249999999999998
v 0.029525578059453217 0.8250138706029941 -0.3437499999999998
v 0.029525578059453217 0.8250138706029941 -0.5312499999999998
v 0.32849700959467953 0.1032329858285514 -0.3437499999999998
v 0.32849700959467953 0.1032329858285514 -0.5312499999999998
v 0.20275299040531936 0.8967670141714484 -0.3437499999999998
v 0.20275299040531936 0.8967670141714484 -0.5312499999999998
v 0.5017244219405458 0.17498612939700575 -0.3437499999999998
v 0.5017244219405458 0.17498612939700575 -0.5312499999999998
v -0.407338500867904 0.7313948280368117 0.34667832908808216
v -0.6725035438128593 0.7313948280368117 0.0815132861431267
v -0.22975853050743322 0.12509888482627973 0.16909835872761136
v -0.49492357345238847 0.12509888482627973 -0.0960666842173441
v -0.16235794495358324 0.8749011151737203 0.10169777317376161
v -0.4275229878985385 0.8749011151737203 -0.16346726977119386
v 0.015222025406887552 0.26860517196318834 -0.07588219718670919
v -0.2499430175380677 0.26860517196318834 -0.34104724013166465
v -0.42929700075513133 0.8250138706029941 0.23605430750283174
v -0.5618795222276087 0.8250138706029941 0.10347178603035412
v -0.21789227413552292 0.1032329858285514 0.024649580883223665
v -0.35047479560800077 0.1032329858285514 -0.10793294058925396
v -0.30680672279797094 0.8967670141714486 0.11356402954567146
v -0.43938924427044856 0.8967670141714486 -0.019018491926806158
v -0.09540199617836276 0.17498612939700575 -0.09784069707393661
v -0.22798451765084038 0.17498612939700575 -0.23042321854641423
v -0.0979792840987892 0.7313948280368107 0.03731911231896751
v -0.36314432704374444 0.7313948280368107 -0.2278459306259879
v 0.0796006862616816 0.1250988848262789 -0.14026085804150323
v -0.18556435668327365 0.1250988848262789 -0.4054259009864587
v 0.14700127181553158 0.8749011151737194 -0.2076614435953532
v -0.11816377112942367 0.8749011151737194 -0.4728264865403087
v 0.32458124217600237 0.2686051719631876 -0.3852414139558239
v 0.05941619923104713 0.2686051719631876 -0.6504064569007795
v -0.11993778398601651 0.825013870602994 -0.07330490926628286
v -0.25252030545849435 0.825013870602994 -0.20588743073876048
v 0.09146694263359179 0.10323298582855128 -0.28470963588589104
v -0.04111557883888595 0.10323298582855128 -0.41729215735836866
v 0.0025524939711438765 0.8967670141714484 -0.19579518722344325
v -0.13003002750133352 0.8967670141714484 -0.32837770869592087
v 0.21395722059075206 0.17498612939700575 -0.4071999138430513
v 0.08137469911827444 0.17498612939700575 -0.5397824353155289
v -0.24999999999757105 0.7313948323136312 0.5956704032655026
v -0.6249999999975706 0.7313948344520416 0.5956703981029233
v -0.24999999999757105 0.12509888910309952 0.3445344007759128
v -0.6249999999975706 0.12509889124150986 0.3445343956133335
v -0.2499999944096356 0.8749011194505398 0.24921557857376997
v -0.6249999944096352 0.8749011215889502 0.24921557341119072
v -0.2499999944096356 0.2686051762400081 -0.0019204239158199243
v -0.6249999944096352 0.26860517837841846 -0.0019204290783991773
v -0.3437499986005872 0.8250138754144172 0.5329744103247429
v -0.5312499986005867 0.8250138764836223 0.5329744077434532
v -0.3437499986005872 0.10323299063997449 0.2340029787895166
v -0.5312499986005867 0.10323299170917966 0.23400297620822696
v -0.34374999580661947 0.8967670189828716 0.3597469979788764
v -0.531249995806619 0.8967670200520768 0.3597469953975867
v -0.34374999580661947 0.17498613420842885 0.0607755664436504
v -0.531249995806619 0.17498613527763401 0.06077556386236077
v -0.25000000602058026 0.7313948323136324 1.0331704032655027
v -0.6250000060205798 0.7313948344520427 1.0331703981029234
v -0.25000000602058026 0.12509888910310046 0.7820344007759128
v -0.6250000060205798 0.1250988912415108 0.7820343956133335
v -0.2500000004326448 0.8749011194505409 0.6867155785737702
v -0.6250000004326444 0.8749011215889513 0.6867155734111909
v -0.2500000004326448 0.26860517624000896 0.43557957608418035
v -0.6250000004326444 0.26860517837841924 0.43557957092160104
v -0.3437500046235964 0.8250138754144175 0.9704744103247428
v -0.531250004623596 0.8250138764836227 0.9704744077434532
v -0.3437500046235964 0.10323299063997471 0.6715029787895168
v -0.531250004623596 0.10323299170917988 0.6715029762082271
v -0.34375000182962845 0.8967670189828718 0.7972469979788765
v -0.5312500018296282 0.896767020052077 0.7972469953975869
v -0.34375000182962845 0.174986134208429 0.49827556644365045
v -0.5312500018296282 0.17498613527763418 0.4982755638623608
v 0.037319105019695265 0.7313948323136316 1.0979792767960814
v -0.22784594157575477 0.731394834452042 1.363144316090542
v -0.14026086534077575 0.12509888910309985 0.9203993064356109
v -0.40542591193622557 0.12509889124151036 1.1855643457300715
v -0.20766144694335842 0.8749011194505403 0.8529987169304938
v -0.47282649353880846 0.8749011215889507 1.1181637562249545
v -0.3852414173038292 0.26860517624000857 0.6754187465700232
v -0.6504064638992795 0.268605178378419 0.9405837858644838
v -0.07330491649036186 0.8250138754144176 1.1199377747828685
v -0.20588743978808677 0.8250138764836228 1.2525202944300988
v -0.2847096431099705 0.10323299063997488 0.9085330481632604
v -0.4172921664076954 0.1032329917091801 1.0411155678104906
v -0.1957951924718888 0.896767018982872 0.9974474948500744
v -0.3283777157696137 0.8967670200520772 1.1300300144973046
v -0.4071999190914972 0.17498613420842934 0.7860427682304666
v -0.5397824423892221 0.17498613527763457 0.9186252878776968
v 0.3466783175298995 0.7313948323136326 1.4073384978241068
v 0.08151327093444949 0.731394834452043 1.6725035371185673
v 0.1690983471694285 0.12509888910310063 1.229758527463636
v -0.09606669942602153 0.12509889124151113 1.4949235667580967
v 0.10169776556684595 0.8749011194505412 1.1623579379585192
v -0.16346728102860397 0.8749011215889517 1.4275229772529796
v -0.07588220479362495 0.2686051762400093 0.9847779675980484
v -0.3410472513890752 0.26860517837841974 1.249943006892509
v 0.23605429601984218 0.8250138754144176 1.4292969958108934
v 0.10347177272211727 0.8250138764836229 1.5618795154581238
v 0.024649569400233773 0.10323299063997493 1.2178922691912855
v -0.10793295389749114 0.10323299170918016 1.3504747888385158
v 0.11356402003831545 0.896767018982872 1.3068067158780996
v -0.01901850325940946 0.8967670200520772 1.43938923552533
v -0.09784070658129296 0.1749861342084293 1.0954019892584919
v -0.23042322987901787 0.1749861352776345 1.227984508905722
v 0.5956704032655021 0.7313948323136317 1.2499999999975706
v 0.595670398102923 0.7313948344520421 1.6249999999975708
v 0.344534400775912 0.12509888910309996 1.249999999997571
v 0.3445343956133329 0.1250988912415104 1.624999999997571
v 0.24921557857376941 0.8749011194505404 1.2499999944096352
v 0.24921557341119027 0.8749011215889508 1.6249999944096354
v -0.0019204239158205905 0.2686051762400087 1.2499999944096356
v -0.0019204290783998434 0.26860517837841924 1.6249999944096356
v 0.5329744103247425 0.8250138754144176 1.3437499986005867
v 0.5329744077434528 0.8250138764836229 1.531249998600587
v 0.23400297878951581 0.10323299063997499 1.3437499986005872
v 0.2340029762082263 0.10323299170918027 1.5312499986005872
v 0.3597469979788759 0.896767018982872 1.343749995806619
v 0.35974699539758637 0.8967670200520774 1.531249995806619
v 0.060775566443649565 0.17498613420842946 1.3437499958066195
v 0.06077556386235994 0.17498613527763474 1.5312499958066195
v 1.0331704032655025 0.7313948323136326 1.2500000060205798
v 1.0331703981029232 0.7313948344520431 1.6250000060205798
v 0.7820344007759121 0.12509888910310069 1.25000000602058
v 0.782034395613333 0.12509889124151113 1.62500000602058
v 0.6867155785737699 0.8749011194505413 1.2500000004326444
v 0.6867155734111907 0.8749011215889517 1.6250000004326444
v 0.43557957608417963 0.26860517624000935 1.2500000004326446
v 0.4355795709216005 0.26860517837841985 1.6250000004326446
v 0.9704744103247425 0.8250138754144176 1.343750004623596
v 0.9704744077434528 0.825013876483623 1.531250004623596
v 0.671502978789516 0.10323299063997493 1.3437500046235964
v 0.6715029762082264 0.10323299170918021 1.5312500046235962
v 0.7972469979788763 0.896767018982872 1.3437500018296282
v 0.7972469953975867 0.8967670200520773 1.5312500018296282
v 0.4982755664436498 0.17498613420842934 1.3437500018296287
v 0.49827556386236027 0.17498613527763462 1.5312500018296284
v 1.0979792767960808 0.7313948323136317 0.9626808949803043
v 1.3631443160905412 0.7313948344520422 1.2278459415757543
v 0.92039930643561 0.12509888910310002 1.1402608653407755
v 1.1855643457300706 0.12509889124151058 1.4054259119362256
v 0.8529987169304929 0.8749011194505405 1.207661446943358
v 1.1181637562249533 0.8749011215889511 1.4728264935388078
v 0.6754187465700222 0.2686051762400088 1.385241417303829
v 0.9405837858644828 0.26860517837841935 1.650406463899279
v 1.1199377747828676 0.8250138754144177 1.0733049164903614
v 1.2525202944300977 0.825013876483623 1.2058874397880865
v 0.9085330481632594 0.1032329906399751 1.28470964310997
v 1.0411155678104898 0.10323299170918038 1.4172921664076952
v 0.9974474948500736 0.8967670189828723 1.1957951924718884
v 1.130030014497304 0.8967670200520774 1.3283777157696133
v 0.7860427682304656 0.17498613420842957 1.4071999190914968
v 0.9186252878776959 0.17498613527763485 1.539782442389222
v 1.407338497824106 0.7313948323136327 0.6533216824701003
v 1.6725035371185666 0.7313948344520432 0.9184867290655503
v 1.2297585274636351 0.12509888910310074 0.8309016528305714
v 1.4949235667580958 0.1250988912415113 1.0960666994260213
v 1.1623579379585183 0.8749011194505414 0.8983022344331536
v 1.4275229772529787 0.874901121588952 1.1634672810286035
v 0.9847779675980475 0.26860517624000946 1.075882204793625
v 1.249943006892508 0.26860517837842 1.3410472513890748
v 1.4292969958108928 0.8250138754144178 0.7639457039801574
v 1.5618795154581229 0.825013876483623 0.8965282272778825
v 1.2178922691912848 0.10323299063997504 0.9753504305997659
v 1.350474788838515 0.10323299170918032 1.107932953897491
v 1.306806715878099 0.8967670189828721 0.8864359799616841
v 1.439389235525329 0.8967670200520774 1.0190185032594092
v 1.095401989258491 0.17498613420842946 1.0978407065812925
v 1.227984508905721 0.17498613527763474 1.2304232298790179
v 1.2500000000024285 0.7313948237599901 0.40432957608418074
v 1.6250000000024285 0.7313948216215798 0.40432957092160143
v 1.2500000000024283 0.12509888054945828 0.6554655785737705
v 1.6250000000024285 0.12509887841104794 0.6554655734111913
v 1.250000005590364 0.8749011108968987 0.7507844007759134
v 1.625000005590364 0.8749011087584884 0.7507843956133341
v 1.250000005590364 0.2686051676863669 1.0019204032655031
v 1.625000005590364 0.26860516554795655 1.0019203981029239
v 1.3437500013994121 0.8250138657915708 0.46702556644365084
v 1.5312500013994124 0.8250138647223656 0.46702556386236116
v 1.3437500013994121 0.10323298101712808 0.7659969979788771
v 1.5312500013994124 0.10323297994792291 0.7659969953975875
v 1.3437500041933799 0.8967670093600251 0.6402529787895173
v 1.53125000419338 0.8967670082908199 0.6402529762082276
v 1.3437500041933799 0.17498612458558244 0.9392244103247434
v 1.53125000419338 0.17498612351637727 0.9392244077434537
v 1.2499999939794193 0.7313948237599912 -0.03317042391581926
v 1.6249999939794193 0.7313948216215809 -0.03317042907839862
v 1.2499999939794193 0.12509888054945922 0.21796557857377052
v 1.6249999939794193 0.12509887841104889 0.21796557341119127
v 1.249999999567355 0.8749011108968997 0.3132844007759131
v 1.6249999995673547 0.8749011087584894 0.31328439561333377
v 1.249999999567355 0.2686051676863677 0.5644204032655029
v 1.6249999995673547 0.26860516554795744 0.5644203981029237
v 1.343749995376403 0.8250138657915711 0.029525566443650897
v 1.5312499953764032 0.8250138647223659 0.02952556386236127
v 1.343749995376403 0.1032329810171283 0.32849699797887694
v 1.5312499953764032 0.10323297994792313 0.32849699539758725
v 1.3437499981703709 0.8967670093600253 0.2027529787895171
v 1.5312499981703709 0.8967670082908201 0.20275297620822746
v 1.3437499981703709 0.1749861245855826 0.5017244103247432
v 1.5312499981703709 0.17498612351637743 0.5017244077434536
v 0.9626808803817596 0.7313948237599899 -0.0979792914014962
v 1.22784591967622 0.7313948216215795 -0.36314433799694656
v 1.1402608507422303 0.12509888054945806 0.07960067895897438
v 1.4054258900366905 0.12509887841104766 -0.185564367636476
v 1.2076614402473476 0.8749011108968985 0.14700126056155727
v 1.4728264795418078 0.8749011087584881 -0.1181637860338931
v 1.3852414106078184 0.26860516768636666 0.3245812309220278
v 1.6504064499022786 0.26860516554795627 0.059416184326577415
v 1.073304902042203 0.8250138657915707 -0.11993779318916409
v 1.2058874216894329 0.8250138647223655 -0.25252031648688933
v 1.2847096286618112 0.10323298101712786 0.09146693343044388
v 1.4172921483090413 0.10323297994792269 -0.041115589867281366
v 1.195795181974997 0.8967670093600251 0.002552482792362698
v 1.3283777016222271 0.8967670082908199 -0.1300300405053625
v 1.4071999085946052 0.17498612458558221 0.2139572094119705
v 1.5397824282418353 0.17498612351637705 0.08137468611424525
v 0.653321659353734 0.731394823759991 -0.4073385039116999
v 0.9184866986481942 0.7313948216215806 -0.6725035505071504
v 0.8309016297142049 0.12509888054945906 -0.22975853355122933
v 1.0960666690086651 0.12509887841104866 -0.4949235801466798
v 0.898302219219322 0.8749011108968996 -0.16235795194864666
v 1.1634672585137822 0.8749011087584891 -0.42752299854409703
v 1.0758821895797928 0.26860516768636755 0.015222018411823912
v 1.341047228874253 0.26860516554795716 -0.24994302818362646
v 0.7639456810141775 0.825013865791571 -0.4292970056993678
v 0.8965282006614076 0.8250138647223658 -0.561879528997093
v 0.9753504076337856 0.10323298101712808 -0.21789227907975994
v 1.1079329272810157 0.10323297994792291 -0.3504748023774852
v 0.8864359609469714 0.8967670093600253 -0.3068067297178412
v 1.0190184805942015 0.8967670082908201 -0.4393892530155664
v 1.0978406875665794 0.17498612458558238 -0.09540200309823332
v 1.2304232072138097 0.1749861235163772 -0.22798452639595856
vt 0.75 0.4375
vt 0.8125 0.4375
vt 0.8125 0.375
vt 0.75 0.375
vt 0.8125 0.4375
vt 0.75 0.4375
vt 0.75 0.375
vt 0.8125 0.375
vt 0.75 0.375
vt 0.8125 0.375
vt 0.8125 0.4375
vt 0.75 0.4375
vt 0.75 0.4375
vt 0.8125 0.4375
vt 0.8125 0.375
vt 0.75 0.375
vt 0.75 0.4375
vt 0.8125 0.4375
vt 0.8125 0.375
vt 0.75 0.375
vt 0.75 0.4375
vt 0.8125 0.4375
vt 0.8125 0.375
vt 0.75 0.375
vt 1 0.40625
vt 0.8125 0.40625
vt 0.8125 0.46875
vt 1 0.46875
vt 1 0.40625
vt 0.8125 0.40625
vt 0.8125 0.46875
vt 1 0.46875
vt 0.625 0.375
vt 0.625 0
vt 0.5625 0
vt 0.5625 0.375
vt 0.625 0.375
vt 0.625 0
vt 0.5625 0
vt 0.5625 0.375
vt 0.625 0.375
vt 0.625 0
vt 0.5625 0
vt 0.5625 0.375
vt 0.625 0.375
vt 0.625 0
vt 0.5625 0
vt 0.5625 0.375
vt 0.625 0.375
vt 0.625 0
vt 0.5625 0
vt 0.5625 0.375
vt 0.625 0.375
vt 0.625 0
vt 0.5625 0
vt 0.5625 0.375
vt 0.8125 0.40625
vt 1 0.40625
vt 0.981759375 0.375
vt 0.83074375 0.375
vt 0.625 0.375
vt 0.625 0
vt 0.5625 0
vt 0.5625 0.375
vt 0.8125 0.46875
vt 1 0.46875
vt 0.981759375 0.4375
vt 0.83074375 0.4375
vt 0.625 0.375
vt 0.625 0
vt 0.5625 0
vt 0.5625 0.375
vt 0.8125 0.40625
vt 1 0.40625
vt 0.981759375 0.375
vt 0.83074375 0.375
vt 0.625 0.375
vt 0.625 0
vt 0.5625 0
vt 0.5625 0.375
vt 0.8125 0.46875
vt 1 0.46875
vt 0.981759375 0.4375
vt 0.83074375 0.4375
vt 0.625 0.375
vt 0.625 0
vt 0.5625 0
vt 0.5625 0.375
vt 0.8125 0.40625
vt 1 0.40625
vt 0.981759375 0.375
vt 0.83074375 0.375
vt 0.625 0.375
vt 0.625 0
vt 0.5625 0
vt 0.5625 0.375
vt 0.8125 0.46875
vt 1 0.46875
vt 0.981759375 0.4375
vt 0.83074375 0.4375
vt 0.625 0.375
vt 0.625 0
vt 0.5625 0
vt 0.5625 0.375
vt 0.8125 0.40625
vt 1 0.40625
vt 0.981759375 0.375
vt 0.83074375 0.375
vt 0.8125 0.46875
vt 1 0.46875
vt 0.981759375 0.4375
vt 0.83074375 0.4375
vt 1 0.26249999999999996
vt 0.8125 0.1875
vt 0.8875 0.375
vt 1 0.11250000000000004
vt 0.8125 0.1875
vt 1 0.26249999999999996
vt 0.8875 0
vt 0.8125 0.1875
vt 1 0.11250000000000004
vt 0.7375 0
vt 0.8125 0.1875
vt 0.8875 0
vt 0.8875 0.375
vt 0.8125 0.1875
vt 0.7375 0.375
vt 0.7375 0.375
vt 0.8125 0.1875
vt 0.625 0.26249999999999996
vt 0.625 0.26249999999999996
vt 0.8125 0.1875
vt 0.625 0.11250000000000004
vt 0.625 0.11250000000000004
vt 0.8125 0.1875
vt 0.7375 0
vt 0.7375 0
vt 0.8125 0.1875
vt 0.8875 0
vt 0.625 0.11250000000000004
vt 0.8125 0.1875
vt 0.7375 0
vt 0.8875 0
vt 0.8125 0.1875
vt 1 0.11250000000000004
vt 1 0.11250000000000004
vt 0.8125 0.1875
vt 1 0.26249999999999996
vt 0.625 0.26249999999999996
vt 0.8125 0.1875
vt 0.625 0.11250000000000004
vt 0.8125 0.46875
vt 1 0.46875
vt 0.981759375 0.4375
vt 0.83074375 0.4375
vt 1 0.26249999999999996
vt 0.8125 0.1875
vt 0.8875 0.375
vt 0.8125 0.40625
vt 1 0.40625
vt 0.981759375 0.375
vt 0.83074375 0.375
vt 0.8125 0.46875
vt 1 0.46875
vt 0.981759375 0.4375
vt 0.83074375 0.4375
vt 0.7375 0.375
vt 0.8125 0.1875
vt 0.625 0.26249999999999996
vt 0.8125 0.46875
vt 1 0.46875
vt 0.981759375 0.4375
vt 0.83074375 0.4375
vt 0.8125 0.40625
vt 1 0.40625
vt 0.981759375 0.375
vt 0.83074375 0.375
vt 0.8125 0.40625
vt 1 0.40625
vt 0.981759375 0.375
vt 0.83074375 0.375
vt 0.8125 0.46875
vt 1 0.46875
vt 0.981759375 0.4375
vt 0.83074375 0.4375
vt 0.8875 0.375
vt 0.8125 0.1875
vt 0.7375 0.375
vt 0.8125 0.40625
vt 1 0.40625
vt 0.981759375 0.375
vt 0.83074375 0.375
vt 1 0.40625
vt 0.8125 0.40625
vt 0.8125 0.46875
vt 1 0.46875
vt 1 0.40625
vt 0.8125 0.40625
vt 0.8125 0.46875
vt 1 0.46875
vt 0.625 0.375
vt 0.625 0
vt 0.5625 0
vt 0.5625 0.375
vt 0.625 0.375
vt 0.625 0
vt 0.5625 0
vt 0.5625 0.375
vt 0.625 0.375
vt 0.625 0
vt 0.5625 0
vt 0.5625 0.375
vt 0.625 0.375
vt 0.625 0
vt 0.5625 0
vt 0.5625 0.375
vt 0.75 0.4375
vt 0.8125 0.4375
vt 0.8125 0.375
vt 0.75 0.375
vt 0.8125 0.4375
vt 0.75 0.4375
vt 0.75 0.375
vt 0.8125 0.375
vt 0.75 0.375
vt 0.8125 0.375
vt 0.8125 0.4375
vt 0.75 0.4375
vt 0.75 0.4375
vt 0.8125 0.4375
vt 0.8125 0.375
vt 0.75 0.375
vt 0.75 0.4375
vt 0.8125 0.4375
vt 0.8125 0.375
vt 0.75 0.375
vt 0.75 0.4375
vt 0.8125 0.4375
vt 0.8125 0.375
vt 0.75 0.375
vt 0.6875 0.3125
vt 0.9375 0.3125
vt 0.9375 0.0625
vt 0.6875 0.0625
vt 0.6875 0.3125
vt 0.9375 0.3125
vt 0.9375 0.0625
vt 0.6875 0.0625
vt 0.625 0.375
vt 0.625 0.34375
vt 0.5625 0.34375
vt 0.5625 0.375
vt 0.625 0.375
vt 0.625 0.34375
vt 0.5625 0.34375
vt 0.5625 0.375
vt 0.625 0.375
vt 0.625 0.34375
vt 0.5625 0.34375
vt 0.5625 0.375
vt 0.625 0.375
vt 0.625 0.34375
vt 0.5625 0.34375
vt 0.5625 0.375
vt 0.75 0.4375
vt 0.8125 0.4375
vt 0.8125 0.375
vt 0.75 0.375
vt 0.8125 0.4375
vt 0.75 0.4375
vt 0.75 0.375
vt 0.8125 0.375
vt 0.75 0.375
vt 0.8125 0.375
vt 0.8125 0.4375
vt 0.75 0.4375
vt 0.75 0.4375
vt 0.8125 0.4375
vt 0.8125 0.375
vt 0.75 0.375
vt 0.75 0.4375
vt 0.8125 0.4375
vt 0.8125 0.375
vt 0.75 0.375
vt 0.75 0.4375
vt 0.8125 0.4375
vt 0.8125 0.375
vt 0.75 0.375
vt 1 0.40625
vt 0.8125 0.40625
vt 0.8125 0.46875
vt 1 0.46875
vt 1 0.40625
vt 0.8125 0.40625
vt 0.8125 0.46875
vt 1 0.46875
vt 0.625 0.375
vt 0.625 0
vt 0.5625 0
vt 0.5625 0.375
vt 0.625 0.375
vt 0.625 0
vt 0.5625 0
vt 0.5625 0.375
vt 0.625 0.375
vt 0.625 0
vt 0.5625 0
vt 0.5625 0.375
vt 0.625 0.375
vt 0.625 0
vt 0.5625 0
vt 0.5625 0.375
vt 0.75 0.4375
vt 0.8125 0.4375
vt 0.8125 0.375
vt 0.75 0.375
vt 0.8125 0.4375
vt 0.75 0.4375
vt 0.75 0.375
vt 0.8125 0.375
vt 0.75 0.375
vt 0.8125 0.375
vt 0.8125 0.4375
vt 0.75 0.4375
vt 0.75 0.4375
vt 0.8125 0.4375
vt 0.8125 0.375
vt 0.75 0.375
vt 0.75 0.4375
vt 0.8125 0.4375
vt 0.8125 0.375
vt 0.75 0.375
vt 0.75 0.4375
vt 0.8125 0.4375
vt 0.8125 0.375
vt 0.75 0.375
vt 1 0.40625
vt 0.8125 0.40625
vt 0.8125 0.46875
vt 1 0.46875
vt 1 0.40625
vt 0.8125 0.40625
vt 0.8125 0.46875
vt 1 0.46875
vt 0.625 0.375
vt 0.625 0
vt 0.5625 0
vt 0.5625 0.375
vt 0.625 0.375
vt 0.625 0
vt 0.5625 0
vt 0.5625 0.375
vt 0.625 0.375
vt 0.625 0
vt 0.5625 0
vt 0.5625 0.375
vt 0.625 0.375
vt 0.625 0
vt 0.5625 0
vt 0.5625 0.375
vt 0.671875 0.9375
vt 0.953125 0.9375
vt 0.8125 0.59375
vt 0.953125 0.9375
vt 0.953125 0.90625
vt 0.671875 0.90625
vt 0.671875 0.9375
vt 0.671875 0.9375
vt 0.953125 0.9375
vt 0.8125 0.59375
vt 0.671875 0.9375
vt 0.953125 0.9375
vt 0.8125 0.59375
vt 0.953125 0.9375
vt 0.953125 0.90625
vt 0.671875 0.90625
vt 0.671875 0.9375
vt 0.671875 0.9375
vt 0.953125 0.9375
vt 0.8125 0.59375
vt 0.671875 0.9375
vt 0.953125 0.9375
vt 0.8125 0.59375
vt 0.953125 0.9375
vt 0.953125 0.90625
vt 0.671875 0.90625
vt 0.671875 0.9375
vt 0.671875 0.9375
vt 0.953125 0.9375
vt 0.8125 0.59375
vt 0.671875 0.9375
vt 0.953125 0.9375
vt 0.8125 0.59375
vt 0.953125 0.9375
vt 0.953125 0.90625
vt 0.671875 0.90625
vt 0.671875 0.9375
vt 0.671875 0.9375
vt 0.953125 0.9375
vt 0.8125 0.59375
vt 0.671875 0.9375
vt 0.953125 0.9375
vt 0.8125 0.59375
vt 0.953125 0.9375
vt 0.953125 0.90625
vt 0.671875 0.90625
vt 0.671875 0.9375
vt 0.671875 0.9375
vt 0.953125 0.9375
vt 0.8125 0.59375
vt 0.671875 0.9375
vt 0.953125 0.9375
vt 0.8125 0.59375
vt 0.953125 0.9375
vt 0.953125 0.90625
vt 0.671875 0.90625
vt 0.671875 0.9375
vt 0.671875 0.9375
vt 0.953125 0.9375
vt 0.8125 0.59375
vt 0.671875 0.9375
vt 0.953125 0.9375
vt 0.8125 0.59375
vt 0.953125 0.9375
vt 0.953125 0.90625
vt 0.671875 0.90625
vt 0.671875 0.9375
vt 0.671875 0.9375
vt 0.953125 0.9375
vt 0.8125 0.59375
vt 0.671875 0.9375
vt 0.953125 0.9375
vt 0.8125 0.59375
vt 0.953125 0.9375
vt 0.953125 0.90625
vt 0.671875 0.90625
vt 0.671875 0.9375
vt 0.671875 0.9375
vt 0.953125 0.9375
vt 0.8125 0.59375
vt 0.5625 0.375
vt 0.5625 0
vt 0.625 0
vt 0.625 0.375
vt 0.5625 0
vt 0.5625 0.375
vt 0.625 0.375
vt 0.625 0
vt 0.9843749999999993 1
vt 0.9588726816074182 0.9375
vt 0.6661273183925804 0.9375
vt 0.6406249999999993 1
vt 0.6661279202570197 0.9375
vt 0.640625 1
vt 0.984375 1
vt 0.9588720797429803 0.9375
vt 0.5625 0.375
vt 0.5625 0
vt 0.625 0
vt 0.625 0.375
vt 0.5625 0
vt 0.5625 0.375
vt 0.625 0.375
vt 0.625 0
vt 0.9843749999999993 1
vt 0.9588726816074182 0.9375
vt 0.6661273183925804 0.9375
vt 0.6406249999999993 1
vt 0.6661279202570197 0.9375
vt 0.640625 1
vt 0.984375 1
vt 0.9588720797429803 0.9375
vt 0.5625 0.375
vt 0.5625 0
vt 0.625 0
vt 0.625 0.375
vt 0.5625 0
vt 0.5625 0.375
vt 0.625 0.375
vt 0.625 0
vt 0.9843749999999993 1
vt 0.9588726816074182 0.9375
vt 0.6661273183925804 0.9375
vt 0.6406249999999993 1
vt 0.6661279202570197 0.9375
vt 0.640625 1
vt 0.984375 1
vt 0.9588720797429803 0.9375
vt 0.5625 0.375
vt 0.5625 0
vt 0.625 0
vt 0.625 0.375
vt 0.5625 0
vt 0.5625 0.375
vt 0.625 0.375
vt 0.625 0
vt 0.9843749999999993 1
vt 0.9588726816074182 0.9375
vt 0.6661273183925804 0.9375
vt 0.6406249999999993 1
vt 0.6661279202570197 0.9375
vt 0.640625 1
vt 0.984375 1
vt 0.9588720797429803 0.9375
vt 0.5625 0.375
vt 0.5625 0
vt 0.625 0
vt 0.625 0.375
vt 0.5625 0
vt 0.5625 0.375
vt 0.625 0.375
vt 0.625 0
vt 0.9843749999999993 1
vt 0.9588726816074182 0.9375
vt 0.6661273183925804 0.9375
vt 0.6406249999999993 1
vt 0.6661279202570197 0.9375
vt 0.640625 1
vt 0.984375 1
vt 0.9588720797429803 0.9375
vt 0.5625 0.375
vt 0.5625 0
vt 0.625 0
vt 0.625 0.375
vt 0.5625 0
vt 0.5625 0.375
vt 0.625 0.375
vt 0.625 0
vt 0.9843749999999993 1
vt 0.9588726816074182 0.9375
vt 0.6661273183925804 0.9375
vt 0.6406249999999993 1
vt 0.6661279202570197 0.9375
vt 0.640625 1
vt 0.984375 1
vt 0.9588720797429803 0.9375
vt 0.5625 0.375
vt 0.5625 0
vt 0.625 0
vt 0.625 0.375
vt 0.5625 0
vt 0.5625 0.375
vt 0.625 0.375
vt 0.625 0
vt 0.9843749999999993 1
vt 0.9588726816074182 0.9375
vt 0.6661273183925804 0.9375
vt 0.6406249999999993 1
vt 0.6661279202570197 0.9375
vt 0.640625 1
vt 0.984375 1
vt 0.9588720797429803 0.9375
vt 0.5625 0.375
vt 0.5625 0
vt 0.625 0
vt 0.625 0.375
vt 0.5625 0
vt 0.5625 0.375
vt 0.625 0.375
vt 0.625 0
vt 0.9843749999999993 1
vt 0.9588726816074182 0.9375
vt 0.6661273183925804 0.9375
vt 0.6406249999999993 1
vt 0.6661279202570197 0.9375
vt 0.640625 1
vt 0.984375 1
vt 0.9588720797429803 0.9375
vt 1 0.375
vt 1 0.34375
vt 0.5625 0.34375
vt 0.5625 0.375
vt 0.15625 0.53125
vt 0.15625 0.5625
vt 0.18336249999999998 0.5625
vt 0.18336249999999998 0.53125
vt 1 0
vt 0.9662311011859854 0.0625
vt 0.6587688988140145 0.0625
vt 0.625 0
vt 0.9662311011859854 0.0625
vt 1 0
vt 0.625 0
vt 0.6587688988140145 0.0625
vt 1 0.375
vt 1 0.34375
vt 0.5625 0.34375
vt 0.5625 0.375
vt 0.15625 0.53125
vt 0.15625 0.5625
vt 0.18336249999999998 0.5625
vt 0.18336249999999998 0.53125
vt 1 0
vt 0.9662311011859854 0.0625
vt 0.6587688988140145 0.0625
vt 0.625 0
vt 0.9662311011859854 0.0625
vt 1 0
vt 0.625 0
vt 0.6587688988140145 0.0625
vt 1 0.375
vt 1 0.34375
vt 0.5625 0.34375
vt 0.5625 0.375
vt 0.15625 0.53125
vt 0.15625 0.5625
vt 0.18336249999999998 0.5625
vt 0.18336249999999998 0.53125
vt 1 0
vt 0.9662311011859854 0.0625
vt 0.6587688988140145 0.0625
vt 0.625 0
vt 0.9662311011859854 0.0625
vt 1 0
vt 0.625 0
vt 0.6587688988140145 0.0625
vt 1 0.375
vt 1 0.34375
vt 0.5625 0.34375
vt 0.5625 0.375
vt 0.15625 0.53125
vt 0.15625 0.5625
vt 0.18336249999999998 0.5625
vt 0.18336249999999998 0.53125
vt 1 0
vt 0.9662311011859854 0.0625
vt 0.6587688988140145 0.0625
vt 0.625 0
vt 0.9662311011859854 0.0625
vt 1 0
vt 0.625 0
vt 0.6587688988140145 0.0625
vt 1 0.375
vt 1 0.34375
vt 0.5625 0.34375
vt 0.5625 0.375
vt 0.15625 0.53125
vt 0.15625 0.5625
vt 0.18336249999999998 0.5625
vt 0.18336249999999998 0.53125
vt 1 0
vt 0.9662311011859854 0.0625
vt 0.6587688988140145 0.0625
vt 0.625 0
vt 0.9662311011859854 0.0625
vt 1 0
vt 0.625 0
vt 0.6587688988140145 0.0625
vt 1 0.375
vt 1 0.34375
vt 0.5625 0.34375
vt 0.5625 0.375
vt 0.15625 0.53125
vt 0.15625 0.5625
vt 0.18336249999999998 0.5625
vt 0.18336249999999998 0.53125
vt 1 0
vt 0.9662311011859854 0.0625
vt 0.6587688988140145 0.0625
vt 0.625 0
vt 0.9662311011859854 0.0625
vt 1 0
vt 0.625 0
vt 0.6587688988140145 0.0625
vt 1 0.375
vt 1 0.34375
vt 0.5625 0.34375
vt 0.5625 0.375
vt 0.15625 0.53125
vt 0.15625 0.5625
vt 0.18336249999999998 0.5625
vt 0.18336249999999998 0.53125
vt 1 0
vt 0.9662311011859854 0.0625
vt 0.6587688988140145 0.0625
vt 0.625 0
vt 0.9662311011859854 0.0625
vt 1 0
vt 0.625 0
vt 0.6587688988140145 0.0625
vt 1 0.375
vt 1 0.34375
vt 0.5625 0.34375
vt 0.5625 0.375
vt 0.15625 0.53125
vt 0.15625 0.5625
vt 0.18336249999999998 0.5625
vt 0.18336249999999998 0.53125
vt 1 0
vt 0.9662311011859854 0.0625
vt 0.6587688988140145 0.0625
vt 0.625 0
vt 0.9662311011859854 0.0625
vt 1 0
vt 0.625 0
vt 0.6587688988140145 0.0625
vt 1 0.375
vt 1 0.34375
vt 0.5625 0.34375
vt 0.5625 0.375
vt 0.15625 0.53125
vt 0.15625 0.5625
vt 0.18336249999999998 0.5625
vt 0.18336249999999998 0.53125
vt 1 0
vt 0.9662311011859854 0.0625
vt 0.6587688988140145 0.0625
vt 0.625 0
vt 0.9662311011859854 0.0625
vt 1 0
vt 0.625 0
vt 0.6587688988140145 0.0625
vt 1 0.375
vt 1 0.34375
vt 0.5625 0.34375
vt 0.5625 0.375
vt 0.15625 0.53125
vt 0.15625 0.5625
vt 0.18336249999999998 0.5625
vt 0.18336249999999998 0.53125
vt 1 0
vt 0.9662311011859854 0.0625
vt 0.6587688988140145 0.0625
vt 0.625 0
vt 0.9662311011859854 0.0625
vt 1 0
vt 0.625 0
vt 0.6587688988140145 0.0625
vt 1 0.375
vt 1 0.34375
vt 0.5625 0.34375
vt 0.5625 0.375
vt 0.15625 0.53125
vt 0.15625 0.5625
vt 0.18336249999999998 0.5625
vt 0.18336249999999998 0.53125
vt 1 0
vt 0.9662311011859854 0.0625
vt 0.6587688988140145 0.0625
vt 0.625 0
vt 0.9662311011859854 0.0625
vt 1 0
vt 0.625 0
vt 0.6587688988140145 0.0625
vt 1 0.375
vt 1 0.34375
vt 0.5625 0.34375
vt 0.5625 0.375
vt 0.15625 0.53125
vt 0.15625 0.5625
vt 0.18336249999999998 0.5625
vt 0.18336249999999998 0.53125
vt 1 0
vt 0.9662311011859854 0.0625
vt 0.6587688988140145 0.0625
vt 0.625 0
vt 0.9662311011859854 0.0625
vt 1 0
vt 0.625 0
vt 0.6587688988140145 0.0625
vt 1 0.375
vt 1 0.34375
vt 0.5625 0.34375
vt 0.5625 0.375
vt 0.15625 0.53125
vt 0.15625 0.5625
vt 0.18336249999999998 0.5625
vt 0.18336249999999998 0.53125
vt 1 0
vt 0.9662311011859854 0.0625
vt 0.6587688988140145 0.0625
vt 0.625 0
vt 0.9662311011859854 0.0625
vt 1 0
vt 0.625 0
vt 0.6587688988140145 0.0625
vt 1 0.375
vt 1 0.34375
vt 0.5625 0.34375
vt 0.5625 0.375
vt 0.15625 0.53125
vt 0.15625 0.5625
vt 0.18336249999999998 0.5625
vt 0.18336249999999998 0.53125
vt 1 0
vt 0.9662311011859854 0.0625
vt 0.6587688988140145 0.0625
vt 0.625 0
vt 0.9662311011859854 0.0625
vt 1 0
vt 0.625 0
vt 0.6587688988140145 0.0625
vt 1 0.375
vt 1 0.34375
vt 0.5625 0.34375
vt 0.5625 0.375
vt 0.15625 0.53125
vt 0.15625 0.5625
vt 0.18336249999999998 0.5625
vt 0.18336249999999998 0.53125
vt 1 0
vt 0.9662311011859854 0.0625
vt 0.6587688988140145 0.0625
vt 0.625 0
vt 0.9662311011859854 0.0625
vt 1 0
vt 0.625 0
vt 0.6587688988140145 0.0625
vt 1 0.375
vt 1 0.34375
vt 0.5625 0.34375
vt 0.5625 0.375
vt 0.15625 0.53125
vt 0.15625 0.5625
vt 0.18336249999999998 0.5625
vt 0.18336249999999998 0.53125
vt 1 0
vt 0.9662311011859854 0.0625
vt 0.6587688988140145 0.0625
vt 0.625 0
vt 0.9662311011859854 0.0625
vt 1 0
vt 0.625 0
vt 0.6587688988140145 0.0625
vt 0.15625 1
vt 0.15625 0.625
vt 0.34375 0.625
vt 0.34375 1
vt 0.15625 0.625
vt 0.34375 0.625
vt 0.34375 1
vt 0.15625 1
vt 0.90625 0.28125
vt 0.90625 0.09375
vt 0.71875 0.09375
vt 0.71875 0.28125
vt 0.71875 0.28125
vt 0.90625 0.28125
vt 0.90625 0.09375
vt 0.71875 0.09375
vt 0.15625 0.625
vt 0.34375 0.625
vt 0.34375 1
vt 0.15625 1
vt 0.15625 1
vt 0.15625 0.625
vt 0.34375 0.625
vt 0.34375 1
vt 0.75 1
vt 0.75 0.65625
vt 0.875 0.65625
vt 0.875 1
vt 0.75 0.65625
vt 0.875 0.65625
vt 0.875 1
vt 0.75 1
vt 0.875 0.25
vt 0.875 0.125
vt 0.75 0.125
vt 0.75 0.25
vt 0.75 0.25
vt 0.875 0.25
vt 0.875 0.125
vt 0.75 0.125
vt 0.75 0.65625
vt 0.875 0.65625
vt 0.875 1
vt 0.75 1
vt 0.75 1
vt 0.75 0.65625
vt 0.875 0.65625
vt 0.875 1
vt 0.15625 1
vt 0.15625 0.625
vt 0.34375 0.625
vt 0.34375 1
vt 0.15625 0.625
vt 0.34375 0.625
vt 0.34375 1
vt 0.15625 1
vt 0.90625 0.28125
vt 0.90625 0.09375
vt 0.71875 0.09375
vt 0.71875 0.28125
vt 0.71875 0.28125
vt 0.90625 0.28125
vt 0.90625 0.09375
vt 0.71875 0.09375
vt 0.15625 0.625
vt 0.34375 0.625
vt 0.34375 1
vt 0.15625 1
vt 0.15625 1
vt 0.15625 0.625
vt 0.34375 0.625
vt 0.34375 1
vt 0.75 1
vt 0.75 0.65625
vt 0.875 0.65625
vt 0.875 1
vt 0.75 0.65625
vt 0.875 0.65625
vt 0.875 1
vt 0.75 1
vt 0.875 0.25
vt 0.875 0.125
vt 0.75 0.125
vt 0.75 0.25
vt 0.75 0.25
vt 0.875 0.25
vt 0.875 0.125
vt 0.75 0.125
vt 0.75 0.65625
vt 0.875 0.65625
vt 0.875 1
vt 0.75 1
vt 0.75 1
vt 0.75 0.65625
vt 0.875 0.65625
vt 0.875 1
vt 0.15625 1
vt 0.15625 0.625
vt 0.34375 0.625
vt 0.34375 1
vt 0.15625 0.625
vt 0.34375 0.625
vt 0.34375 1
vt 0.15625 1
vt 0.90625 0.28125
vt 0.90625 0.09375
vt 0.71875 0.09375
vt 0.71875 0.28125
vt 0.71875 0.28125
vt 0.90625 0.28125
vt 0.90625 0.09375
vt 0.71875 0.09375
vt 0.15625 0.625
vt 0.34375 0.625
vt 0.34375 1
vt 0.15625 1
vt 0.15625 1
vt 0.15625 0.625
vt 0.34375 0.625
vt 0.34375 1
vt 0.75 1
vt 0.75 0.65625
vt 0.875 0.65625
vt 0.875 1
vt 0.75 0.65625
vt 0.875 0.65625
vt 0.875 1
vt 0.75 1
vt 0.875 0.25
vt 0.875 0.125
vt 0.75 0.125
vt 0.75 0.25
vt 0.75 0.25
vt 0.875 0.25
vt 0.875 0.125
vt 0.75 0.125
vt 0.75 0.65625
vt 0.875 0.65625
vt 0.875 1
vt 0.75 1
vt 0.75 1
vt 0.75 0.65625
vt 0.875 0.65625
vt 0.875 1
vt 0.15625 1
vt 0.15625 0.625
vt 0.34375 0.625
vt 0.34375 1
vt 0.15625 0.625
vt 0.34375 0.625
vt 0.34375 1
vt 0.15625 1
vt 0.90625 0.28125
vt 0.90625 0.09375
vt 0.71875 0.09375
vt 0.71875 0.28125
vt 0.71875 0.28125
vt 0.90625 0.28125
vt 0.90625 0.09375
vt 0.71875 0.09375
vt 0.15625 0.625
vt 0.34375 0.625
vt 0.34375 1
vt 0.15625 1
vt 0.15625 1
vt 0.15625 0.625
vt 0.34375 0.625
vt 0.34375 1
vt 0.75 1
vt 0.75 0.65625
vt 0.875 0.65625
vt 0.875 1
vt 0.75 0.65625
vt 0.875 0.65625
vt 0.875 1
vt 0.75 1
vt 0.875 0.25
vt 0.875 0.125
vt 0.75 0.125
vt 0.75 0.25
vt 0.75 0.25
vt 0.875 0.25
vt 0.875 0.125
vt 0.75 0.125
vt 0.75 0.65625
vt 0.875 0.65625
vt 0.875 1
vt 0.75 1
vt 0.75 1
vt 0.75 0.65625
vt 0.875 0.65625
vt 0.875 1
vt 0.15625 1
vt 0.15625 0.625
vt 0.34375 0.625
vt 0.34375 1
vt 0.15625 0.625
vt 0.34375 0.625
vt 0.34375 1
vt 0.15625 1
vt 0.90625 0.28125
vt 0.90625 0.09375
vt 0.71875 0.09375
vt 0.71875 0.28125
vt 0.71875 0.28125
vt 0.90625 0.28125
vt 0.90625 0.09375
vt 0.71875 0.09375
vt 0.15625 0.625
vt 0.34375 0.625
vt 0.34375 1
vt 0.15625 1
vt 0.15625 1
vt 0.15625 0.625
vt 0.34375 0.625
vt 0.34375 1
vt 0.75 1
vt 0.75 0.65625
vt 0.875 0.65625
vt 0.875 1
vt 0.75 0.65625
vt 0.875 0.65625
vt 0.875 1
vt 0.75 1
vt 0.875 0.25
vt 0.875 0.125
vt 0.75 0.125
vt 0.75 0.25
vt 0.75 0.25
vt 0.875 0.25
vt 0.875 0.125
vt 0.75 0.125
vt 0.75 0.65625
vt 0.875 0.65625
vt 0.875 1
vt 0.75 1
vt 0.75 1
vt 0.75 0.65625
vt 0.875 0.65625
vt 0.875 1
vt 0.15625 1
vt 0.15625 0.625
vt 0.34375 0.625
vt 0.34375 1
vt 0.15625 0.625
vt 0.34375 0.625
vt 0.34375 1
vt 0.15625 1
vt 0.90625 0.28125
vt 0.90625 0.09375
vt 0.71875 0.09375
vt 0.71875 0.28125
vt 0.71875 0.28125
vt 0.90625 0.28125
vt 0.90625 0.09375
vt 0.71875 0.09375
vt 0.15625 0.625
vt 0.34375 0.625
vt 0.34375 1
vt 0.15625 1
vt 0.15625 1
vt 0.15625 0.625
vt 0.34375 0.625
vt 0.34375 1
vt 0.75 1
vt 0.75 0.65625
vt 0.875 0.65625
vt 0.875 1
vt 0.75 0.65625
vt 0.875 0.65625
vt 0.875 1
vt 0.75 1
vt 0.875 0.25
vt 0.875 0.125
vt 0.75 0.125
vt 0.75 0.25
vt 0.75 0.25
vt 0.875 0.25
vt 0.875 0.125
vt 0.75 0.125
vt 0.75 0.65625
vt 0.875 0.65625
vt 0.875 1
vt 0.75 1
vt 0.75 1
vt 0.75 0.65625
vt 0.875 0.65625
vt 0.875 1
vt 0.15625 1
vt 0.15625 0.625
vt 0.34375 0.625
vt 0.34375 1
vt 0.15625 0.625
vt 0.34375 0.625
vt 0.34375 1
vt 0.15625 1
vt 0.90625 0.28125
vt 0.90625 0.09375
vt 0.71875 0.09375
vt 0.71875 0.28125
vt 0.71875 0.28125
vt 0.90625 0.28125
vt 0.90625 0.09375
vt 0.71875 0.09375
vt 0.15625 0.625
vt 0.34375 0.625
vt 0.34375 1
vt 0.15625 1
vt 0.15625 1
vt 0.15625 0.625
vt 0.34375 0.625
vt 0.34375 1
vt 0.75 1
vt 0.75 0.65625
vt 0.875 0.65625
vt 0.875 1
vt 0.75 0.65625
vt 0.875 0.65625
vt 0.875 1
vt 0.75 1
vt 0.875 0.25
vt 0.875 0.125
vt 0.75 0.125
vt 0.75 0.25
vt 0.75 0.25
vt 0.875 0.25
vt 0.875 0.125
vt 0.75 0.125
vt 0.75 0.65625
vt 0.875 0.65625
vt 0.875 1
vt 0.75 1
vt 0.75 1
vt 0.75 0.65625
vt 0.875 0.65625
vt 0.875 1
vt 0.15625 1
vt 0.15625 0.625
vt 0.34375 0.625
vt 0.34375 1
vt 0.15625 0.625
vt 0.34375 0.625
vt 0.34375 1
vt 0.15625 1
vt 0.90625 0.28125
vt 0.90625 0.09375
vt 0.71875 0.09375
vt 0.71875 0.28125
vt 0.71875 0.28125
vt 0.90625 0.28125
vt 0.90625 0.09375
vt 0.71875 0.09375
vt 0.15625 0.625
vt 0.34375 0.625
vt 0.34375 1
vt 0.15625 1
vt 0.15625 1
vt 0.15625 0.625
vt 0.34375 0.625
vt 0.34375 1
vt 0.75 1
vt 0.75 0.65625
vt 0.875 0.65625
vt 0.875 1
vt 0.75 0.65625
vt 0.875 0.65625
vt 0.875 1
vt 0.75 1
vt 0.875 0.25
vt 0.875 0.125
vt 0.75 0.125
vt 0.75 0.25
vt 0.75 0.25
vt 0.875 0.25
vt 0.875 0.125
vt 0.75 0.125
vt 0.75 0.65625
vt 0.875 0.65625
vt 0.875 1
vt 0.75 1
vt 0.75 1
vt 0.75 0.65625
vt 0.875 0.65625
vt 0.875 1
vt 0.15625 1
vt 0.15625 0.625
vt 0.34375 0.625
vt 0.34375 1
vt 0.15625 0.625
vt 0.34375 0.625
vt 0.34375 1
vt 0.15625 1
vt 0.90625 0.28125
vt 0.90625 0.09375
vt 0.71875 0.09375
vt 0.71875 0.28125
vt 0.71875 0.28125
vt 0.90625 0.28125
vt 0.90625 0.09375
vt 0.71875 0.09375
vt 0.15625 0.625
vt 0.34375 0.625
vt 0.34375 1
vt 0.15625 1
vt 0.15625 1
vt 0.15625 0.625
vt 0.34375 0.625
vt 0.34375 1
vt 0.75 1
vt 0.75 0.65625
vt 0.875 0.65625
vt 0.875 1
vt 0.75 0.65625
vt 0.875 0.65625
vt 0.875 1
vt 0.75 1
vt 0.875 0.25
vt 0.875 0.125
vt 0.75 0.125
vt 0.75 0.25
vt 0.75 0.25
vt 0.875 0.25
vt 0.875 0.125
vt 0.75 0.125
vt 0.75 0.65625
vt 0.875 0.65625
vt 0.875 1
vt 0.75 1
vt 0.75 1
vt 0.75 0.65625
vt 0.875 0.65625
vt 0.875 1
vt 0.15625 1
vt 0.15625 0.625
vt 0.34375 0.625
vt 0.34375 1
vt 0.15625 0.625
vt 0.34375 0.625
vt 0.34375 1
vt 0.15625 1
vt 0.90625 0.28125
vt 0.90625 0.09375
vt 0.71875 0.09375
vt 0.71875 0.28125
vt 0.71875 0.28125
vt 0.90625 0.28125
vt 0.90625 0.09375
vt 0.71875 0.09375
vt 0.15625 0.625
vt 0.34375 0.625
vt 0.34375 1
vt 0.15625 1
vt 0.15625 1
vt 0.15625 0.625
vt 0.34375 0.625
vt 0.34375 1
vt 0.75 1
vt 0.75 0.65625
vt 0.875 0.65625
vt 0.875 1
vt 0.75 0.65625
vt 0.875 0.65625
vt 0.875 1
vt 0.75 1
vt 0.875 0.25
vt 0.875 0.125
vt 0.75 0.125
vt 0.75 0.25
vt 0.75 0.25
vt 0.875 0.25
vt 0.875 0.125
vt 0.75 0.125
vt 0.75 0.65625
vt 0.875 0.65625
vt 0.875 1
vt 0.75 1
vt 0.75 1
vt 0.75 0.65625
vt 0.875 0.65625
vt 0.875 1
vt 0.15625 1
vt 0.15625 0.625
vt 0.34375 0.625
vt 0.34375 1
vt 0.15625 0.625
vt 0.34375 0.625
vt 0.34375 1
vt 0.15625 1
vt 0.90625 0.28125
vt 0.90625 0.09375
vt 0.71875 0.09375
vt 0.71875 0.28125
vt 0.71875 0.28125
vt 0.90625 0.28125
vt 0.90625 0.09375
vt 0.71875 0.09375
vt 0.15625 0.625
vt 0.34375 0.625
vt 0.34375 1
vt 0.15625 1
vt 0.15625 1
vt 0.15625 0.625
vt 0.34375 0.625
vt 0.34375 1
vt 0.75 1
vt 0.75 0.65625
vt 0.875 0.65625
vt 0.875 1
vt 0.75 0.65625
vt 0.875 0.65625
vt 0.875 1
vt 0.75 1
vt 0.875 0.25
vt 0.875 0.125
vt 0.75 0.125
vt 0.75 0.25
vt 0.75 0.25
vt 0.875 0.25
vt 0.875 0.125
vt 0.75 0.125
vt 0.75 0.65625
vt 0.875 0.65625
vt 0.875 1
vt 0.75 1
vt 0.75 1
vt 0.75 0.65625
vt 0.875 0.65625
vt 0.875 1
vt 0.15625 1
vt 0.15625 0.625
vt 0.34375 0.625
vt 0.34375 1
vt 0.15625 0.625
vt 0.34375 0.625
vt 0.34375 1
vt 0.15625 1
vt 0.90625 0.28125
vt 0.90625 0.09375
vt 0.71875 0.09375
vt 0.71875 0.28125
vt 0.71875 0.28125
vt 0.90625 0.28125
vt 0.90625 0.09375
vt 0.71875 0.09375
vt 0.15625 0.625
vt 0.34375 0.625
vt 0.34375 1
vt 0.15625 1
vt 0.15625 1
vt 0.15625 0.625
vt 0.34375 0.625
vt 0.34375 1
vt 0.75 1
vt 0.75 0.65625
vt 0.875 0.65625
vt 0.875 1
vt 0.75 0.65625
vt 0.875 0.65625
vt 0.875 1
vt 0.75 1
vt 0.875 0.25
vt 0.875 0.125
vt 0.75 0.125
vt 0.75 0.25
vt 0.75 0.25
vt 0.875 0.25
vt 0.875 0.125
vt 0.75 0.125
vt 0.75 0.65625
vt 0.875 0.65625
vt 0.875 1
vt 0.75 1
vt 0.75 1
vt 0.75 0.65625
vt 0.875 0.65625
vt 0.875 1
vt 0.15625 1
vt 0.15625 0.625
vt 0.34375 0.625
vt 0.34375 1
vt 0.15625 0.625
vt 0.34375 0.625
vt 0.34375 1
vt 0.15625 1
vt 0.90625 0.28125
vt 0.90625 0.09375
vt 0.71875 0.09375
vt 0.71875 0.28125
vt 0.71875 0.28125
vt 0.90625 0.28125
vt 0.90625 0.09375
vt 0.71875 0.09375
vt 0.15625 0.625
vt 0.34375 0.625
vt 0.34375 1
vt 0.15625 1
vt 0.15625 1
vt 0.15625 0.625
vt 0.34375 0.625
vt 0.34375 1
vt 0.75 1
vt 0.75 0.65625
vt 0.875 0.65625
vt 0.875 1
vt 0.75 0.65625
vt 0.875 0.65625
vt 0.875 1
vt 0.75 1
vt 0.875 0.25
vt 0.875 0.125
vt 0.75 0.125
vt 0.75 0.25
vt 0.75 0.25
vt 0.875 0.25
vt 0.875 0.125
vt 0.75 0.125
vt 0.75 0.65625
vt 0.875 0.65625
vt 0.875 1
vt 0.75 1
vt 0.75 1
vt 0.75 0.65625
vt 0.875 0.65625
vt 0.875 1
vt 0.15625 1
vt 0.15625 0.625
vt 0.34375 0.625
vt 0.34375 1
vt 0.15625 0.625
vt 0.34375 0.625
vt 0.34375 1
vt 0.15625 1
vt 0.90625 0.28125
vt 0.90625 0.09375
vt 0.71875 0.09375
vt 0.71875 0.28125
vt 0.71875 0.28125
vt 0.90625 0.28125
vt 0.90625 0.09375
vt 0.71875 0.09375
vt 0.15625 0.625
vt 0.34375 0.625
vt 0.34375 1
vt 0.15625 1
vt 0.15625 1
vt 0.15625 0.625
vt 0.34375 0.625
vt 0.34375 1
vt 0.75 1
vt 0.75 0.65625
vt 0.875 0.65625
vt 0.875 1
vt 0.75 0.65625
vt 0.875 0.65625
vt 0.875 1
vt 0.75 1
vt 0.875 0.25
vt 0.875 0.125
vt 0.75 0.125
vt 0.75 0.25
vt 0.75 0.25
vt 0.875 0.25
vt 0.875 0.125
vt 0.75 0.125
vt 0.75 0.65625
vt 0.875 0.65625
vt 0.875 1
vt 0.75 1
vt 0.75 1
vt 0.75 0.65625
vt 0.875 0.65625
vt 0.875 1
vt 0.15625 1
vt 0.15625 0.625
vt 0.34375 0.625
vt 0.34375 1
vt 0.15625 0.625
vt 0.34375 0.625
vt 0.34375 1
vt 0.15625 1
vt 0.90625 0.28125
vt 0.90625 0.09375
vt 0.71875 0.09375
vt 0.71875 0.28125
vt 0.71875 0.28125
vt 0.90625 0.28125
vt 0.90625 0.09375
vt 0.71875 0.09375
vt 0.15625 0.625
vt 0.34375 0.625
vt 0.34375 1
vt 0.15625 1
vt 0.15625 1
vt 0.15625 0.625
vt 0.34375 0.625
vt 0.34375 1
vt 0.75 1
vt 0.75 0.65625
vt 0.875 0.65625
vt 0.875 1
vt 0.75 0.65625
vt 0.875 0.65625
vt 0.875 1
vt 0.75 1
vt 0.875 0.25
vt 0.875 0.125
vt 0.75 0.125
vt 0.75 0.25
vt 0.75 0.25
vt 0.875 0.25
vt 0.875 0.125
vt 0.75 0.125
vt 0.75 0.65625
vt 0.875 0.65625
vt 0.875 1
vt 0.75 1
vt 0.75 1
vt 0.75 0.65625
vt 0.875 0.65625
vt 0.875 1
vt 0.15625 1
vt 0.15625 0.625
vt 0.34375 0.625
vt 0.34375 1
vt 0.15625 0.625
vt 0.34375 0.625
vt 0.34375 1
vt 0.15625 1
vt 0.90625 0.28125
vt 0.90625 0.09375
vt 0.71875 0.09375
vt 0.71875 0.28125
vt 0.71875 0.28125
vt 0.90625 0.28125
vt 0.90625 0.09375
vt 0.71875 0.09375
vt 0.15625 0.625
vt 0.34375 0.625
vt 0.34375 1
vt 0.15625 1
vt 0.15625 1
vt 0.15625 0.625
vt 0.34375 0.625
vt 0.34375 1
vt 0.75 1
vt 0.75 0.65625
vt 0.875 0.65625
vt 0.875 1
vt 0.75 0.65625
vt 0.875 0.65625
vt 0.875 1
vt 0.75 1
vt 0.875 0.25
vt 0.875 0.125
vt 0.75 0.125
vt 0.75 0.25
vt 0.75 0.25
vt 0.875 0.25
vt 0.875 0.125
vt 0.75 0.125
vt 0.75 0.65625
vt 0.875 0.65625
vt 0.875 1
vt 0.75 1
vt 0.75 1
vt 0.75 0.65625
vt 0.875 0.65625
vt 0.875 1
vt 0.15625 1
vt 0.15625 0.625
vt 0.34375 0.625
vt 0.34375 1
vt 0.15625 0.625
vt 0.34375 0.625
vt 0.34375 1
vt 0.15625 1
vt 0.90625 0.28125
vt 0.90625 0.09375
vt 0.71875 0.09375
vt 0.71875 0.28125
vt 0.71875 0.28125
vt 0.90625 0.28125
vt 0.90625 0.09375
vt 0.71875 0.09375
vt 0.15625 0.625
vt 0.34375 0.625
vt 0.34375 1
vt 0.15625 1
vt 0.15625 1
vt 0.15625 0.625
vt 0.34375 0.625
vt 0.34375 1
vt 0.75 1
vt 0.75 0.65625
vt 0.875 0.65625
vt 0.875 1
vt 0.75 0.65625
vt 0.875 0.65625
vt 0.875 1
vt 0.75 1
vt 0.875 0.25
vt 0.875 0.125
vt 0.75 0.125
vt 0.75 0.25
vt 0.75 0.25
vt 0.875 0.25
vt 0.875 0.125
vt 0.75 0.125
vt 0.75 0.65625
vt 0.875 0.65625
vt 0.875 1
vt 0.75 1
vt 0.75 1
vt 0.75 0.65625
vt 0.875 0.65625
vt 0.875 1
vt 0.15625 1
vt 0.15625 0.625
vt 0.34375 0.625
vt 0.34375 1
vt 0.15625 0.625
vt 0.34375 0.625
vt 0.34375 1
vt 0.15625 1
vt 0.90625 0.28125
vt 0.90625 0.09375
vt 0.71875 0.09375
vt 0.71875 0.28125
vt 0.71875 0.28125
vt 0.90625 0.28125
vt 0.90625 0.09375
vt 0.71875 0.09375
vt 0.15625 0.625
vt 0.34375 0.625
vt 0.34375 1
vt 0.15625 1
vt 0.15625 1
vt 0.15625 0.625
vt 0.34375 0.625
vt 0.34375 1
vt 0.75 1
vt 0.75 0.65625
vt 0.875 0.65625
vt 0.875 1
vt 0.75 0.65625
vt 0.875 0.65625
vt 0.875 1
vt 0.75 1
vt 0.875 0.25
vt 0.875 0.125
vt 0.75 0.125
vt 0.75 0.25
vt 0.75 0.25
vt 0.875 0.25
vt 0.875 0.125
vt 0.75 0.125
vt 0.75 0.65625
vt 0.875 0.65625
vt 0.875 1
vt 0.75 1
vt 0.75 1
vt 0.75 0.65625
vt 0.875 0.65625
vt 0.875 1
vt 0.15625 1
vt 0.15625 0.625
vt 0.34375 0.625
vt 0.34375 1
vt 0.15625 0.625
vt 0.34375 0.625
vt 0.34375 1
vt 0.15625 1
vt 0.90625 0.28125
vt 0.90625 0.09375
vt 0.71875 0.09375
vt 0.71875 0.28125
vt 0.71875 0.28125
vt 0.90625 0.28125
vt 0.90625 0.09375
vt 0.71875 0.09375
vt 0.15625 0.625
vt 0.34375 0.625
vt 0.34375 1
vt 0.15625 1
vt 0.15625 1
vt 0.15625 0.625
vt 0.34375 0.625
vt 0.34375 1
vt 0.75 1
vt 0.75 0.65625
vt 0.875 0.65625
vt 0.875 1
vt 0.75 0.65625
vt 0.875 0.65625
vt 0.875 1
vt 0.75 1
vt 0.875 0.25
vt 0.875 0.125
vt 0.75 0.125
vt 0.75 0.25
vt 0.75 0.25
vt 0.875 0.25
vt 0.875 0.125
vt 0.75 0.125
vt 0.75 0.65625
vt 0.875 0.65625
vt 0.875 1
vt 0.75 1
vt 0.75 1
vt 0.75 0.65625
vt 0.875 0.65625
vt 0.875 1
vt 0.15625 1
vt 0.15625 0.625
vt 0.34375 0.625
vt 0.34375 1
vt 0.15625 0.625
vt 0.34375 0.625
vt 0.34375 1
vt 0.15625 1
vt 0.90625 0.28125
vt 0.90625 0.09375
vt 0.71875 0.09375
vt 0.71875 0.28125
vt 0.71875 0.28125
vt 0.90625 0.28125
vt 0.90625 0.09375
vt 0.71875 0.09375
vt 0.15625 0.625
vt 0.34375 0.625
vt 0.34375 1
vt 0.15625 1
vt 0.15625 1
vt 0.15625 0.625
vt 0.34375 0.625
vt 0.34375 1
vt 0.75 1
vt 0.75 0.65625
vt 0.875 0.65625
vt 0.875 1
vt 0.75 0.65625
vt 0.875 0.65625
vt 0.875 1
vt 0.75 1
vt 0.875 0.25
vt 0.875 0.125
vt 0.75 0.125
vt 0.75 0.25
vt 0.75 0.25
vt 0.875 0.25
vt 0.875 0.125
vt 0.75 0.125
vt 0.75 0.65625
vt 0.875 0.65625
vt 0.875 1
vt 0.75 1
vt 0.75 1
vt 0.75 0.65625
vt 0.875 0.65625
vt 0.875 1
vn 0 1 0
vn 8.881784197001252e-16 -1 0
vn 1 2.5376526277146434e-16 0
vn -1 -2.5376526277146434e-16 0
vn 0 0 1
vn 0 0 -1
vn 0 1 0
vn -1.7763568394002536e-15 -1 0
vn -1 8.765121169122357e-32 2.960594732333751e-16
vn 1 -1.480297366166877e-16 -5.921189464667501e-16
vn 0 -2.9605947323337516e-16 -1
vn 5.2590727014734135e-31 2.9605947323337516e-16 1
vn 1 2.960594732333752e-16 0
vn 0.7071067811865476 2.0934566115783675e-16 -0.7071067811865476
vn 0 -1 0
vn 0 0 -1
vn 0 -1 0
vn -0.7071067811865476 -4.186913223156733e-16 -0.7071067811865476
vn 5.921189464667501e-16 -1 2.9627517309044635e-16
vn -1 -5.921189464667499e-16 0
vn 0 -1 0
vn -0.7071067811865476 -4.186913223156733e-16 0.7071067811865476
vn 0 -1 0
vn 0 0 1
vn 0 -1 0
vn 0.7071067811865476 2.0934566115783675e-16 0.7071067811865476
vn 5.921189464667501e-16 -1 2.9627517309044457e-16
vn 0 -1 0
vn 4.3065388526452296e-16 -1 4.3065388526452296e-16
vn 7.351724843301281e-16 -1 3.0451785918811945e-16
vn 0 -1 0
vn 0 -1 0
vn 6.090369786726455e-16 1 0
vn 4.3065440729644105e-16 1 4.3065440729644125e-16
vn 7.351724843301278e-16 1 3.0451911948452686e-16
vn 0 -1 0
vn 0 1 0
vn 0 1 0
vn 0 1 0
vn 7.351724843301278e-16 1 -3.0451911948452686e-16
vn 7.351724843301281e-16 -1 -3.04519119484527e-16
vn 0 1 0
vn 4.306535161315169e-16 1 -4.3065477642836696e-16
vn 5.921189464667498e-16 1 -2.9627009779969177e-16
vn 0 1 0
vn 4.30654407296441e-16 -1 -4.3065440729644145e-16
vn 0 1 0
vn 0 1 0
vn 5.921189464667498e-16 1 -2.9627517309044527e-16
vn 0 1 0
vn 6.090369786726455e-16 -1 0
vn 0 1 0
vn 5.921189464667498e-16 1 0
vn 5.921189464667505e-16 -1 0
vn 0 0 1
vn 0 0 -1
vn -1 -5.9211894646675e-16 0
vn 1 0 0
vn 3.552713678800506e-15 1 0
vn 0 -1 0
vn 1 1.9032394707859833e-16 0
vn -1 0 0
vn 0 0 1
vn 0 0 -1
vn 4.440892098500631e-16 1 0
vn 2.2204460492503146e-16 -1 0
vn 1 2.537652627714644e-16 0
vn -1 0 0
vn 0 0 1
vn 0 0 -1
vn 0 1 0
vn 0 -1 0
vn 1 0 0
vn -1 0 0
vn 0 0 1
vn 0 0 -1
vn 0 1 0
vn -1.7763568394002505e-15 -1 2.1036290805893647e-30
vn 1 3.50604846764894e-31 -1.1842378929335002e-15
vn -1 -3.506048467648941e-31 1.1842378929335002e-15
vn 1.7763568394002505e-15 -2.96059473233375e-16 1
vn -1.7763568394002499e-15 2.96059473233375e-16 -1
vn 3.552713678800506e-15 1 0
vn 0 -1 0
vn 1 1.9032394707859833e-16 0
vn -1 0 0
vn 0 0 1
vn 0 0 -1
vn 5.921189464667498e-16 1 -2.1036290805893636e-30
vn 5.921189464667501e-16 -1 -1.0518145402946823e-30
vn -1.1842378929334995e-15 0 -1
vn 1.1842378929335004e-15 -1.7530242338244715e-31 1
vn 1 -2.9605947323337516e-16 -8.881784197001249e-16
vn -1 0 1.7763568394002505e-15
vn 0 1 0
vn 0.7071067811865475 0 0.7071067811865476
vn 0 -1 0
vn 0 1 0
vn 1 0 0
vn 0 -1 0
vn 0 1 0
vn 0.7071067811865476 0 -0.7071067811865475
vn 0 -1 0
vn 0 1 0
vn 1.9493203514974047e-16 0 -1
vn 0 -1 0
vn 0 1 0
vn -0.7071067811865472 0 -0.7071067811865478
vn 0 -1 0
vn 0 1 0
vn -1 0 0
vn 0 -1 0
vn 0 1 0
vn -0.7071067811865478 0 0.7071067811865472
vn 0 -1 0
vn 0 1 0
vn 0 0 1
vn 0 -1 0
vn 0.7071047380409732 0 0.7071088243262185
vn -0.7071067811865474 0 -0.7071067811865478
vn 1.792272131276519e-7 0.9999999999999198 -3.584544262553038e-7
vn 1.5533025331155658e-7 -0.9999999999999397 -3.1066050129404264e-7
vn 1 0 0
vn -1 0 0
vn 0 1 0
vn 2.4223047810003414e-16 -1 4.844609562000683e-16
vn 0.7071047380380734 0.0000025539282761079597 -0.7071088243245061
vn -0.7071067811865476 0 0.7071067811865476
vn 0.000002686990648024069 0.9999999999940804 -0.0000021493090080976815
vn -0.000002017844667701826 -0.9999999999948795 0.0000024838354215945272
vn 3.2297397068097395e-16 0.0000036117895696470625 -0.9999999999934777
vn 0 0 1
vn 0 0.9999999999939001 -0.0000034928334472744325
vn -2.310089856134004e-21 -0.9999999999939003 0.0000034927577554420153
vn -0.7071047380409736 0 -0.7071088243262179
vn 0.7071067811865474 0 0.7071067811865478
vn -1.792272153139373e-7 0.9999999999999198 3.5845442352244726e-7
vn -1.5533025129835225e-7 -0.9999999999999397 3.106605025967045e-7
vn -1 0 0
vn 1 0 0
vn 3.9474596431116675e-16 1 7.894919286223335e-16
vn 0 -1 0
vn -0.7071047380380734 0.0000025539282770500175 0.707108824324506
vn 0.7071067811865479 0 -0.7071067811865471
vn -0.0000026869906464754426 0.9999999999940804 0.000002149309007095624
vn 0.0000020178446677018226 -0.9999999999948795 -0.0000024838354215945183
vn 0 0.0000036117895706832705 0.9999999999934777
vn 0 0 -1
vn 0 0.9999999999939001 0.0000034928334454980557
vn 0 -0.9999999999939003 -0.0000034927577554420114
vn -0.7071067811865476 0 0.7071067811865476
vn 0.7069850695192299 -0.018396573678048783 -0.7069891636749448
vn 0 -1 0
vn 0 1 0
vn -1 0 0
vn 0.9982559452184658 -0.05903446312102449 0
vn 0 -1 0
vn 0 1 0
vn -0.7071067811865476 0 -0.7071067811865475
vn 0.7069848648316057 -0.01841229916072973 0.7069889589934569
vn 0 -1 0
vn 8.456979748868138e-7 0.9999999999992848 8.456979748868138e-7
vn -2.6803154833089315e-16 0 -1
vn -3.2241083541882306e-16 -0.059056123340662674 0.9982546640491956
vn 0 -1 0
vn 3.4081481436723073e-22 0.9999999999993231 0.0000011635114740635273
vn 0.7071067811865472 0 -0.7071067811865479
vn -0.7069850695192299 -0.018396573678049408 0.7069891636749448
vn 0 -1 0
vn 0 1 0
vn 1 0 0
vn -0.9982559452184658 -0.05903446312102449 0
vn 0 -1 0
vn 0 1 0
vn 0.7071067811865477 0 0.7071067811865474
vn -0.7069848648316052 -0.018412299160737 -0.7069889589934574
vn 0 -1 0
vn -8.456979748868097e-7 0.9999999999992848 -8.456979748868096e-7
vn 2.680315483308929e-16 0 1
vn 0 -0.05905612334066536 -0.9982546640491956
vn 0 -1 0
vn -2.982129625713263e-22 0.9999999999993231 -0.0000011635114740635263
vn -0.7071067811865476 0 0.7071067811865476
vn 0.7069850695192299 -0.018396573678048783 -0.7069891636749448
vn 0 -1 0
vn 0 1 0
vn -1 0 0
vn 0.9982559452184658 -0.05903446312102449 0
vn 0 -1 0
vn 0 1 0
vn -0.7071067811865476 0 -0.7071067811865475
vn 0.7069848648316057 -0.01841229916072973 0.7069889589934569
vn 0 -1 0
vn 8.456979748868138e-7 0.9999999999992848 8.456979748868138e-7
vn -2.6803154833089315e-16 0 -1
vn -3.2241083541882306e-16 -0.059056123340662674 0.9982546640491956
vn 0 -1 0
vn 3.4081481436723073e-22 0.9999999999993231 0.0000011635114740635273
vn 0.7071067811865472 0 -0.7071067811865479
vn -0.7069850695192299 -0.018396573678049408 0.7069891636749448
vn 0 -1 0
vn 0 1 0
vn 1 0 0
vn -0.9982559452184658 -0.05903446312102449 0
vn 0 -1 0
vn 0 1 0
vn 0.7071067811865477 0 0.7071067811865474
vn -0.7069848648316052 -0.018412299160737 -0.7069889589934574
vn 0 -1 0
vn -8.456979748868097e-7 0.9999999999992848 -8.456979748868096e-7
vn 2.680315483308929e-16 0 1
vn 0 -0.05905612334066536 -0.9982546640491956
vn 0 -1 0
vn -2.982129625713263e-22 0.9999999999993231 -0.0000011635114740635263
vn -0.9238795325112867 -0.3826834323650897 0
vn 0.9238795325112867 0.3826834323650897 0
vn -0.3826834323650897 0.9238795325112868 0
vn 0.3826834323650897 -0.9238795325112868 0
vn 0 0 1
vn 0 0 -1
vn -0.9238795325112867 -0.3826834323650898 0
vn 0.9238795325112867 0.3826834323650899 0
vn -0.38268343236508995 0.9238795325112868 0
vn 0.38268343236509 -0.9238795325112868 0
vn 0 0 1
vn 0 0 -1
vn -0.9238795325112868 -0.3826834323650897 0
vn 0.9238795325112868 0.3826834323650897 0
vn -0.38268343236508995 0.9238795325112868 0
vn 0.38268343236508995 -0.9238795325112868 0
vn 0 0 1
vn 0 0 -1
vn -0.9238795325112867 -0.38268343236509006 0
vn 0.9238795325112868 0.3826834323650897 0
vn -0.3826834323650898 0.923879532511287 0
vn 0.38268343236509045 -0.9238795325112865 0
vn 0 0 1
vn 0 0 -1
vn -0.9238795325112867 -0.3826834323650897 0
vn 0.9238795325112867 0.3826834323650897 0
vn -0.3826834323650897 0.9238795325112868 0
vn 0.3826834323650897 -0.9238795325112868 0
vn 0 0 1
vn 0 0 -1
vn -0.9238795325112867 -0.3826834323650898 0
vn 0.9238795325112867 0.3826834323650899 0
vn -0.38268343236508995 0.9238795325112868 0
vn 0.38268343236509 -0.9238795325112868 0
vn 0 0 1
vn 0 0 -1
vn -0.9238795325112867 -0.3826834323650897 0
vn 0.9238795325112867 0.3826834323650897 0
vn -0.38268343236509 0.9238795325112868 0
vn 0.3826834323650899 -0.9238795325112868 0
vn 0 0 1
vn 0 0 -1
vn -0.9238795325112867 -0.3826834323650899 0
vn 0.9238795325112867 0.38268343236508984 0
vn -0.3826834323650901 0.9238795325112866 0
vn 0.38268343236509 -0.9238795325112868 0
vn 0 0 1
vn 0 0 -1
vn -0.9238795325112868 -0.3826834323650897 0
vn 0.9238795325112868 0.3826834323650897 0
vn -0.38268343236508995 0.9238795325112868 0
vn 0.38268343236508995 -0.9238795325112868 0
vn 0 0 1
vn 0 0 -1
vn -0.9238795325112867 -0.38268343236509006 0
vn 0.9238795325112868 0.3826834323650897 0
vn -0.3826834323650898 0.923879532511287 0
vn 0.38268343236509045 -0.9238795325112865 0
vn 0 0 1
vn 0 0 -1
vn -0.9238795325112867 -0.3826834323650897 0
vn 0.9238795325112867 0.3826834323650897 0
vn -0.3826834323650897 0.9238795325112868 0
vn 0.3826834323650897 -0.9238795325112868 0
vn 0 0 1
vn 0 0 -1
vn -0.9238795325112867 -0.3826834323650898 0
vn 0.9238795325112867 0.3826834323650899 0
vn -0.38268343236508995 0.9238795325112868 0
vn 0.38268343236509 -0.9238795325112868 0
vn 0 0 1
vn 0 0 -1
vn -0.6532814824381886 -0.3826834323650897 0.6532814824381881
vn 0.6532814824381886 0.3826834323650897 -0.6532814824381881
vn -0.27059805007309845 0.9238795325112868 0.27059805007309823
vn 0.27059805007309845 -0.9238795325112868 -0.2705980500730983
vn 0.7071067811865472 -1.5507877169367265e-16 0.7071067811865478
vn -0.7071067811865472 1.6212780677065777e-16 -0.7071067811865478
vn -0.6532814824381888 -0.3826834323650899 0.6532814824381877
vn 0.6532814824381883 0.38268343236508967 -0.6532814824381883
vn -0.27059805007309895 0.9238795325112866 0.2705980500730985
vn 0.2705980500730985 -0.9238795325112866 -0.270598050073099
vn 0.7071067811865471 1.1842378929334998e-16 0.7071067811865479
vn -0.7071067811865478 -7.105427357601006e-17 -0.7071067811865472
vn -0.6532814824381885 -0.38268343236508967 0.6532814824381881
vn 0.6532814824381886 0.3826834323650896 -0.6532814824381881
vn -0.27059805007309856 0.923879532511287 0.2705980500730984
vn 0.2705980500730986 -0.923879532511287 -0.27059805007309845
vn 0.7071067811865475 2.8196140307940476e-17 0.7071067811865477
vn -0.7071067811865476 0 -0.7071067811865476
vn -0.6532814824381877 -0.38268343236508995 0.6532814824381888
vn 0.6532814824381888 0.3826834323650897 -0.6532814824381878
vn -0.2705980500730984 0.9238795325112867 0.27059805007309884
vn 0.27059805007309884 -0.9238795325112865 -0.2705980500730991
vn 0.7071067811865476 9.473903143467998e-17 0.7071067811865476
vn -0.7071067811865465 4.500103993147291e-16 -0.7071067811865487
vn -1.4901161419416805e-8 -0.3826834323650894 0.9238795325112868
vn 1.490116137234881e-8 0.3826834323650895 -0.9238795325112867
vn -1.4087163029192233e-17 0.9238795325112868 0.38268343236508956
vn 4.934324553889588e-17 -0.9238795325112871 -0.3826834323650895
vn 0.9999999999999999 -5.702427511887093e-9 1.3766877837647298e-8
vn -0.9999999999999999 5.7024275118870934e-9 -1.3766877837647298e-8
vn -1.4901161951759946e-8 -0.3826834323650898 0.9238795325112867
vn 1.4901161645872116e-8 0.3826834323650894 -0.923879532511287
vn -2.4068127529342684e-16 0.9238795325112868 0.3826834323650897
vn 0 -0.9238795325112868 -0.3826834323650901
vn 1 -5.702427511887091e-9 1.3766877837647279e-8
vn -1 5.702427511887092e-9 -1.3766877837647285e-8
vn -1.490116130663224e-8 -0.3826834323650895 0.923879532511287
vn 1.490116137234881e-8 0.3826834323650894 -0.923879532511287
vn -2.8761044825705356e-16 0.923879532511287 0.3826834323650895
vn 0 -0.923879532511287 -0.3826834323650895
vn 0.9999999999999999 -5.702427511887095e-9 1.3766877837647305e-8
vn -0.9999999999999999 5.702427511887095e-9 -1.3766877837647303e-8
vn -1.4901161383325757e-8 -0.38268343236508934 0.923879532511287
vn 1.490116137234881e-8 0.38268343236508945 -0.9238795325112868
vn -1.4087164499735568e-17 0.9238795325112868 0.3826834323650897
vn 2.467162276944797e-16 -0.923879532511287 -0.3826834323650895
vn 1 -5.702427965075315e-9 1.3766878931740455e-8
vn -1 5.702427511887097e-9 -1.3766877837647305e-8
vn 0.6532814719014762 -0.3826834323650898 0.6532814929749003
vn -0.6532814719014762 0.38268343236508945 -0.6532814929749003
vn 0.2705980500730988 0.9238795325112867 0.27059805007309823
vn -0.27059805007309917 -0.9238795325112868 -0.2705980500730982
vn 0.7071067909211999 -5.702427849143085e-9 -0.707106771451895
vn -0.7071067909212 5.702427630623001e-9 0.707106771451895
vn 0.6532814719014766 -0.38268343236509 0.6532814929748998
vn -0.653281471901476 0.38268343236508967 -0.6532814929749005
vn 0.2705980500730986 0.923879532511287 0.2705980500730982
vn -0.27059805007309934 -0.9238795325112866 -0.2705980500730988
vn 0.7071067909212001 -5.702428040876831e-9 -0.7071067714518948
vn -0.7071067909212008 5.7024282777244045e-9 0.7071067714518942
vn 0.6532814719014759 -0.38268343236508967 0.6532814929749005
vn -0.6532814719014759 0.3826834323650897 -0.6532814929749005
vn 0.27059805007309856 0.9238795325112868 0.2705980500730982
vn -0.27059805007309895 -0.9238795325112868 -0.2705980500730982
vn 0.7071067909212001 -5.7024277081623844e-9 -0.7071067714518949
vn -0.7071067909212001 5.702428018319928e-9 0.7071067714518948
vn 0.6532814719014763 -0.38268343236508967 0.6532814929749
vn -0.6532814719014766 0.38268343236508956 -0.6532814929749
vn 0.2705980500730994 0.9238795325112866 0.2705980500730982
vn -0.27059805007309917 -0.9238795325112866 -0.27059805007309845
vn 0.7071067909212002 -5.702427946137808e-9 -0.7071067714518947
vn -0.7071067909212001 5.702427946137808e-9 0.7071067714518948
vn 0.9238795325112866 -0.3826834323650898 1.4901161193847651e-8
vn -0.9238795325112868 0.3826834323650897 -1.490116121212255e-8
vn 0.3826834323650897 0.9238795325112867 -3.7273317796314957e-16
vn -0.3826834323650898 -0.9238795325112867 3.4540271877227073e-16
vn 1.3766877578682592e-8 -5.702428137083182e-9 -0.9999999999999999
vn -1.3766877708164944e-8 5.70242782448514e-9 0.9999999999999999
vn 0.9238795325112867 -0.38268343236509 1.4901161193847636e-8
vn -0.9238795325112867 0.3826834323650898 -1.4901161278490438e-8
vn 0.3826834323650896 0.9238795325112868 -6.462564661320958e-16
vn -0.38268343236509045 -0.9238795325112865 7.894919286223332e-16
vn 1.376687762011693e-8 -5.702428037051808e-9 -1
vn -1.3766878822975262e-8 5.702428227657674e-9 1
vn 0.9238795325112867 -0.3826834323650899 1.490116141941678e-8
vn -0.9238795325112867 0.3826834323650899 -1.4901161212122558e-8
vn 0.38268343236509006 0.9238795325112868 -6.462564617204677e-16
vn -0.3826834323650899 -0.9238795325112868 3.45402718772271e-16
vn 1.376687770816495e-8 -5.702427824485145e-9 -0.9999999999999999
vn -1.3766877708164952e-8 5.7024278244851444e-9 0.9999999999999999
vn 0.9238795325112867 -0.38268343236508984 1.490116157280378e-8
vn -0.9238795325112867 0.38268343236509 -1.4901161325419613e-8
vn 0.38268343236509034 0.9238795325112867 -1.1933030314409179e-15
vn -0.38268343236509017 -0.9238795325112866 4.934324553889589e-16
vn 1.3766877620116957e-8 -5.7024280370518155e-9 -1
vn -1.3766877728882134e-8 5.70242777446946e-9 1
vn 0.6532814929749005 -0.38268343236509 -0.6532814719014758
vn -0.6532814929749003 0.3826834323650898 0.6532814719014761
vn 0.27059805007309823 0.9238795325112867 -0.27059805007309906
vn -0.2705980500730983 -0.9238795325112866 0.2705980500730991
vn -0.7071067714518949 -5.702428088810276e-9 -0.7071067909212001
vn 0.7071067714518946 5.702428286183259e-9 0.7071067909212004
vn 0.6532814929749007 -0.3826834323650901 -0.6532814719014756
vn -0.6532814929749003 0.3826834323650898 0.6532814719014761
vn 0.2705980500730985 0.9238795325112866 -0.27059805007309906
vn -0.27059805007309873 -0.9238795325112865 0.2705980500730993
vn -0.7071067714518949 -5.702427910610663e-9 -0.7071067909212
vn 0.7071067714518943 5.702428348778687e-9 0.7071067909212007
vn 0.6532814929749003 -0.38268343236508995 -0.6532814719014761
vn -0.6532814929749003 0.38268343236509017 0.6532814719014758
vn 0.2705980500730982 0.9238795325112868 -0.27059805007309917
vn -0.27059805007309806 -0.9238795325112868 0.27059805007309917
vn -0.7071067714518947 -5.702427990123788e-9 -0.7071067909212002
vn 0.7071067714518943 5.702428117006419e-9 0.7071067909212008
vn 0.653281492974901 -0.38268343236508995 -0.6532814719014753
vn -0.6532814929749011 0.3826834323650898 0.6532814719014752
vn 0.2705980500730987 0.9238795325112868 -0.2705980500730982
vn -0.27059805007309856 -0.9238795325112866 0.27059805007309934
vn -0.7071067714518947 -5.702427946137808e-9 -0.7071067909212002
vn 0.7071067714518948 5.702427946137808e-9 0.7071067909212001
vn -1.4901161532201343e-8 -0.3826834323650893 -0.9238795325112868
vn 1.490116137234879e-8 0.3826834323650893 0.9238795325112868
vn -7.073569054379708e-17 0.9238795325112868 -0.3826834323650896
vn 0 -0.923879532511287 0.3826834323650896
vn -0.9999999999999999 5.702427668186113e-9 1.3766877772906123e-8
vn 0.9999999999999999 -5.702427511887092e-9 -1.3766877837647297e-8
vn -1.4901161572803778e-8 -0.3826834323650897 -0.9238795325112868
vn 1.490116137234878e-8 0.3826834323650895 0.9238795325112867
vn -1.2738421438204346e-16 0.923879532511287 -0.38268343236508934
vn 0 -0.9238795325112867 0.38268343236508995
vn -1 5.702427511887095e-9 1.376687783764729e-8
vn 1 -5.702427511887094e-9 -1.3766877837647287e-8
vn -1.4901161644985904e-8 -0.3826834323650892 -0.9238795325112868
vn 1.4901161509110437e-8 0.38268343236508934 0.9238795325112868
vn -1.2738421879367365e-16 0.9238795325112868 -0.38268343236508956
vn 0 -0.9238795325112868 0.3826834323650895
vn -0.9999999999999999 5.702427625184151e-9 1.37668781111706e-8
vn 0.9999999999999999 -5.702427511887097e-9 -1.3766877837647307e-8
vn -1.4901161383325714e-8 -0.38268343236508945 -0.923879532511287
vn 1.490116137234879e-8 0.38268343236508956 0.9238795325112867
vn -1.4087158617562292e-17 0.9238795325112871 -0.3826834323650894
vn 9.868649107779161e-17 -0.923879532511287 0.3826834323650896
vn -1 5.702427738481209e-9 1.3766878384693889e-8
vn 1 -5.7024275118870976e-9 -1.3766877837647312e-8
vn -0.6532814929749013 -0.3826834323650893 -0.6532814719014753
vn 0.6532814929749012 0.3826834323650894 0.6532814719014753
vn -0.27059805007309856 0.923879532511287 -0.27059805007309795
vn 0.27059805007309845 -0.9238795325112871 0.2705980500730982
vn -0.7071067714518943 5.7024277081623844e-9 0.7071067909212008
vn 0.7071067714518943 -5.702427701113348e-9 -0.7071067909212008
vn -0.6532814929749013 -0.3826834323650896 -0.6532814719014752
vn 0.6532814929749013 0.3826834323650894 0.6532814719014755
vn -0.2705980500730988 0.9238795325112868 -0.27059805007309806
vn 0.270598050073099 -0.9238795325112868 0.27059805007309834
vn -0.7071067714518938 5.702427697447841e-9 0.707106790921201
vn 0.707106771451894 -5.702427638235946e-9 -0.7071067909212009
vn -0.6532814929749013 -0.38268343236508945 -0.6532814719014752
vn 0.6532814929749015 0.3826834323650894 0.6532814719014753
vn -0.2705980500730988 0.9238795325112868 -0.27059805007309806
vn 0.2705980500730985 -0.9238795325112871 0.270598050073098
vn -0.7071067714518939 5.7024277081623844e-9 0.707106790921201
vn 0.707106771451894 -5.702427567181681e-9 -0.7071067909212009
vn -0.6532814929749015 -0.3826834323650894 -0.6532814719014753
vn 0.6532814929749013 0.38268343236508934 0.6532814719014752
vn -0.27059805007309884 0.9238795325112868 -0.2705980500730981
vn 0.27059805007309884 -0.9238795325112868 0.2705980500730981
vn -0.7071067714518942 5.70242770929023e-9 0.7071067909212009
vn 0.7071067714518942 -5.70242770929023e-9 -0.7071067909212009
usemtl m_3c1d3992-7f85-f4ea-98ed-9db38b3ad20c
f 11/25/7 10/26/7 9/27/7 12/28/7
f 15/29/8 14/30/8 13/31/8 16/32/8
f 15/33/9 10/34/9 11/35/9 14/36/9
f 13/37/10 12/38/10 9/39/10 16/40/10
f 14/41/11 11/42/11 12/43/11 13/44/11
f 10/45/12 15/46/12 16/47/12 9/48/12
f 19/49/13 18/50/13 17/51/13 20/52/13
f 23/53/14 22/54/14 21/55/14 24/56/14
f 23/57/15 18/58/15 19/59/15 22/60/15
f 21/61/16 20/62/16 17/63/16 24/64/16
f 22/65/17 19/66/17 20/67/17 21/68/17
f 18/69/18 23/70/18 24/71/18 17/72/18
f 27/73/19 26/74/19 25/75/19 28/76/19
f 30/77/20 29/78/20 26/79/20 27/80/20
f 27/81/21 28/82/21 31/83/21 32/84/21
f 34/85/22 33/86/22 29/87/22 30/88/22
f 30/89/23 27/90/23 32/91/23 35/92/23
f 37/93/24 36/94/24 33/95/24 34/96/24
f 34/97/25 30/98/25 35/99/25 38/100/25
f 40/101/26 39/102/26 36/103/26 37/104/26
f 37/105/27 34/106/27 38/107/27 41/108/27
f 43/109/28 42/110/28 39/111/28 40/112/28
f 40/113/29 37/114/29 41/115/29 44/116/29
f 46/117/30 45/118/30 42/119/30 43/120/30
f 43/121/31 40/122/31 44/123/31 47/124/31
f 28/125/32 25/126/32 45/127/32 46/128/32
f 46/129/33 43/130/33 47/131/33 48/132/33
f 28/133/34 46/134/34 48/135/34 31/136/34
f 48/137/35 49/138/35 31/139/35
f 47/140/36 49/141/36 48/142/36
f 44/143/37 49/144/37 47/145/37
f 41/146/38 49/147/38 44/148/38
f 51/149/39 50/150/39 52/151/39
f 52/152/40 50/153/40 53/154/40
f 53/155/41 50/156/41 54/157/41
f 38/158/42 49/159/42 41/160/42
f 55/161/43 50/162/43 56/163/43
f 54/164/44 50/165/44 55/166/44
f 56/167/45 50/168/45 57/169/45
f 57/170/46 50/171/46 58/172/46
f 35/173/47 49/174/47 38/175/47
f 26/176/48 29/177/48 58/178/48 51/179/48
f 58/180/49 50/181/49 51/182/49
f 29/183/50 33/184/50 57/185/50 58/186/50
f 33/187/51 36/188/51 56/189/51 57/190/51
f 32/191/52 49/192/52 35/193/52
f 39/194/53 42/195/53 54/196/53 55/197/53
f 36/198/54 39/199/54 55/200/54 56/201/54
f 42/202/55 45/203/55 53/204/55 54/205/55
f 45/206/56 25/207/56 52/208/56 53/209/56
f 31/210/57 49/211/57 32/212/57
f 25/213/58 26/214/58 51/215/58 52/216/58
f 61/217/59 60/218/59 59/219/59 62/220/59
f 65/221/60 64/222/60 63/223/60 66/224/60
f 65/225/61 60/226/61 61/227/61 64/228/61
f 63/229/62 62/230/62 59/231/62 66/232/62
f 64/233/63 61/234/63 62/235/63 63/236/63
f 60/237/64 65/238/64 66/239/64 59/240/64
f 69/241/65 68/242/65 67/243/65 70/244/65
f 73/245/66 72/246/66 71/247/66 74/248/66
f 73/249/67 68/250/67 69/251/67 72/252/67
f 71/253/68 70/254/68 67/255/68 74/256/68
f 72/257/69 69/258/69 70/259/69 71/260/69
f 68/261/70 73/262/70 74/263/70 67/264/70
f 77/265/71 76/266/71 75/267/71 78/268/71
f 81/269/72 80/270/72 79/271/72 82/272/72
f 81/273/73 76/274/73 77/275/73 80/276/73
f 79/277/74 78/278/74 75/279/74 82/280/74
f 80/281/75 77/282/75 78/283/75 79/284/75
f 76/285/76 81/286/76 82/287/76 75/288/76
f 85/289/77 84/290/77 83/291/77 86/292/77
f 89/293/78 88/294/78 87/295/78 90/296/78
f 89/297/79 84/298/79 85/299/79 88/300/79
f 87/301/80 86/302/80 83/303/80 90/304/80
f 88/305/81 85/306/81 86/307/81 87/308/81
f 84/309/82 89/310/82 90/311/82 83/312/82
f 93/313/83 92/314/83 91/315/83 94/316/83
f 97/317/84 96/318/84 95/319/84 98/320/84
f 97/321/85 92/322/85 93/323/85 96/324/85
f 95/325/86 94/326/86 91/327/86 98/328/86
f 96/329/87 93/330/87 94/331/87 95/332/87
f 92/333/88 97/334/88 98/335/88 91/336/88
f 101/337/89 100/338/89 99/339/89 102/340/89
f 105/341/90 104/342/90 103/343/90 106/344/90
f 105/345/91 100/346/91 101/347/91 104/348/91
f 103/349/92 102/350/92 99/351/92 106/352/92
f 104/353/93 101/354/93 102/355/93 103/356/93
f 100/357/94 105/358/94 106/359/94 99/360/94
f 109/361/95 108/362/95 107/363/95 110/364/95
f 113/365/96 112/366/96 111/367/96 114/368/96
f 113/369/97 108/370/97 109/371/97 112/372/97
f 111/373/98 110/374/98 107/375/98 114/376/98
f 112/377/99 109/378/99 110/379/99 111/380/99
f 108/381/100 113/382/100 114/383/100 107/384/100
f 116/385/101 115/386/101 117/387/101
f 118/388/102 115/389/102 116/390/102 119/391/102
f 118/392/103 119/393/103 120/394/103
f 115/395/104 121/396/104 117/397/104
f 122/398/105 121/399/105 115/400/105 118/401/105
f 122/402/106 118/403/106 120/404/106
f 121/405/107 123/406/107 117/407/107
f 124/408/108 123/409/108 121/410/108 122/411/108
f 124/412/109 122/413/109 120/414/109
f 123/415/110 125/416/110 117/417/110
f 126/418/111 125/419/111 123/420/111 124/421/111
f 126/422/112 124/423/112 120/424/112
f 125/425/113 127/426/113 117/427/113
f 128/428/114 127/429/114 125/430/114 126/431/114
f 128/432/115 126/433/115 120/434/115
f 127/435/116 129/436/116 117/437/116
f 130/438/117 129/439/117 127/440/117 128/441/117
f 130/442/118 128/443/118 120/444/118
f 129/445/119 131/446/119 117/447/119
f 132/448/120 131/449/120 129/450/120 130/451/120
f 132/452/121 130/453/121 120/454/121
f 131/455/122 116/456/122 117/457/122
f 119/458/123 116/459/123 131/460/123 132/461/123
f 119/462/124 132/463/124 120/464/124
f 135/465/125 134/466/125 133/467/125 136/468/125
f 139/469/126 138/470/126 137/471/126 140/472/126
f 134/473/127 139/474/127 140/475/127 133/476/127
f 138/477/128 135/478/128 136/479/128 137/480/128
f 142/481/129 141/482/129 134/483/129 135/484/129
f 144/485/130 143/486/130 138/487/130 139/488/130
f 141/489/131 144/490/131 139/491/131 134/492/131
f 143/493/132 142/494/132 135/495/132 138/496/132
f 146/497/133 145/498/133 141/499/133 142/500/133
f 148/501/134 147/502/134 143/503/134 144/504/134
f 145/505/135 148/506/135 144/507/135 141/508/135
f 147/509/136 146/510/136 142/511/136 143/512/136
f 150/513/137 149/514/137 145/515/137 146/516/137
f 152/517/138 151/518/138 147/519/138 148/520/138
f 149/521/139 152/522/139 148/523/139 145/524/139
f 151/525/140 150/526/140 146/527/140 147/528/140
f 154/529/141 153/530/141 149/531/141 150/532/141
f 156/533/142 155/534/142 151/535/142 152/536/142
f 153/537/143 156/538/143 152/539/143 149/540/143
f 155/541/144 154/542/144 150/543/144 151/544/144
f 158/545/145 157/546/145 153/547/145 154/548/145
f 160/549/146 159/550/146 155/551/146 156/552/146
f 157/553/147 160/554/147 156/555/147 153/556/147
f 159/557/148 158/558/148 154/559/148 155/560/148
f 162/561/149 161/562/149 157/563/149 158/564/149
f 164/565/150 163/566/150 159/567/150 160/568/150
f 161/569/151 164/570/151 160/571/151 157/572/151
f 163/573/152 162/574/152 158/575/152 159/576/152
f 136/577/153 133/578/153 161/579/153 162/580/153
f 140/581/154 137/582/154 163/583/154 164/584/154
f 133/585/155 140/586/155 164/587/155 161/588/155
f 137/589/156 136/590/156 162/591/156 163/592/156
f 167/593/157 166/594/157 165/595/157 168/596/157
f 171/597/158 170/598/158 169/599/158 172/600/158
f 166/601/159 171/602/159 172/603/159 165/604/159
f 170/605/160 167/606/160 168/607/160 169/608/160
f 174/609/161 173/610/161 166/611/161 167/612/161
f 176/613/162 175/614/162 170/615/162 171/616/162
f 173/617/163 176/618/163 171/619/163 166/620/163
f 175/621/164 174/622/164 167/623/164 170/624/164
f 178/625/165 177/626/165 173/627/165 174/628/165
f 180/629/166 179/630/166 175/631/166 176/632/166
f 177/633/167 180/634/167 176/635/167 173/636/167
f 179/637/168 178/638/168 174/639/168 175/640/168
f 182/641/169 181/642/169 177/643/169 178/644/169
f 184/645/170 183/646/170 179/647/170 180/648/170
f 181/649/171 184/650/171 180/651/171 177/652/171
f 183/653/172 182/654/172 178/655/172 179/656/172
f 186/657/173 185/658/173 181/659/173 182/660/173
f 188/661/174 187/662/174 183/663/174 184/664/174
f 185/665/175 188/666/175 184/667/175 181/668/175
f 187/669/176 186/670/176 182/671/176 183/672/176
f 190/673/177 189/674/177 185/675/177 186/676/177
f 192/677/178 191/678/178 187/679/178 188/680/178
f 189/681/179 192/682/179 188/683/179 185/684/179
f 191/685/180 190/686/180 186/687/180 187/688/180
f 194/689/181 193/690/181 189/691/181 190/692/181
f 196/693/182 195/694/182 191/695/182 192/696/182
f 193/697/183 196/698/183 192/699/183 189/700/183
f 195/701/184 194/702/184 190/703/184 191/704/184
f 168/705/185 165/706/185 193/707/185 194/708/185
f 172/709/186 169/710/186 195/711/186 196/712/186
f 165/713/187 172/714/187 196/715/187 193/716/187
f 169/717/188 168/718/188 194/719/188 195/720/188
f 199/721/189 198/722/189 197/723/189 200/724/189
f 203/725/190 202/726/190 201/727/190 204/728/190
f 198/729/191 203/730/191 204/731/191 197/732/191
f 202/733/192 199/734/192 200/735/192 201/736/192
f 206/737/193 205/738/193 198/739/193 199/740/193
f 208/741/194 207/742/194 202/743/194 203/744/194
f 205/745/195 208/746/195 203/747/195 198/748/195
f 207/749/196 206/750/196 199/751/196 202/752/196
f 210/753/197 209/754/197 205/755/197 206/756/197
f 212/757/198 211/758/198 207/759/198 208/760/198
f 209/761/199 212/762/199 208/763/199 205/764/199
f 211/765/200 210/766/200 206/767/200 207/768/200
f 214/769/201 213/770/201 209/771/201 210/772/201
f 216/773/202 215/774/202 211/775/202 212/776/202
f 213/777/203 216/778/203 212/779/203 209/780/203
f 215/781/204 214/782/204 210/783/204 211/784/204
f 218/785/205 217/786/205 213/787/205 214/788/205
f 220/789/206 219/790/206 215/791/206 216/792/206
f 217/793/207 220/794/207 216/795/207 213/796/207
f 219/797/208 218/798/208 214/799/208 215/800/208
f 222/801/209 221/802/209 217/803/209 218/804/209
f 224/805/210 223/806/210 219/807/210 220/808/210
f 221/809/211 224/810/211 220/811/211 217/812/211
f 223/813/212 222/814/212 218/815/212 219/816/212
f 226/817/213 225/818/213 221/819/213 222/820/213
f 228/821/214 227/822/214 223/823/214 224/824/214
f 225/825/215 228/826/215 224/827/215 221/828/215
f 227/829/216 226/830/216 222/831/216 223/832/216
f 200/833/217 197/834/217 225/835/217 226/836/217
f 204/837/218 201/838/218 227/839/218 228/840/218
f 197/841/219 204/842/219 228/843/219 225/844/219
f 201/845/220 200/846/220 226/847/220 227/848/220
f 231/849/221 229/850/221 230/851/221 232/852/221
f 234/853/222 233/854/222 235/855/222 236/856/222
f 230/857/223 229/858/223 233/859/223 234/860/223
f 235/861/224 231/862/224 232/863/224 236/864/224
f 233/865/225 229/866/225 231/867/225 235/868/225
f 232/869/226 230/870/226 234/871/226 236/872/226
f 239/873/227 237/874/227 238/875/227 240/876/227
f 242/877/228 241/878/228 243/879/228 244/880/228
f 238/881/229 237/882/229 241/883/229 242/884/229
f 243/885/230 239/886/230 240/887/230 244/888/230
f 241/889/231 237/890/231 239/891/231 243/892/231
f 240/893/232 238/894/232 242/895/232 244/896/232
f 247/897/233 245/898/233 246/899/233 248/900/233
f 250/901/234 249/902/234 251/903/234 252/904/234
f 246/905/235 245/906/235 249/907/235 250/908/235
f 251/909/236 247/910/236 248/911/236 252/912/236
f 249/913/237 245/914/237 247/915/237 251/916/237
f 248/917/238 246/918/238 250/919/238 252/920/238
f 255/921/239 253/922/239 254/923/239 256/924/239
f 258/925/240 257/926/240 259/927/240 260/928/240
f 254/929/241 253/930/241 257/931/241 258/932/241
f 259/933/242 255/934/242 256/935/242 260/936/242
f 257/937/243 253/938/243 255/939/243 259/940/243
f 256/941/244 254/942/244 258/943/244 260/944/244
f 263/945/245 261/946/245 262/947/245 264/948/245
f 266/949/246 265/950/246 267/951/246 268/952/246
f 262/953/247 261/954/247 265/955/247 266/956/247
f 267/957/248 263/958/248 264/959/248 268/960/248
f 265/961/249 261/962/249 263/963/249 267/964/249
f 264/965/250 262/966/250 266/967/250 268/968/250
f 271/969/251 269/970/251 270/971/251 272/972/251
f 274/973/252 273/974/252 275/975/252 276/976/252
f 270/977/253 269/978/253 273/979/253 274/980/253
f 275/981/254 271/982/254 272/983/254 276/984/254
f 273/985/255 269/986/255 271/987/255 275/988/255
f 272/989/256 270/990/256 274/991/256 276/992/256
f 279/993/257 277/994/257 278/995/257 280/996/257
f 282/997/258 281/998/258 283/999/258 284/1000/258
f 278/1001/259 277/1002/259 281/1003/259 282/1004/259
f 283/1005/260 279/1006/260 280/1007/260 284/1008/260
f 281/1009/261 277/1010/261 279/1011/261 283/1012/261
f 280/1013/262 278/1014/262 282/1015/262 284/1016/262
f 287/1017/263 285/1018/263 286/1019/263 288/1020/263
f 290/1021/264 289/1022/264 291/1023/264 292/1024/264
f 286/1025/265 285/1026/265 289/1027/265 290/1028/265
f 291/1029/266 287/1030/266 288/1031/266 292/1032/266
f 289/1033/267 285/1034/267 287/1035/267 291/1036/267
f 288/1037/268 286/1038/268 290/1039/268 292/1040/268
f 295/1041/269 293/1042/269 294/1043/269 296/1044/269
f 298/1045/270 297/1046/270 299/1047/270 300/1048/270
f 294/1049/271 293/1050/271 297/1051/271 298/1052/271
f 299/1053/272 295/1054/272 296/1055/272 300/1056/272
f 297/1057/273 293/1058/273 295/1059/273 299/1060/273
f 296/1061/274 294/1062/274 298/1063/274 300/1064/274
f 303/1065/275 301/1066/275 302/1067/275 304/1068/275
f 306/1069/276 305/1070/276 307/1071/276 308/1072/276
f 302/1073/277 301/1074/277 305/1075/277 306/1076/277
f 307/1077/278 303/1078/278 304/1079/278 308/1080/278
f 305/1081/279 301/1082/279 303/1083/279 307/1084/279
f 304/1085/280 302/1086/280 306/1087/280 308/1088/280
f 311/1089/281 309/1090/281 310/1091/281 312/1092/281
f 314/1093/282 313/1094/282 315/1095/282 316/1096/282
f 310/1097/283 309/1098/283 313/1099/283 314/1100/283
f 315/1101/284 311/1102/284 312/1103/284 316/1104/284
f 313/1105/285 309/1106/285 311/1107/285 315/1108/285
f 312/1109/286 310/1110/286 314/1111/286 316/1112/286
f 319/1113/287 317/1114/287 318/1115/287 320/1116/287
f 322/1117/288 321/1118/288 323/1119/288 324/1120/288
f 318/1121/289 317/1122/289 321/1123/289 322/1124/289
f 323/1125/290 319/1126/290 320/1127/290 324/1128/290
f 321/1129/291 317/1130/291 319/1131/291 323/1132/291
f 320/1133/292 318/1134/292 322/1135/292 324/1136/292
f 327/1137/293 325/1138/293 326/1139/293 328/1140/293
f 330/1141/294 329/1142/294 331/1143/294 332/1144/294
f 326/1145/295 325/1146/295 329/1147/295 330/1148/295
f 331/1149/296 327/1150/296 328/1151/296 332/1152/296
f 329/1153/297 325/1154/297 327/1155/297 331/1156/297
f 328/1157/298 326/1158/298 330/1159/298 332/1160/298
f 335/1161/299 333/1162/299 334/1163/299 336/1164/299
f 338/1165/300 337/1166/300 339/1167/300 340/1168/300
f 334/1169/301 333/1170/301 337/1171/301 338/1172/301
f 339/1173/302 335/1174/302 336/1175/302 340/1176/302
f 337/1177/303 333/1178/303 335/1179/303 339/1180/303
f 336/1181/304 334/1182/304 338/1183/304 340/1184/304
f 343/1185/305 341/1186/305 342/1187/305 344/1188/305
f 346/1189/306 345/1190/306 347/1191/306 348/1192/306
f 342/1193/307 341/1194/307 345/1195/307 346/1196/307
f 347/1197/308 343/1198/308 344/1199/308 348/1200/308
f 345/1201/309 341/1202/309 343/1203/309 347/1204/309
f 344/1205/310 342/1206/310 346/1207/310 348/1208/310
f 351/1209/311 349/1210/311 350/1211/311 352/1212/311
f 354/1213/312 353/1214/312 355/1215/312 356/1216/312
f 350/1217/313 349/1218/313 353/1219/313 354/1220/313
f 355/1221/314 351/1222/314 352/1223/314 356/1224/314
f 353/1225/315 349/1226/315 351/1227/315 355/1228/315
f 352/1229/316 350/1230/316 354/1231/316 356/1232/316
f 359/1233/317 357/1234/317 358/1235/317 360/1236/317
f 362/1237/318 361/1238/318 363/1239/318 364/1240/318
f 358/1241/319 357/1242/319 361/1243/319 362/1244/319
f 363/1245/320 359/1246/320 360/1247/320 364/1248/320
f 361/1249/321 357/1250/321 359/1251/321 363/1252/321
f 360/1253/322 358/1254/322 362/1255/322 364/1256/322
f 367/1257/323 365/1258/323 366/1259/323 368/1260/323
f 370/1261/324 369/1262/324 371/1263/324 372/1264/324
f 366/1265/325 365/1266/325 369/1267/325 370/1268/325
f 371/1269/326 367/1270/326 368/1271/326 372/1272/326
f 369/1273/327 365/1274/327 367/1275/327 371/1276/327
f 368/1277/328 366/1278/328 370/1279/328 372/1280/328
f 375/1281/329 373/1282/329 374/1283/329 376/1284/329
f 378/1285/330 377/1286/330 379/1287/330 380/1288/330
f 374/1289/331 373/1290/331 377/1291/331 378/1292/331
f 379/1293/332 375/1294/332 376/1295/332 380/1296/332
f 377/1297/333 373/1298/333 375/1299/333 379/1300/333
f 376/1301/334 374/1302/334 378/1303/334 380/1304/334
f 383/1305/335 381/1306/335 382/1307/335 384/1308/335
f 386/1309/336 385/1310/336 387/1311/336 388/1312/336
f 382/1313/337 381/1314/337 385/1315/337 386/1316/337
f 387/1317/338 383/1318/338 384/1319/338 388/1320/338
f 385/1321/339 381/1322/339 383/1323/339 387/1324/339
f 384/1325/340 382/1326/340 386/1327/340 388/1328/340
f 391/1329/341 389/1330/341 390/1331/341 392/1332/341
f 394/1333/342 393/1334/342 395/1335/342 396/1336/342
f 390/1337/343 389/1338/343 393/1339/343 394/1340/343
f 395/1341/344 391/1342/344 392/1343/344 396/1344/344
f 393/1345/345 389/1346/345 391/1347/345 395/1348/345
f 392/1349/346 390/1350/346 394/1351/346 396/1352/346
f 399/1353/347 397/1354/347 398/1355/347 400/1356/347
f 402/1357/348 401/1358/348 403/1359/348 404/1360/348
f 398/1361/349 397/1362/349 401/1363/349 402/1364/349
f 403/1365/350 399/1366/350 400/1367/350 404/1368/350
f 401/1369/351 397/1370/351 399/1371/351 403/1372/351
f 400/1373/352 398/1374/352 402/1375/352 404/1376/352
f 407/1377/353 405/1378/353 406/1379/353 408/1380/353
f 410/1381/354 409/1382/354 411/1383/354 412/1384/354
f 406/1385/355 405/1386/355 409/1387/355 410/1388/355
f 411/1389/356 407/1390/356 408/1391/356 412/1392/356
f 409/1393/357 405/1394/357 407/1395/357 411/1396/357
f 408/1397/358 406/1398/358 410/1399/358 412/1400/358
f 415/1401/359 413/1402/359 414/1403/359 416/1404/359
f 418/1405/360 417/1406/360 419/1407/360 420/1408/360
f 414/1409/361 413/1410/361 417/1411/361 418/1412/361
f 419/1413/362 415/1414/362 416/1415/362 420/1416/362
f 417/1417/363 413/1418/363 415/1419/363 419/1420/363
f 416/1421/364 414/1422/364 418/1423/364 420/1424/364
f 423/1425/365 421/1426/365 422/1427/365 424/1428/365
f 426/1429/366 425/1430/366 427/1431/366 428/1432/366
f 422/1433/367 421/1434/367 425/1435/367 426/1436/367
f 427/1437/368 423/1438/368 424/1439/368 428/1440/368
f 425/1441/369 421/1442/369 423/1443/369 427/1444/369
f 424/1445/370 422/1446/370 426/1447/370 428/1448/370
f 431/1449/371 429/1450/371 430/1451/371 432/1452/371
f 434/1453/372 433/1454/372 435/1455/372 436/1456/372
f 430/1457/373 429/1458/373 433/1459/373 434/1460/373
f 435/1461/374 431/1462/374 432/1463/374 436/1464/374
f 433/1465/375 429/1466/375 431/1467/375 435/1468/375
f 432/1469/376 430/1470/376 434/1471/376 436/1472/376
f 439/1473/377 437/1474/377 438/1475/377 440/1476/377
f 442/1477/378 441/1478/378 443/1479/378 444/1480/378
f 438/1481/379 437/1482/379 441/1483/379 442/1484/379
f 443/1485/380 439/1486/380 440/1487/380 444/1488/380
f 441/1489/381 437/1490/381 439/1491/381 443/1492/381
f 440/1493/382 438/1494/382 442/1495/382 444/1496/382
f 447/1497/383 445/1498/383 446/1499/383 448/1500/383
f 450/1501/384 449/1502/384 451/1503/384 452/1504/384
f 446/1505/385 445/1506/385 449/1507/385 450/1508/385
f 451/1509/386 447/1510/386 448/1511/386 452/1512/386
f 449/1513/387 445/1514/387 447/1515/387 451/1516/387
f 448/1517/388 446/1518/388 450/1519/388 452/1520/388
f 455/1521/389 453/1522/389 454/1523/389 456/1524/389
f 458/1525/390 457/1526/390 459/1527/390 460/1528/390
f 454/1529/391 453/1530/391 457/1531/391 458/1532/391
f 459/1533/392 455/1534/392 456/1535/392 460/1536/392
f 457/1537/393 453/1538/393 455/1539/393 459/1540/393
f 456/1541/394 454/1542/394 458/1543/394 460/1544/394
f 463/1545/395 461/1546/395 462/1547/395 464/1548/395
f 466/1549/396 465/1550/396 467/1551/396 468/1552/396
f 462/1553/397 461/1554/397 465/1555/397 466/1556/397
f 467/1557/398 463/1558/398 464/1559/398 468/1560/398
f 465/1561/399 461/1562/399 463/1563/399 467/1564/399
f 464/1565/400 462/1566/400 466/1567/400 468/1568/400
f 471/1569/401 469/1570/401 470/1571/401 472/1572/401
f 474/1573/402 473/1574/402 475/1575/402 476/1576/402
f 470/1577/403 469/1578/403 473/1579/403 474/1580/403
f 475/1581/404 471/1582/404 472/1583/404 476/1584/404
f 473/1585/405 469/1586/405 471/1587/405 475/1588/405
f 472/1589/406 470/1590/406 474/1591/406 476/1592/406
f 479/1593/407 477/1594/407 478/1595/407 480/1596/407
f 482/1597/408 481/1598/408 483/1599/408 484/1600/408
f 478/1601/409 477/1602/409 481/1603/409 482/1604/409
f 483/1605/410 479/1606/410 480/1607/410 484/1608/410
f 481/1609/411 477/1610/411 479/1611/411 483/1612/411
f 480/1613/412 478/1614/412 482/1615/412 484/1616/412
f 487/1617/413 485/1618/413 486/1619/413 488/1620/413
f 490/1621/414 489/1622/414 491/1623/414 492/1624/414
f 486/1625/415 485/1626/415 489/1627/415 490/1628/415
f 491/1629/416 487/1630/416 488/1631/416 492/1632/416
f 489/1633/417 485/1634/417 487/1635/417 491/1636/417
f 488/1637/418 486/1638/418 490/1639/418 492/1640/418
f 495/1641/419 493/1642/419 494/1643/419 496/1644/419
f 498/1645/420 497/1646/420 499/1647/420 500/1648/420
f 494/1649/421 493/1650/421 497/1651/421 498/1652/421
f 499/1653/422 495/1654/422 496/1655/422 500/1656/422
f 497/1657/423 493/1658/423 495/1659/423 499/1660/423
f 496/1661/424 494/1662/424 498/1663/424 500/1664/424
f 503/1665/425 501/1666/425 502/1667/425 504/1668/425
f 506/1669/426 505/1670/426 507/1671/426 508/1672/426
f 502/1673/427 501/1674/427 505/1675/427 506/1676/427
f 507/1677/428 503/1678/428 504/1679/428 508/1680/428
f 505/1681/429 501/1682/429 503/1683/429 507/1684/429
f 504/1685/430 502/1686/430 506/1687/430 508/1688/430
f 511/1689/431 509/1690/431 510/1691/431 512/1692/431
f 514/1693/432 513/1694/432 515/1695/432 516/1696/432
f 510/1697/433 509/1698/433 513/1699/433 514/1700/433
f 515/1701/434 511/1702/434 512/1703/434 516/1704/434
f 513/1705/435 509/1706/435 511/1707/435 515/1708/435
f 512/1709/436 510/1710/436 514/1711/436 516/1712/436
f 519/1713/437 517/1714/437 518/1715/437 520/1716/437
f 522/1717/438 521/1718/438 523/1719/438 524/1720/438
f 518/1721/439 517/1722/439 521/1723/439 522/1724/439
f 523/1725/440 519/1726/440 520/1727/440 524/1728/440
f 521/1729/441 517/1730/441 519/1731/441 523/1732/441
f 520/1733/442 518/1734/442 522/1735/442 524/1736/442
f 527/1737/443 525/1738/443 526/1739/443 528/1740/443
f 530/1741/444 529/1742/444 531/1743/444 532/1744/444
f 526/1745/445 525/1746/445 529/1747/445 530/1748/445
f 531/1749/446 527/1750/446 528/1751/446 532/1752/446
f 529/1753/447 525/1754/447 527/1755/447 531/1756/447
f 528/1757/448 526/1758/448 530/1759/448 532/1760/448
f 535/1761/449 533/1762/449 534/1763/449 536/1764/449
f 538/1765/450 537/1766/450 539/1767/450 540/1768/450
f 534/1769/451 533/1770/451 537/1771/451 538/1772/451
f 539/1773/452 535/1774/452 536/1775/452 540/1776/452
f 537/1777/453 533/1778/453 535/1779/453 539/1780/453
f 536/1781/454 534/1782/454 538/1783/454 540/1784/454
f 543/1785/455 541/1786/455 542/1787/455 544/1788/455
f 546/1789/456 545/1790/456 547/1791/456 548/1792/456
f 542/1793/457 541/1794/457 545/1795/457 546/1796/457
f 547/1797/458 543/1798/458 544/1799/458 548/1800/458
f 545/1801/459 541/1802/459 543/1803/459 547/1804/459
f 544/1805/460 542/1806/460 546/1807/460 548/1808/460